Rank,Name,Country,Student Population,Students to Staff Ratio,International Students,Female to Male Ratio,Overall Score,Teaching,Research Environment,Research Quality,Industry Impact,International Outlook,Year,GDP_per_Capita,R&D Expenditure (%),openalex_match_name,fuzzy_match_score,openalex_works,openalex_citations
1.0,University of Oxford,United Kingdom,"22,005",10.4,43%,52 : 48,98.21,97.2,100.0,97.7,99.9,96.4,2026,53246.3676145108,2.67614,University of Oxford,100.0,585808.0,61524881.0
4.0,University of Cambridge,United Kingdom,"21,045",11.3,38%,50 : 50,97.2065,96.2,99.9,97.1,87.6,96.3,2026,53246.3676145108,2.67614,University of Cambridge,100.0,442584.0,52176707.0
8.0,Imperial College London,United Kingdom,"21,340",12.1,60%,43 : 57,94.689,90.6,94.9,98.0,91.9,98.2,2026,53246.3676145108,2.67614,Imperial College London,100.0,380277.0,41075866.0
22.0,UCL,United Kingdom,"47,520",12.1,63%,60 : 40,87.4425,77.8,85.9,97.6,74.7,97.5,2026,53246.3676145108,2.67614,,,,
29.0,University of Edinburgh,United Kingdom,"35,350",11.3,49%,62 : 38,82.4895,75.7,74.7,94.8,71.0,96.2,2026,53246.3676145108,2.67614,University of Edinburgh,100.0,277647.0,25563965.0
38.0,King’s College London,United Kingdom,"34,410",12.6,52%,64 : 36,78.65749999999998,64.2,72.1,95.5,72.3,96.9,2026,53246.3676145108,2.67614,King's College London,100.0,255986.0,22153556.0
52.0,London School of Economics and Political Science,United Kingdom,"12,625",12.3,72%,57 : 43,75.4525,60.5,71.2,93.4,46.8,94.2,2026,53246.3676145108,2.67614,London School of Economics and Political Science,100.0,72300.0,2656655.0
56.0,University of Manchester,United Kingdom,"43,470",14.9,46%,57 : 43,74.9325,61.2,65.9,92.4,74.0,94.5,2026,53246.3676145108,2.67614,University of Manchester,100.0,309738.0,28020292.0
80.0,University of Bristol,United Kingdom,"29,680",14.2,35%,56 : 44,69.737,51.4,56.5,94.4,74.6,91.8,2026,53246.3676145108,2.67614,University of Bristol,100.0,211621.0,21027366.0
84.0,University of Glasgow,United Kingdom,"34,075",13.4,45%,60 : 40,68.92549999999999,50.6,52.2,95.9,73.2,95.5,2026,53246.3676145108,2.67614,University of Glasgow,100.0,190805.0,22337637.0
100.0,University of Birmingham,United Kingdom,"34,145",14.6,35%,56 : 44,66.258,47.7,48.4,93.7,74.2,94.3,2026,53246.3676145108,2.67614,University of Birmingham,100.0,214689.0,22173833.0
111.0,University of Sheffield,United Kingdom,"29,305",15.2,41%,53 : 47,65.3465,49.7,49.1,88.3,79.4,90.4,2026,53246.3676145108,2.67614,University of Sheffield,100.0,187941.0,15477356.0
118.0,University of Leeds,United Kingdom,"35,600",14.4,39%,60 : 40,64.8795,48.3,50.3,87.2,71.6,93.6,2026,53246.3676145108,2.67614,University of Leeds,100.0,192679.0,13482040.0
123.0,University of Warwick,United Kingdom,"26,515",13.2,44%,50 : 50,64.1125,48.1,49.3,85.6,69.4,95.6,2026,53246.3676145108,2.67614,University of Warwick,100.0,137884.0,8879908.0
129.0,University of Southampton,United Kingdom,"24,355",14.3,46%,54 : 46,63.3345,44.6,45.4,89.6,73.1,96.1,2026,53246.3676145108,2.67614,University of Southampton,100.0,182527.0,12721070.0
137.0,Queen Mary University of London,United Kingdom,"25,135",14.3,46%,53 : 47,62.853,38.7,42.6,95.7,76.5,97.5,2026,53246.3676145108,2.67614,Queen Mary University of London,100.0,133710.0,13218240.0
144.0,University of Liverpool,United Kingdom,"26,770",13.9,33%,55 : 45,62.2175,43.5,42.0,91.2,68.0,95.0,2026,53246.3676145108,2.67614,University of Liverpool,100.0,217730.0,17382827.0
145.0,Newcastle University,United Kingdom,"26,400",15.0,28%,54 : 46,62.0815,39.8,43.2,93.0,80.0,89.5,2026,53246.3676145108,2.67614,Newcastle University,100.0,148826.0,11527407.0
146.0,University of Nottingham,United Kingdom,"35,470",15.5,28%,55 : 45,62.027,45.8,43.3,87.3,72.1,91.8,2026,53246.3676145108,2.67614,University of Nottingham,100.0,185286.0,13356293.0
156.0,University of York,United Kingdom,"20,330",14.3,29%,57 : 43,61.4895,44.1,43.9,87.5,67.6,90.6,2026,53246.3676145108,2.67614,University of York,100.0,100790.0,7377204.0
164.0,University of St Andrews,United Kingdom,"11,265",12.9,49%,59 : 41,60.9,50.6,43.3,78.2,71.9,94.4,2026,53246.3676145108,2.67614,University of St Andrews,100.0,77667.0,4639508.0
174.0,University of Exeter,United Kingdom,"29,280",15.7,29%,54 : 46,60.575,36.6,42.1,94.0,59.1,93.4,2026,53246.3676145108,2.67614,University of Exeter,100.0,115218.0,7266371.0
177.0,Durham University,United Kingdom,"21,470",13.2,34%,54 : 46,60.262,45.2,44.9,81.0,62.8,94.6,2026,53246.3676145108,2.67614,Durham University,100.0,108114.0,6709142.0
185.0,Lancaster University,United Kingdom,"16,935",14.9,34%,48 : 52,59.728,40.9,40.8,86.7,67.2,95.1,2026,53246.3676145108,2.67614,Lancaster University,100.0,83072.0,6200991.0
193.0,University of Leicester,United Kingdom,"16,435",14.5,37%,53 : 47,59.204,35.4,34.9,95.9,69.0,94.8,2026,53246.3676145108,2.67614,University of Leicester,100.0,105534.0,8091299.0
200.0,Queen’s University Belfast,United Kingdom,"21,900",17.0,49%,58 : 42,58.785,34.7,38.4,90.8,70.0,98.3,2026,53246.3676145108,2.67614,Queen's University Belfast,100.0,103515.0,6503876.0
201.0,University of Reading,United Kingdom,"15,970",15.8,31%,54 : 46,58.6515,41.7,38.1,85.2,66.9,94.2,2026,53246.3676145108,2.67614,University of Reading,100.0,87807.0,5227607.0
220.0,University of Surrey,United Kingdom,"14,440",14.4,33%,54 : 46,57.5985,36.3,34.4,89.5,71.6,96.0,2026,53246.3676145108,2.67614,University of Surrey,100.0,80461.0,4048164.0
232.0,Cardiff University,United Kingdom,"27,880",13.7,24%,59 : 41,57.1715,35.9,39.1,86.0,70.3,88.4,2026,53246.3676145108,2.67614,Cardiff University,100.0,124724.0,13083912.0
237.0,University of Sussex,United Kingdom,"18,015",16.7,37%,55 : 45,56.9305,34.3,36.0,88.9,64.8,94.8,2026,53246.3676145108,2.67614,University of Sussex,100.0,82598.0,6316056.0
249.0,University of Aberdeen,United Kingdom,"11,875",12.9,36%,58 : 42,56.40599999999999,38.0,34.8,82.3,79.6,96.4,2026,53246.3676145108,2.67614,University of Aberdeen,100.0,95383.0,7089246.0
263.0,University of Bath,United Kingdom,"17,650",17.7,29%,46 : 54,55.894,39.8,35.1,81.0,67.1,93.2,2026,53246.3676145108,2.67614,University of Bath,100.0,74482.0,4416813.0
290.0,University of East Anglia,United Kingdom,"16,240",13.2,26%,57 : 43,54.75199999999999,34.7,30.2,89.1,62.0,87.3,2026,53246.3676145108,2.67614,University of East Anglia,100.0,71448.0,5282817.0
305.0,"City St George's, University of London",United Kingdom,"20,905",17.1,41%,59 : 41,54.122,27.4,30.1,91.8,65.0,95.6,2026,53246.3676145108,2.67614,"City St George's, University of London",100.0,1986.0,4883.0
321.0,Swansea University,United Kingdom,"18,650",15.9,25%,49 : 51,53.157,30.8,30.6,87.4,58.3,88.6,2026,53246.3676145108,2.67614,Swansea University,100.0,62557.0,3417891.0
325.0,University of Dundee,United Kingdom,"15,420",19.4,36%,65 : 35,52.849,28.5,32.6,82.1,87.0,91.7,2026,53246.3676145108,2.67614,University of Dundee,100.0,62156.0,6443520.0
339.0,Loughborough University,United Kingdom,"18,345",15.4,25%,40 : 60,52.14999999999999,34.8,32.9,76.1,70.2,89.4,2026,53246.3676145108,2.67614,Loughborough University,100.0,89278.0,3647316.0
349.0,"Birkbeck, University of London",United Kingdom,"7,420",17.3,43%,57 : 43,51.717,34.2,32.2,76.0,65.5,91.6,2026,53246.3676145108,2.67614,"Birkbeck, University of London",100.0,34877.0,1769097.0
350.0,University of Essex,United Kingdom,"16,005",14.8,48%,55 : 45,51.683,30.1,30.2,81.0,61.2,97.3,2026,53246.3676145108,2.67614,University of Essex,100.0,49134.0,2050091.0
362.0,University of Strathclyde,United Kingdom,"19,085",14.3,28%,52 : 48,51.0185,37.0,35.2,66.4,79.7,90.5,2026,53246.3676145108,2.67614,University of Strathclyde,100.0,85966.0,4355371.0
414.0,Brunel University of London,United Kingdom,"15,410",18.0,53%,44 : 56,49.28750000000001,24.0,26.6,81.8,64.9,98.1,2026,53246.3676145108,2.67614,Brunel University of London,100.0,52221.0,3207433.0
420.0,"Royal Holloway, University of London",United Kingdom,"12,155",15.9,33%,57 : 43,49.111,32.3,28.9,72.2,65.1,92.5,2026,53246.3676145108,2.67614,Royal Holloway University of London,100.0,43513.0,3713976.0
427.0,Aston University,United Kingdom,"15,710",20.9,35%,47 : 53,48.841,21.7,26.2,83.6,64.6,95.7,2026,53246.3676145108,2.67614,Aston University,100.0,36457.0,1746409.0
438.0,University of Kent,United Kingdom,"15,680",17.0,28%,54 : 46,48.4195,29.5,28.4,73.2,64.4,92.6,2026,53246.3676145108,2.67614,University of Kent,100.0,54328.0,2063547.0
448.0,University of Portsmouth,United Kingdom,"22,370",15.9,36%,48 : 52,48.0605,22.0,20.1,88.7,51.1,94.5,2026,53246.3676145108,2.67614,University of Portsmouth,100.0,37281.0,2217618.0
466.0,Northumbria University,United Kingdom,"25,815",17.1,30%,54 : 46,47.274,23.6,25.5,80.5,47.8,91.4,2026,53246.3676145108,2.67614,Northumbria University,100.0,43298.0,1377164.0
471.0,Bournemouth University,United Kingdom,"15,605",19.9,24%,54 : 46,47.175,18.8,21.7,89.3,46.4,89.2,2026,53246.3676145108,2.67614,Bournemouth University,100.0,20821.0,812532.0
477.0,SOAS University of London,United Kingdom,"5,395",15.0,41%,63 : 37,46.998,38.7,34.7,59.9,38.9,79.9,2026,53246.3676145108,2.67614,SOAS University of London,100.0,15625.0,232177.0
501.0,Heriot-Watt University,United Kingdom,"9,705",15.4,44%,39 : 61,46.2545,33.4,30.3,58.8,70.3,95.5,2026,53246.3676145108,2.67614,Heriot-Watt University,100.0,34287.0,1791477.0
507.0,Bangor University,United Kingdom,"9,035",15.7,31%,59 : 41,46.039,28.3,26.0,70.3,63.2,87.1,2026,53246.3676145108,2.67614,Bangor University,100.0,36522.0,2329706.0
516.0,University of Stirling,United Kingdom,"11,725",18.9,34%,59 : 41,45.86149999999999,24.4,26.3,74.6,45.6,91.1,2026,53246.3676145108,2.67614,University of Stirling,100.0,36353.0,1854838.0
525.0,University of Hull,United Kingdom,"13,250",18.4,35%,55 : 45,45.7105,27.3,23.8,72.9,57.5,87.8,2026,53246.3676145108,2.67614,University of Hull,100.0,46455.0,2093458.0
540.0,University of Huddersfield,United Kingdom,"14,200",19.9,31%,58 : 42,45.4025,25.6,23.9,73.9,51.3,89.3,2026,53246.3676145108,2.67614,University of Huddersfield,100.0,24480.0,735012.0
553.0,University of Plymouth,United Kingdom,"16,895",17.8,22%,61 : 39,45.1,23.0,21.2,77.9,65.8,82.2,2026,53246.3676145108,2.67614,University of Plymouth,100.0,37301.0,2113210.0
557.0,Royal Veterinary College,United Kingdom,"2,305",11.0,40%,81 : 19,45.0565,31.9,21.5,66.2,64.4,93.0,2026,53246.3676145108,2.67614,Royal Veterinary College,100.0,18578.0,1133628.0
563.0,Keele University,United Kingdom,"10,370",15.4,20%,62 : 38,44.861,23.5,22.6,75.5,63.8,82.3,2026,53246.3676145108,2.67614,Keele University,100.0,42886.0,2280254.0
568.0,Liverpool John Moores University,United Kingdom,"24,415",18.1,16%,57 : 43,44.705,19.7,19.7,83.8,51.2,79.9,2026,53246.3676145108,2.67614,Liverpool John Moores University,100.0,37607.0,1984663.0
569.0,University of Bradford,United Kingdom,"11,775",22.0,47%,56 : 44,44.6865,21.4,21.4,76.1,58.5,93.3,2026,53246.3676145108,2.67614,University of Bradford,100.0,34385.0,1396113.0
575.0,"Goldsmiths, University of London",United Kingdom,"8,195",13.8,48%,69 : 31,44.506,28.2,23.5,71.2,48.8,80.8,2026,53246.3676145108,2.67614,Goldsmiths University of London,100.0,15817.0,585912.0
604.0,Middlesex University,United Kingdom,"14,860",19.8,49%,59 : 41,43.6105,22.4,18.7,76.1,45.3,92.5,2026,53246.3676145108,2.67614,Middlesex University,100.0,18239.0,850132.0
611.0,Nottingham Trent University,United Kingdom,"36,005",15.0,25%,54 : 46,43.4215,20.8,14.1,83.3,38.1,89.1,2026,53246.3676145108,2.67614,Nottingham Trent University,100.0,30561.0,1100323.0
616.0,University of Greenwich,United Kingdom,"22,915",22.4,54%,57 : 43,43.30349999999999,17.6,16.5,81.6,39.1,97.1,2026,53246.3676145108,2.67614,University of Greenwich,100.0,20482.0,762735.0
620.0,Manchester Metropolitan University,United Kingdom,"33,935",18.1,22%,58 : 42,43.214,20.8,19.5,78.3,42.7,83.0,2026,53246.3676145108,2.67614,Manchester Metropolitan University,100.0,35863.0,1400005.0
624.0,Anglia Ruskin University (ARU),United Kingdom,"28,065",27.2,49%,62 : 38,42.9605,18.5,14.6,83.6,34.1,91.0,2026,53246.3676145108,2.67614,Anglia Ruskin University,92.0,16748.0,596552.0
646.0,University of Lincoln,United Kingdom,"15,645",15.0,24%,58 : 42,42.45399999999999,20.5,18.5,77.2,34.1,86.9,2026,53246.3676145108,2.67614,University of Lincoln,100.0,17680.0,530218.0
650.0,Ulster University,United Kingdom,"24,440",23.3,29%,55 : 45,42.345,22.8,22.8,65.7,54.3,95.0,2026,53246.3676145108,2.67614,University of Ulster,92.0,60911.0,3450865.0
674.0,Edinburgh Napier University,United Kingdom,"14,615",21.8,21%,55 : 45,41.886,17.5,19.7,75.3,41.2,90.3,2026,53246.3676145108,2.67614,Edinburgh Napier University,100.0,17639.0,688697.0
685.0,Coventry University,United Kingdom,"30,640",14.6,58%,50 : 50,41.677,21.6,15.1,73.5,44.9,94.4,2026,53246.3676145108,2.67614,Coventry University,100.0,29061.0,934981.0
686.0,Aberystwyth University,United Kingdom,"6,330",15.1,21%,52 : 48,41.66,26.9,22.2,61.9,62.1,83.1,2026,53246.3676145108,2.67614,Aberystwyth University,100.0,27494.0,1613041.0
713.0,London South Bank University,United Kingdom,"14,425",15.9,40%,55 : 45,41.024,18.5,13.0,75.6,48.1,95.9,2026,53246.3676145108,2.67614,London South Bank University,100.0,14957.0,437476.0
716.0,University of Hertfordshire,United Kingdom,"27,285",19.5,61%,47 : 53,40.8465,18.2,13.2,76.5,44.8,92.1,2026,53246.3676145108,2.67614,University of Hertfordshire,100.0,32498.0,1606694.0
725.0,University of the West of Scotland,United Kingdom,"16,955",24.9,39%,60 : 40,40.6265,19.5,15.5,69.7,66.1,91.0,2026,53246.3676145108,2.67614,University of the West of Scotland,100.0,13426.0,771997.0
732.0,SRUC (Scotland’s Rural College),United Kingdom,"1,400",4.3,9%,65 : 35,40.4,25.2,14.9,75.4,28.0,65.4,2026,53246.3676145108,2.67614,Scotland's Rural College,91.0,6789.0,276775.0
747.0,UWE Bristol (University of the West of England),United Kingdom,"30,220",16.4,29%,52 : 48,40.228,18.8,14.6,73.3,59.2,81.2,2026,53246.3676145108,2.67614,University of the West of England,85.0,27907.0,1321357.0
751.0,De Montfort University,United Kingdom,"23,655",20.6,47%,48 : 52,40.111,17.7,16.4,70.5,50.4,92.9,2026,53246.3676145108,2.67614,De Montfort University,100.0,23139.0,704595.0
752.0,London Metropolitan University,United Kingdom,"12,395",28.2,64%,64 : 36,40.10849999999999,16.6,14.4,76.6,30.2,91.3,2026,53246.3676145108,2.67614,London Metropolitan University,100.0,14343.0,316317.0
760.0,Teesside University,United Kingdom,"18,820",21.0,42%,56 : 44,39.8785,20.6,14.3,72.9,29.8,87.9,2026,53246.3676145108,2.67614,Teesside University,100.0,14312.0,425378.0
786.0,University of Brighton,United Kingdom,"14,840",16.8,23%,61 : 39,39.43599999999999,19.9,19.3,63.4,64.9,84.7,2026,53246.3676145108,2.67614,University of Brighton,100.0,19670.0,723388.0
793.0,University of Derby,United Kingdom,"15,820",14.6,26%,61 : 39,39.293,19.0,14.1,74.0,34.6,80.2,2026,53246.3676145108,2.67614,University of Derby,100.0,11781.0,329663.0
819.0,Oxford Brookes University,United Kingdom,"13,930",13.6,30%,56 : 44,38.636,26.9,23.1,53.9,30.6,88.1,2026,53246.3676145108,2.67614,Oxford Brookes University,100.0,23407.0,891990.0
822.0,Leeds Beckett University,United Kingdom,"19,825",17.0,23%,54 : 46,38.572500000000005,19.2,15.9,69.2,48.0,74.9,2026,53246.3676145108,2.67614,Leeds Beckett University,100.0,17256.0,515044.0
828.0,Robert Gordon University,United Kingdom,"11,720",22.1,33%,64 : 36,38.43,17.3,13.9,69.9,39.2,90.1,2026,53246.3676145108,2.67614,Robert Gordon University,100.0,10731.0,400013.0
851.0,University of Salford,United Kingdom,"22,475",20.9,30%,56 : 44,38.007000000000005,19.0,14.8,64.9,57.0,84.8,2026,53246.3676145108,2.67614,University of Salford,100.0,39218.0,1407705.0
875.0,University of Westminster,United Kingdom,"19,530",20.0,51%,59 : 41,37.673,19.0,16.5,63.1,48.7,85.4,2026,53246.3676145108,2.67614,University of Westminster,100.0,18292.0,519131.0
913.0,Glasgow Caledonian University,United Kingdom,"17,335",25.9,30%,57 : 43,36.9795,17.8,15.2,63.7,48.7,83.5,2026,53246.3676145108,2.67614,Glasgow Caledonian University,100.0,17299.0,768781.0
946.0,University of Roehampton,United Kingdom,"11,170",30.2,61%,57 : 43,36.4065,18.9,22.8,55.0,27.6,88.2,2026,53246.3676145108,2.67614,University of Roehampton,100.0,10438.0,288892.0
952.0,Birmingham City University,United Kingdom,"27,055",18.5,31%,62 : 38,36.297,17.9,13.4,65.5,25.2,86.3,2026,53246.3676145108,2.67614,Birmingham City University,100.0,15426.0,379311.0
965.0,University of Wolverhampton,United Kingdom,"13,835",17.9,28%,64 : 36,36.1045,20.3,15.6,59.3,47.3,78.8,2026,53246.3676145108,2.67614,University of Wolverhampton,100.0,15646.0,559883.0
971.0,The Open University,United Kingdom,"70,690",22.7,9%,67 : 33,36.0305,17.8,14.3,67.0,48.0,61.5,2026,53246.3676145108,2.67614,The Open University,100.0,50893.0,2187585.0
976.0,Sheffield Hallam University,United Kingdom,"29,535",19.0,23%,55 : 45,35.935,18.0,14.1,65.5,34.9,73.2,2026,53246.3676145108,2.67614,Sheffield Hallam University,100.0,23564.0,760906.0
992.0,Kingston University,United Kingdom,"15,980",20.2,44%,60 : 40,35.6135,20.4,15.4,54.6,48.3,90.9,2026,53246.3676145108,2.67614,Kingston University,100.0,13200.0,542620.0
1064.0,University of Lancashire,United Kingdom,"21,550",15.3,35%,58 : 42,34.3055,18.7,13.4,57.2,38.7,82.6,2026,53246.3676145108,2.67614,University of Lancashire,100.0,18945.0,828852.0
1076.0,University of East London,United Kingdom,"18,135",28.6,57%,49 : 51,34.0995,23.6,15.3,49.5,32.2,87.5,2026,53246.3676145108,2.67614,University of East London,100.0,12457.0,359232.0
1092.0,Edge Hill University,United Kingdom,"11,925",15.7,9%,71 : 29,33.866,18.5,14.2,62.2,30.7,58.7,2026,53246.3676145108,2.67614,Edge Hill University,100.0,10271.0,208726.0
1095.0,University of Bedfordshire,United Kingdom,"12,295",25.1,68%,61 : 39,33.808,18.1,14.0,55.3,32.9,86.7,2026,53246.3676145108,2.67614,University of Bedfordshire,100.0,10494.0,381256.0
1102.0,University of Gloucestershire,United Kingdom,"7,140",15.5,20%,60 : 40,33.6845,18.5,14.2,58.7,27.1,72.2,2026,53246.3676145108,2.67614,University of Gloucestershire,100.0,5758.0,179653.0
1129.0,Cardiff Metropolitan University,United Kingdom,"11,975",19.5,29%,52 : 48,33.2545,20.7,14.4,51.3,26.8,86.8,2026,53246.3676145108,2.67614,Cardiff Metropolitan University,100.0,11118.0,442613.0
1131.0,York St John University,United Kingdom,"8,150",20.6,30%,62 : 38,33.197,17.3,15.4,60.1,16.0,66.1,2026,53246.3676145108,2.67614,York St John University,100.0,5463.0,79732.0
1255.0,University of West London,United Kingdom,"16,885",21.9,61%,53 : 47,31.156,15.4,10.5,53.3,20.7,90.0,2026,53246.3676145108,2.67614,University of West London,100.0,6010.0,159164.0
1353.0,Canterbury Christ Church University,United Kingdom,"23,395",38.4,55%,57 : 43,29.4325,18.0,13.5,46.3,19.0,74.1,2026,53246.3676145108,2.67614,Canterbury Christ Church University,100.0,8809.0,193314.0
1365.0,University of Staffordshire,United Kingdom,"15,275",23.0,22%,49 : 51,29.2325,16.3,12.3,48.0,23.8,73.4,2026,53246.3676145108,2.67614,University of Staffordshire,100.0,11441.0,344448.0
1377.0,University of Winchester,United Kingdom,"7,060",16.0,12%,66 : 34,29.001,19.0,15.4,45.4,18.0,61.2,2026,53246.3676145108,2.67614,University of Winchester,100.0,6136.0,93103.0
1484.0,University of South Wales,United Kingdom,"17,530",16.7,31%,52 : 48,27.459,18.2,11.7,35.7,52.3,78.6,2026,53246.3676145108,2.67614,University of South Wales,100.0,14393.0,481104.0
1527.0,University of Northampton,United Kingdom,"14,775",21.7,46%,63 : 37,26.83,16.1,11.0,40.4,18.7,80.3,2026,53246.3676145108,2.67614,University of Northampton,100.0,6793.0,163079.0
1557.0,Liverpool Hope University,United Kingdom,"5,015",16.7,18%,62 : 38,26.2345,19.5,16.8,30.2,19.0,77.2,2026,53246.3676145108,2.67614,Liverpool Hope University,100.0,4834.0,82354.0
1600.0,University of Sunderland,United Kingdom,"15,945",14.4,53%,59 : 41,25.6055,19.3,9.6,34.6,33.7,72.0,2026,53246.3676145108,2.67614,University of Sunderland,100.0,8266.0,238968.0
1628.0,University of Worcester,United Kingdom,"7,725",18.2,18%,72 : 28,25.2785,17.1,12.0,37.9,23.6,59.2,2026,53246.3676145108,2.67614,University of Worcester,100.0,7166.0,172075.0
1634.0,University of Chester,United Kingdom,"11,380",18.4,28%,66 : 34,25.233,19.8,12.9,31.0,27.9,69.8,2026,53246.3676145108,2.67614,University of Chester,100.0,9097.0,299012.0
1675.0,University of the Arts London,United Kingdom,"20,785",11.4,59%,76 : 24,24.422,23.9,11.8,25.4,19.3,74.1,2026,53246.3676145108,2.67614,University of the Arts London,100.0,5651.0,43981.0
2.0,Massachusetts Institute of Technology,United States,"11,703",7.7,33%,43 : 57,97.6735,99.2,95.3,99.6,100.0,91.9,2026,84534.0407841548,3.44716,Massachusetts Institute of Technology,100.0,342736.0,63248087.0
3.0,Princeton University,United States,"8,739",8.2,23%,47 : 53,97.211,98.2,97.3,99.0,98.0,85.4,2026,84534.0407841548,3.44716,Princeton University,100.0,210403.0,26346295.0
5.0,Stanford University,United States,"17,422",5.9,25%,48 : 52,97.151,97.5,97.4,99.5,100.0,83.9,2026,84534.0407841548,3.44716,Stanford University,100.0,520733.0,85215588.0
6.0,Harvard University,United States,"22,680",10.1,27%,53 : 47,97.051,95.9,100.0,98.9,86.7,88.3,2026,84534.0407841548,3.44716,Harvard University,100.0,697049.0,142148860.0
7.0,California Institute of Technology,United States,"2,401",6.7,33%,39 : 61,96.3165,96.4,97.4,96.8,100.0,87.9,2026,84534.0407841548,3.44716,California Institute of Technology,100.0,241178.0,35628458.0
9.0,"University of California, Berkeley",United States,"42,565",18.4,25%,53 : 47,94.406,87.3,99.0,98.9,99.5,83.9,2026,84534.0407841548,3.44716,"University of California, Berkeley",100.0,444456.0,55038556.0
10.0,Yale University,United States,"14,884",6.2,24%,53 : 47,94.081,94.6,94.5,97.2,87.6,81.4,2026,84534.0407841548,3.44716,Yale University,100.0,405339.0,50538926.0
14.0,University of Pennsylvania,United States,"22,422",6.6,26%,55 : 45,90.80249999999998,88.1,90.3,96.1,97.9,78.4,2026,84534.0407841548,3.44716,University of Pennsylvania,100.0,372729.0,52995999.0
15.0,The University of Chicago,United States,"16,509",5.9,39%,47 : 53,90.6345,89.6,90.1,96.8,76.4,79.7,2026,84534.0407841548,3.44716,University of Chicago,91.0,290207.0,33734168.0
16.0,Johns Hopkins University,United States,"21,275",5.6,34%,54 : 46,90.06049999999999,84.6,89.9,96.3,100.0,81.9,2026,84534.0407841548,3.44716,Johns Hopkins University,100.0,489948.0,74288962.0
18.0,"University of California, Los Angeles",United States,"44,700",9.8,15%,57 : 43,89.48599999999999,86.0,91.4,95.6,93.5,69.2,2026,84534.0407841548,3.44716,"University of California, Los Angeles",100.0,407433.0,50590104.0
19.0,Cornell University,United States,"25,673",10.6,26%,53 : 47,89.45899999999999,85.9,90.6,95.9,70.3,83.5,2026,84534.0407841548,3.44716,Cornell University,100.0,464856.0,54775365.0
20.0,Columbia University,United States,"30,580",5.6,42%,,89.4025,87.8,87.8,95.9,74.8,83.7,2026,84534.0407841548,3.44716,Columbia University,100.0,382621.0,46170518.0
23.0,University of Michigan-Ann Arbor,United States,"48,449",8.4,19%,52 : 48,86.9295,85.7,87.3,93.8,81.4,65.8,2026,84534.0407841548,3.44716,University of Michigan–Dearborn,89.0,10402.0,351540.0
24.0,Carnegie Mellon University,United States,"16,257",13.0,50%,44 : 56,84.959,72.7,83.0,99.0,85.5,84.3,2026,84534.0407841548,3.44716,Carnegie Mellon University,100.0,156392.0,16252520.0
25.0,University of Washington,United States,"49,524",9.5,18%,57 : 43,83.71649999999998,77.0,80.0,97.6,81.6,70.1,2026,84534.0407841548,3.44716,University of Washington,100.0,515570.0,92526116.0
28.0,Duke University,United States,"17,871",4.4,25%,55 : 45,82.9195,78.7,74.2,95.4,100.0,74.2,2026,84534.0407841548,3.44716,Duke University,100.0,263852.0,28907975.0
30.0,Northwestern University,United States,"20,611",8.2,24%,54 : 46,81.86900000000001,73.2,76.0,96.9,96.0,71.0,2026,84534.0407841548,3.44716,Northwestern University,100.0,256399.0,34724916.0
32.0,New York University,United States,"48,973",9.0,46%,59 : 41,81.61149999999999,74.6,78.5,94.3,74.8,74.1,2026,84534.0407841548,3.44716,New York University,100.0,272702.0,26244157.0
42.0,Georgia Institute of Technology,United States,"33,325",28.3,32%,34 : 66,77.11449999999999,60.8,75.8,90.4,99.1,81.5,2026,84534.0407841548,3.44716,Georgia Institute of Technology,100.0,193749.0,17615397.0
43.0,University of Illinois at Urbana-Champaign,United States,"50,640",18.9,23%,47 : 53,77.072,67.9,80.7,85.3,84.4,62.3,2026,84534.0407841548,3.44716,University of Illinois Urbana-Champaign,96.0,327204.0,31663032.0
47.0,"University of California, San Diego",United States,"40,586",9.8,23%,51 : 49,76.5385,66.4,63.7,97.1,100.0,71.3,2026,84534.0407841548,3.44716,University of California San Diego,100.0,350645.0,49328481.0
50.0,University of Texas at Austin,United States,"51,158",17.0,10%,56 : 44,75.828,67.8,76.0,90.1,82.3,46.2,2026,84534.0407841548,3.44716,The University of Texas at Austin,94.0,350461.0,23181267.0
54.0,University of Wisconsin-Madison,United States,"45,254",10.7,15%,,75.0445,70.3,68.8,88.0,82.6,62.0,2026,84534.0407841548,3.44716,University of Wisconsin–Madison,100.0,368901.0,42054292.0
64.0,"University of California, Davis",United States,"38,565",13.6,22%,58 : 42,72.81899999999999,63.9,66.4,84.9,86.5,77.1,2026,84534.0407841548,3.44716,"University of California, Davis",100.0,295640.0,28894854.0
65.0,Brown University,United States,"10,887",10.3,22%,,72.58650000000002,70.0,61.0,87.4,69.6,69.9,2026,84534.0407841548,3.44716,Brown University,100.0,135866.0,14224907.0
67.0,Washington University in St Louis,United States,"15,165",8.2,28%,52 : 48,71.999,60.8,56.2,97.5,74.5,73.8,2026,84534.0407841548,3.44716,Washington University in St. Louis,100.0,251025.0,39229502.0
72.0,"University of California, Santa Barbara",United States,"25,735",22.9,18%,55 : 45,71.23949999999999,50.3,63.2,94.5,92.7,80.2,2026,84534.0407841548,3.44716,"University of California, Santa Barbara",100.0,138097.0,17527197.0
75.0,University of Southern California,United States,"42,840",13.3,27%,53 : 47,71.09349999999999,59.8,59.6,92.7,74.9,71.5,2026,84534.0407841548,3.44716,University of Southern California,100.0,270509.0,27146768.0
77.0,Boston University,United States,"29,239",11.4,33%,58 : 42,70.365,61.2,56.5,91.8,72.4,73.2,2026,84534.0407841548,3.44716,Boston University,100.0,195849.0,24119696.0
78.0,University of North Carolina at Chapel Hill,United States,"34,813",8.0,10%,61 : 39,70.27349999999998,63.8,59.6,91.3,75.9,49.9,2026,84534.0407841548,3.44716,University of North Carolina at Chapel Hill,100.0,347576.0,33832309.0
85.0,Purdue University West Lafayette,United States,"43,555",18.5,20%,43 : 57,68.7785,62.1,66.3,73.8,86.3,75.2,2026,84534.0407841548,3.44716,Purdue University West Lafayette,100.0,280766.0,19959490.0
88.0,University of Minnesota,United States,"58,751",11.9,9%,55 : 45,67.47699999999999,60.3,59.0,84.1,99.9,44.7,2026,84534.0407841548,3.44716,University of Minnesota,100.0,331127.0,35817460.0
93.0,Vanderbilt University,United States,"12,863",3.8,18%,55 : 45,66.736,53.8,48.1,95.6,91.9,60.8,2026,84534.0407841548,3.44716,Vanderbilt University,100.0,171004.0,19111722.0
97.0,"University of California, Irvine",United States,"35,079",15.3,24%,54 : 46,66.4315,47.8,52.8,91.2,98.4,76.3,2026,84534.0407841548,3.44716,"University of California, Irvine",100.0,189702.0,19732527.0
102.0,Emory University,United States,"13,652",4.0,20%,61 : 39,65.941,53.8,46.2,94.6,82.8,66.4,2026,84534.0407841548,3.44716,Emory University,100.0,224248.0,23035877.0
103.0,Rice University,United States,"8,223",10.3,31%,43 : 57,65.8395,56.7,46.8,88.1,72.9,82.6,2026,84534.0407841548,3.44716,Rice University,100.0,81319.0,10182394.0
106.0,Michigan State University,United States,"45,537",16.5,10%,53 : 47,65.709,57.1,55.9,82.7,69.9,67.3,2026,84534.0407841548,3.44716,Michigan State University,100.0,244153.0,19478869.0
108.0,Ohio State University (Main campus),United States,"54,645",9.8,12%,52 : 48,65.432,57.4,51.7,85.7,85.4,58.4,2026,84534.0407841548,3.44716,,,,
110.0,Penn State (Main campus),United States,"48,746",15.1,16%,47 : 53,65.404,54.8,61.9,80.4,70.8,57.8,2026,84534.0407841548,3.44716,,,,
112.0,University of Massachusetts,United States,"62,471",12.8,15%,51 : 49,65.27799999999999,55.0,46.6,87.9,88.6,75.0,2026,84534.0407841548,3.44716,University of Massachusetts Boston,89.0,36010.0,1950148.0
117.0,"University of Maryland, College Park",United States,"33,483",16.3,10%,50 : 50,64.95249999999999,50.4,58.3,89.1,69.5,48.9,2026,84534.0407841548,3.44716,"University of Maryland, College Park",100.0,238265.0,23642000.0
127.0,University of Rochester,United States,"10,505",8.1,36%,52 : 48,63.6135,51.8,44.5,86.3,92.0,78.1,2026,84534.0407841548,3.44716,University of Rochester,100.0,144928.0,15471817.0
135.0,University of Florida,United States,"47,815",15.5,10%,56 : 44,62.92,55.3,56.7,76.2,90.9,48.9,2026,84534.0407841548,3.44716,University of Florida,100.0,354343.0,29888658.0
140.0,University of Arizona,United States,"52,414",20.9,7%,57 : 43,62.555,48.3,52.5,86.1,80.6,53.7,2026,84534.0407841548,3.44716,University of Arizona,100.0,255911.0,22233837.0
148.0,Case Western Reserve University,United States,"11,514",9.9,26%,51 : 49,61.97,51.8,42.2,88.7,74.9,64.6,2026,84534.0407841548,3.44716,Case Western Reserve University,100.0,169534.0,16469851.0
153.0,Texas A&M University,United States,"68,486",22.6,8%,47 : 53,61.7755,52.5,57.2,73.4,73.5,63.2,2026,84534.0407841548,3.44716,Texas A&M University,100.0,240195.0,18316598.0
157.0,University of Pittsburgh-Pittsburgh campus,United States,"27,492",5.4,11%,51 : 49,61.44799999999999,49.2,43.3,92.0,76.8,49.4,2026,84534.0407841548,3.44716,,,,
160.0,University of Colorado Boulder,United States,"37,094",17.0,8%,46 : 54,61.31849999999999,47.5,51.6,84.1,77.3,53.6,2026,84534.0407841548,3.44716,University of Colorado Boulder,100.0,164378.0,18203431.0
171.0,University of Virginia (Main campus),United States,"25,795",8.8,13%,55 : 45,60.67999999999999,51.1,41.7,86.6,79.0,58.3,2026,84534.0407841548,3.44716,,,,
181.0,Dartmouth College,United States,"6,627",7.4,19%,48 : 52,60.01049999999999,56.3,38.5,81.8,72.8,63.8,2026,84534.0407841548,3.44716,Dartmouth College,100.0,87264.0,6780732.0
182.0,"University of California, Santa Cruz",United States,"19,357",23.6,10%,47 : 53,59.892,38.3,41.7,93.2,75.7,73.5,2026,84534.0407841548,3.44716,"University of California, Santa Cruz",100.0,75394.0,11653855.0
190.0,Tufts University,United States,"12,718",10.5,18%,59 : 41,59.363,51.3,34.7,88.2,76.6,61.9,2026,84534.0407841548,3.44716,Tufts University,100.0,115752.0,12582779.0
195.0,University of Notre Dame,United States,"12,781",10.5,14%,47 : 53,59.0505,52.8,45.8,73.5,72.5,69.9,2026,84534.0407841548,3.44716,University of Notre Dame,100.0,97777.0,8103217.0
199.0,Indiana University,United States,"67,529",11.5,13%,53 : 47,58.8775,47.1,36.9,87.3,85.3,62.4,2026,84534.0407841548,3.44716,Indiana University,100.0,71703.0,2759911.0
209.0,Georgetown University,United States,"17,348",9.5,19%,56 : 44,57.9985,52.2,35.3,82.1,93.0,53.5,2026,84534.0407841548,3.44716,Georgetown University,100.0,114534.0,8440128.0
213.0,Arizona State University (Tempe),United States,"52,956",18.9,17%,45 : 55,57.94,39.6,44.5,84.1,70.7,70.6,2026,84534.0407841548,3.44716,Arizona State University,89.0,193294.0,13689663.0
226.0,George Washington University,United States,"21,756",12.4,19%,61 : 39,57.349,48.5,34.3,84.4,67.8,67.5,2026,84534.0407841548,3.44716,George Washington University,100.0,115912.0,6253066.0
227.0,University of Miami,United States,"18,574",10.9,12%,54 : 46,57.34049999999999,47.3,35.5,83.8,83.3,61.6,2026,84534.0407841548,3.44716,University of Miami,100.0,167337.0,13683702.0
239.0,University of Utah,United States,"33,106",15.5,9%,50 : 50,56.90449999999999,43.4,39.2,86.5,91.4,41.7,2026,84534.0407841548,3.44716,University of Utah,100.0,218007.0,20121730.0
245.0,"Northeastern University, US",United States,"29,623",15.8,40%,53 : 47,56.612,38.4,32.4,90.5,69.2,79.6,2026,84534.0407841548,3.44716,Northeastern University,94.0,80513.0,6257573.0
250.0,University of Illinois Chicago,United States,"28,912",11.2,20%,55 : 45,56.374,50.1,35.2,80.1,76.1,57.5,2026,84534.0407841548,3.44716,University of Illinois Chicago,100.0,194232.0,16861405.0
279.0,Virginia Polytechnic Institute and State University,United States,"38,157",18.4,13%,44 : 56,55.359,41.9,41.2,77.5,76.7,63.1,2026,84534.0407841548,3.44716,,,,
282.0,Boston College,United States,"12,989",14.6,13%,55 : 45,55.165,45.8,33.1,84.0,60.0,59.4,2026,84534.0407841548,3.44716,Boston College,100.0,46584.0,3525067.0
300.0,University of Hawai’i at Mānoa,United States,"15,780",12.5,10%,59 : 41,54.30949999999999,38.9,43.0,73.7,67.6,74.0,2026,84534.0407841548,3.44716,University of Hawaiʻi at Mānoa,97.0,74345.0,5412819.0
303.0,North Carolina State University,United States,"32,549",16.5,13%,49 : 51,54.188,45.1,43.9,67.6,81.5,61.5,2026,84534.0407841548,3.44716,North Carolina State University,100.0,182211.0,11935727.0
309.0,University of Iowa,United States,"28,383",11.0,5%,55 : 45,53.7415,46.8,34.3,74.9,89.9,52.3,2026,84534.0407841548,3.44716,University of Iowa,100.0,189647.0,18351178.0
313.0,Stony Brook University,United States,"24,947",9.8,17%,54 : 46,53.5595,43.4,30.8,78.9,68.3,72.3,2026,84534.0407841548,3.44716,Stony Brook University,100.0,127903.0,13428349.0
317.0,University at Buffalo,United States,"27,152",16.4,16%,47 : 53,53.417,42.3,34.5,75.4,73.4,71.7,2026,84534.0407841548,3.44716,,,,
322.0,Rutgers University–New Brunswick,United States,"46,825",11.3,16%,53 : 47,53.14849999999999,45.3,31.4,78.4,69.1,58.6,2026,84534.0407841548,3.44716,,,,
329.0,"University of California, Riverside",United States,"25,233",19.6,16%,51 : 49,52.761500000000005,37.4,32.6,79.5,69.8,75.1,2026,84534.0407841548,3.44716,"University of California, Riverside",100.0,102672.0,10455540.0
336.0,Illinois Institute of Technology,United States,"6,734",13.6,45%,38 : 62,52.2945,41.0,26.9,77.3,92.4,73.5,2026,84534.0407841548,3.44716,Illinois Institute of Technology,100.0,34730.0,1657326.0
341.0,Florida State University,United States,"40,660",24.6,7%,58 : 42,52.082,39.0,39.5,73.8,67.3,57.2,2026,84534.0407841548,3.44716,Florida State University,100.0,109747.0,8332528.0
359.0,Oregon Health and Science University,United States,"2,877",0.8,3%,69 : 31,51.06799999999999,38.8,20.9,91.6,87.9,34.2,2026,84534.0407841548,3.44716,Oregon Health & Science University,94.0,119897.0,12067143.0
369.0,University of Colorado Denver/Anschutz Medical Campus,United States,"20,208",4.0,7%,58 : 42,50.8655,33.7,25.1,93.3,73.5,36.2,2026,84534.0407841548,3.44716,University of Colorado Anschutz Medical Campus,93.0,55346.0,4138924.0
375.0,University of Kansas,United States,"23,777",9.0,7%,54 : 46,50.63199999999999,45.4,29.8,70.7,79.3,56.2,2026,84534.0407841548,3.44716,University of Kansas,100.0,114122.0,7677594.0
383.0,University of South Florida,United States,"40,449",18.0,16%,,50.3245,33.6,35.5,71.0,99.5,64.5,2026,84534.0407841548,3.44716,University of South Florida,100.0,128942.0,7855736.0
391.0,University of Georgia (USA),United States,"38,946",15.4,7%,59 : 41,50.126000000000005,41.5,38.3,67.4,66.6,51.9,2026,84534.0407841548,3.44716,University of Georgia,91.0,139590.0,11620609.0
395.0,University of Connecticut,United States,"29,850",11.6,14%,53 : 47,50.0275,40.6,28.6,73.4,69.1,66.3,2026,84534.0407841548,3.44716,University of Connecticut,100.0,116129.0,8125910.0
407.0,"University of California, Merced",United States,"9,070",21.2,7%,46 : 54,49.639500000000005,31.6,29.0,86.7,58.0,47.7,2026,84534.0407841548,3.44716,"University of California, Merced",100.0,20112.0,1015781.0
417.0,Temple University,United States,"30,684",11.3,6%,57 : 43,49.190000000000005,43.2,22.6,79.9,70.8,41.2,2026,84534.0407841548,3.44716,Temple University,100.0,99758.0,6645402.0
421.0,Drexel University,United States,"18,893",12.2,15%,52 : 48,49.066,42.4,25.5,72.1,74.7,60.6,2026,84534.0407841548,3.44716,Drexel University,100.0,82603.0,5828228.0
424.0,Iowa State University,United States,"27,116",17.2,8%,46 : 54,48.96,41.6,36.2,64.7,87.0,44.0,2026,84534.0407841548,3.44716,Iowa State University,100.0,194347.0,12397011.0
431.0,Wake Forest University,United States,"8,289",3.4,10%,56 : 44,48.6825,38.0,23.2,80.5,92.3,38.7,2026,84534.0407841548,3.44716,Wake Forest University,100.0,84473.0,8614967.0
433.0,Tulane University,United States,"13,113",7.4,10%,61 : 39,48.528,43.0,23.4,75.8,63.8,50.2,2026,84534.0407841548,3.44716,Tulane University,100.0,83130.0,7333989.0
435.0,Washington State University,United States,"25,504",16.9,6%,54 : 46,48.4695,37.3,33.1,67.8,82.8,56.2,2026,84534.0407841548,3.44716,Washington State University,100.0,106499.0,7462215.0
439.0,George Mason University,United States,"32,918",17.1,13%,52 : 48,48.37799999999999,31.0,28.3,79.8,63.9,60.4,2026,84534.0407841548,3.44716,George Mason University,100.0,82979.0,3261696.0
443.0,University of Kentucky,United States,"28,680",11.4,3%,60 : 40,48.318,44.0,29.6,68.8,71.1,43.6,2026,84534.0407841548,3.44716,University of Kentucky,100.0,160712.0,10671302.0
445.0,Brandeis University,United States,"4,949",10.8,34%,56 : 44,48.13,37.3,26.1,70.0,64.5,79.7,2026,84534.0407841548,3.44716,Brandeis University,100.0,35781.0,5433288.0
449.0,University of Delaware,United States,"21,608",14.6,11%,58 : 42,48.053,36.1,32.0,68.5,80.4,58.1,2026,84534.0407841548,3.44716,University of Delaware,100.0,95232.0,6866710.0
450.0,The University of Tennessee-Knoxville,United States,"31,306",17.8,4%,,48.032,35.4,31.3,72.4,70.8,52.8,2026,84534.0407841548,3.44716,University of Tennessee at Knoxville,90.0,145234.0,10346195.0
455.0,Virginia Commonwealth University,United States,"25,120",10.1,4%,65 : 35,47.9665,38.1,23.0,81.3,75.3,35.4,2026,84534.0407841548,3.44716,Virginia Commonwealth University,100.0,86160.0,7125931.0
458.0,University of Oregon,United States,"22,659",13.7,5%,59 : 41,47.7035,34.7,30.0,75.7,73.8,41.4,2026,84534.0407841548,3.44716,University of Oregon,100.0,56674.0,7141303.0
459.0,University of Houston,United States,"46,269",24.0,16%,53 : 47,47.691500000000005,33.2,26.2,73.0,68.8,75.3,2026,84534.0407841548,3.44716,University of Houston,100.0,102646.0,6427195.0
460.0,Syracuse University,United States,"21,104",15.4,21%,54 : 46,47.62199999999999,35.5,27.9,71.1,64.4,68.7,2026,84534.0407841548,3.44716,Syracuse University,100.0,75144.0,6358146.0
470.0,Colorado School of Mines,United States,"7,022",17.2,7%,32 : 68,47.21,40.9,32.6,63.7,86.7,41.5,2026,84534.0407841548,3.44716,Colorado School of Mines,100.0,36457.0,1948165.0
476.0,University of Texas at Dallas,United States,"26,710",24.5,22%,44 : 56,47.01499999999999,29.2,26.6,76.6,73.8,63.4,2026,84534.0407841548,3.44716,The University of Texas at Dallas,94.0,47511.0,3476743.0
478.0,University of Central Florida,United States,"61,009",30.8,5%,57 : 43,46.9885,29.1,32.8,77.2,74.3,36.8,2026,84534.0407841548,3.44716,University of Central Florida,100.0,85663.0,4388592.0
481.0,Rush University,United States,"2,902",2.6,2%,76 : 24,46.88349999999999,44.5,16.4,80.6,63.5,30.4,2026,84534.0407841548,3.44716,Rush University,100.0,13499.0,1243494.0
488.0,University of South Carolina-Columbia,United States,"33,819",16.7,4%,59 : 41,46.7745,35.9,24.0,74.8,64.6,56.0,2026,84534.0407841548,3.44716,Medical University of South Carolina,88.0,74596.0,6812520.0
489.0,Florida International University,United States,"35,509",22.2,9%,56 : 44,46.76049999999999,33.2,32.6,70.7,65.5,49.1,2026,84534.0407841548,3.44716,Florida International University,100.0,68784.0,3399754.0
503.0,Saint Louis University,United States,"11,556",7.5,11%,60 : 40,46.2425,43.8,17.7,73.5,64.4,47.5,2026,84534.0407841548,3.44716,Saint Louis University,100.0,48509.0,3536591.0
510.0,"Colorado State University, Fort Collins",United States,"28,466",15.4,4%,57 : 43,45.986,35.0,30.2,68.7,70.7,46.2,2026,84534.0407841548,3.44716,,,,
513.0,University of Nebraska Medical Center,United States,"3,390",1.9,8%,71 : 29,45.9465,38.5,17.3,79.4,67.3,40.8,2026,84534.0407841548,3.44716,,,,
515.0,Wayne State University,United States,"20,958",12.7,5%,59 : 41,45.876,38.9,22.1,72.1,80.1,42.1,2026,84534.0407841548,3.44716,Wayne State University,100.0,128542.0,10783815.0
517.0,Rensselaer Polytechnic Institute,United States,"6,873",14.6,16%,31 : 69,45.8455,38.9,27.9,58.1,85.1,72.6,2026,84534.0407841548,3.44716,Rensselaer Polytechnic Institute,100.0,62676.0,4041322.0
520.0,Stevens Institute of Technology,United States,"7,887",20.8,40%,29 : 71,45.762,27.6,25.2,72.2,67.8,79.2,2026,84534.0407841548,3.44716,Stevens Institute of Technology,100.0,22761.0,917553.0
542.0,The University of Tulsa,United States,"3,771",9.9,14%,49 : 51,45.37249999999999,41.4,17.5,70.6,58.8,60.7,2026,84534.0407841548,3.44716,University of Tulsa,90.0,18452.0,676188.0
548.0,University of Nebraska-Lincoln,United States,"23,880",16.7,7%,50 : 50,45.26199999999999,33.1,31.4,63.9,68.6,59.7,2026,84534.0407841548,3.44716,University of Nebraska–Lincoln,100.0,106836.0,8096935.0
549.0,Missouri University of Science and Technology,United States,"7,306",21.8,13%,24 : 76,45.2155,27.9,29.5,64.1,89.0,75.2,2026,84534.0407841548,3.44716,Missouri University of Science and Technology,100.0,35301.0,1834617.0
554.0,Mizzou - University of Missouri,United States,"26,560",12.2,3%,56 : 44,45.091,39.8,26.2,63.6,69.3,52.0,2026,84534.0407841548,3.44716,University of Missouri,86.0,131511.0,8776803.0
572.0,University of Missouri-Kansas City,United States,"9,605",12.3,13%,58 : 42,44.559000000000005,30.3,24.4,75.2,64.3,45.5,2026,84534.0407841548,3.44716,University of Missouri–Kansas City,100.0,39087.0,2119471.0
590.0,Georgia State University,United States,"32,292",16.6,9%,60 : 40,44.076,32.9,26.7,67.1,62.5,53.3,2026,84534.0407841548,3.44716,Georgia State University,100.0,63726.0,3349160.0
591.0,New Jersey Institute of Technology,United States,"10,459",14.9,29%,29 : 71,44.062,27.5,23.3,65.2,68.5,91.9,2026,84534.0407841548,3.44716,New Jersey Institute of Technology,100.0,30961.0,1387248.0
608.0,University of Denver,United States,"10,234",13.3,5%,62 : 38,43.547,40.2,25.5,63.5,57.2,39.4,2026,84534.0407841548,3.44716,University of Denver,100.0,29963.0,1423010.0
610.0,SUNY University at Albany,United States,"14,843",15.9,7%,53 : 47,43.432500000000005,28.7,27.6,66.4,68.8,57.2,2026,84534.0407841548,3.44716,,,,
623.0,University of Arkansas,United States,"28,164",20.3,3%,56 : 44,43.131,28.9,32.5,66.2,67.2,35.1,2026,84534.0407841548,3.44716,University of Kansas,95.0,114122.0,7677594.0
625.0,Lehigh University,United States,"6,933",11.6,16%,46 : 54,42.958000000000006,33.8,22.7,61.2,67.6,71.2,2026,84534.0407841548,3.44716,Lehigh University,100.0,42388.0,2230491.0
641.0,University of North Carolina at Charlotte,United States,"27,004",21.1,8%,50 : 50,42.5565,23.9,24.5,76.2,60.9,41.4,2026,84534.0407841548,3.44716,University of North Carolina at Charlotte,100.0,41125.0,1737904.0
643.0,University of Alaska Fairbanks,United States,"2,895",8.5,6%,56 : 44,42.519,34.8,30.7,53.6,55.0,67.6,2026,84534.0407841548,3.44716,University of Alaska Fairbanks,100.0,31993.0,2077785.0
644.0,Auburn University,United States,"28,365",18.5,7%,51 : 49,42.5055,36.5,27.9,55.6,71.8,54.6,2026,84534.0407841548,3.44716,Auburn University,100.0,80122.0,3853432.0
647.0,"University of Nevada, Las Vegas",United States,"26,545",22.1,3%,57 : 43,42.452,31.0,22.9,71.9,52.4,40.0,2026,84534.0407841548,3.44716,"University of Nevada, Las Vegas",100.0,42386.0,1640220.0
678.0,Oklahoma State University,United States,"22,574",14.7,5%,53 : 47,41.7875,36.5,21.1,60.9,61.9,55.4,2026,84534.0407841548,3.44716,Oklahoma State University,100.0,52072.0,3457710.0
705.0,The University of Texas at San Antonio,United States,"27,369",24.2,3%,53 : 47,41.4225,21.9,23.4,75.7,60.9,40.4,2026,84534.0407841548,3.44716,The University of Texas at San Antonio,100.0,43393.0,2187195.0
710.0,"University of Maryland, Baltimore County",United States,"12,398",17.8,19%,46 : 54,41.2795,27.5,27.2,61.3,67.6,55.8,2026,84534.0407841548,3.44716,"University of Maryland, Baltimore County",100.0,36090.0,2091952.0
721.0,Worcester Polytechnic Institute,United States,"6,312",12.9,14%,36 : 64,40.711,32.6,21.4,59.6,67.2,57.6,2026,84534.0407841548,3.44716,Worcester Polytechnic Institute,100.0,23497.0,1174960.0
733.0,Louisiana State University,United States,"33,738",20.7,4%,56 : 44,40.3665,34.1,20.6,60.8,65.7,46.2,2026,84534.0407841548,3.44716,Louisiana State University,100.0,117457.0,8218676.0
736.0,New Mexico State University (Main campus),United States,"12,251",15.8,6%,58 : 42,40.317,26.2,24.5,66.2,56.2,45.0,2026,84534.0407841548,3.44716,,,,
737.0,Mississippi State University,United States,"20,844",14.1,4%,53 : 47,40.31099999999999,28.5,21.2,64.8,63.2,50.5,2026,84534.0407841548,3.44716,Mississippi State University,100.0,51991.0,2468720.0
756.0,Texas Tech University,United States,"37,631",20.8,8%,50 : 50,39.9905,31.6,22.0,57.8,64.4,58.3,2026,84534.0407841548,3.44716,Texas Tech University,100.0,97272.0,5979337.0
757.0,American University,United States,"13,316",12.0,11%,64 : 36,39.9395,35.7,18.6,63.6,41.6,43.6,2026,84534.0407841548,3.44716,American University,100.0,30516.0,1006458.0
759.0,SUNY Binghamton University,United States,"18,703",20.2,9%,52 : 48,39.89649999999999,33.2,26.9,54.7,64.6,44.1,2026,84534.0407841548,3.44716,Binghamton University,89.0,37817.0,1852762.0
779.0,University of Texas at Arlington,United States,"38,017",32.3,16%,60 : 40,39.556,25.0,23.0,62.2,65.9,56.2,2026,84534.0407841548,3.44716,The University of Texas at Arlington,94.0,49338.0,3824169.0
781.0,Kansas State University,United States,"18,454",14.0,5%,54 : 46,39.5015,35.1,22.9,52.6,68.4,53.2,2026,84534.0407841548,3.44716,Kansas State University,100.0,79123.0,5921055.0
789.0,University of Toledo,United States,"13,661",15.8,10%,54 : 46,39.38199999999999,36.9,18.5,54.6,63.6,56.1,2026,84534.0407841548,3.44716,University of Toledo,100.0,45213.0,2268139.0
791.0,Rochester Institute of Technology,United States,"14,881",16.1,13%,37 : 63,39.33749999999999,24.2,22.6,65.5,62.3,46.7,2026,84534.0407841548,3.44716,Rochester Institute of Technology,100.0,30191.0,1885407.0
803.0,Ohio University (Main campus),United States,"20,461",21.8,4%,59 : 41,38.992,33.1,18.9,61.6,59.1,38.7,2026,84534.0407841548,3.44716,,,,
807.0,Baylor University,United States,"21,096",14.9,6%,61 : 39,38.9465,43.0,19.4,53.6,43.2,37.7,2026,84534.0407841548,3.44716,Baylor University,100.0,39851.0,2504303.0
812.0,William & Mary,United States,"8,786",11.8,6%,58 : 42,38.8835,39.2,22.6,53.9,45.7,36.9,2026,84534.0407841548,3.44716,William & Mary,100.0,36292.0,2050576.0
838.0,Southern Illinois University Carbondale,United States,"9,238",13.7,7%,53 : 47,38.17,38.3,26.3,43.7,74.8,41.9,2026,84534.0407841548,3.44716,Southern Illinois University Carbondale,100.0,32637.0,1402998.0
856.0,University of Rhode Island,United States,"15,859",17.4,3%,58 : 42,37.9,29.6,23.0,55.0,53.2,51.6,2026,84534.0407841548,3.44716,University of Rhode Island,100.0,41351.0,2397127.0
871.0,The University of Alabama,United States,"35,682",20.6,3%,57 : 43,37.7005,28.6,22.4,59.4,50.0,39.3,2026,84534.0407841548,3.44716,University of South Alabama,92.0,21561.0,1384119.0
874.0,The Catholic University of America,United States,"3,614",10.8,6%,54 : 46,37.6745,44.5,20.4,40.5,70.9,48.6,2026,84534.0407841548,3.44716,Catholic University of America,94.0,32959.0,1747278.0
881.0,Clark University,United States,"3,623",12.5,29%,55 : 45,37.559,27.2,19.3,57.2,44.2,66.8,2026,84534.0407841548,3.44716,Clark University,100.0,13369.0,934270.0
888.0,University of Wyoming,United States,"9,462",13.3,5%,53 : 47,37.469,36.4,15.3,57.2,54.1,39.6,2026,84534.0407841548,3.44716,University of Wyoming,100.0,43648.0,2481401.0
948.0,Florida Atlantic University,United States,"23,754",19.5,10%,66 : 34,36.384,21.9,24.6,53.7,66.3,53.7,2026,84534.0407841548,3.44716,Florida Atlantic University,100.0,39315.0,1620343.0
950.0,Old Dominion University,United States,"17,790",16.3,3%,56 : 44,36.347,27.5,20.7,57.4,57.6,36.1,2026,84534.0407841548,3.44716,Old Dominion University,100.0,46433.0,1871566.0
959.0,Northern Illinois University,United States,"13,032",14.7,8%,54 : 46,36.199,28.6,18.5,53.7,54.8,54.6,2026,84534.0407841548,3.44716,Northern Illinois University,100.0,34678.0,2607232.0
985.0,Portland State University,United States,"16,947",21.0,6%,57 : 43,35.77,22.3,24.5,56.7,55.1,38.3,2026,84534.0407841548,3.44716,Portland State University,100.0,34018.0,1333141.0
1027.0,University of Memphis,United States,"15,761",14.3,10%,60 : 40,34.999500000000005,30.1,19.3,48.6,62.7,45.8,2026,84534.0407841548,3.44716,University of Memphis,100.0,37291.0,1818088.0
1048.0,University of Texas at El Paso,United States,"17,147",21.7,6%,55 : 45,34.628499999999995,28.0,30.2,41.7,43.7,44.7,2026,84534.0407841548,3.44716,The University of Texas at El Paso,94.0,32735.0,1357671.0
1055.0,Florida Institute of Technology,United States,"6,456",18.3,21%,48 : 52,34.54,29.4,17.8,45.8,60.5,60.6,2026,84534.0407841548,3.44716,Florida Institute of Technology,100.0,15224.0,1153760.0
1068.0,Florida Agricultural and Mechanical University,United States,"8,805",13.2,1%,67 : 33,34.253,33.8,19.8,43.1,46.5,50.0,2026,84534.0407841548,3.44716,Florida Agricultural and Mechanical University,100.0,8719.0,275174.0
1105.0,Central Michigan University,United States,"13,765",19.8,10%,59 : 41,33.6095,30.2,16.8,49.6,47.4,40.7,2026,84534.0407841548,3.44716,Central Michigan University,100.0,19210.0,600732.0
1111.0,Montana State University,United States,"14,162",17.3,2%,48 : 52,33.492,24.7,21.7,48.7,64.5,36.3,2026,84534.0407841548,3.44716,Montana State University,100.0,37362.0,2841119.0
1115.0,South Dakota Mines,United States,"2,057",12.5,5%,24 : 76,33.467,25.8,21.3,42.9,73.1,51.8,2026,84534.0407841548,3.44716,,,,
1118.0,Clarkson University,United States,"3,546",13.2,13%,35 : 65,33.384,32.6,18.2,36.8,63.6,65.4,2026,84534.0407841548,3.44716,Clarkson University,100.0,16436.0,912555.0
1146.0,Nova Southeastern University,United States,"18,393",16.2,6%,71 : 29,32.926,39.4,13.8,41.8,48.9,37.4,2026,84534.0407841548,3.44716,Nova Southeastern University,100.0,22340.0,829276.0
1159.0,University of South Dakota,United States,"6,756",15.3,5%,63 : 37,32.7195,36.2,16.9,43.7,38.3,33.3,2026,84534.0407841548,3.44716,University of South Dakota,100.0,14736.0,750654.0
1179.0,San Diego State University,United States,"33,402",25.5,4%,59 : 41,32.4725,22.9,12.8,57.2,57.0,34.2,2026,84534.0407841548,3.44716,San Diego State University,100.0,51395.0,3415060.0
1203.0,The New School,United States,"9,536",10.1,38%,75 : 25,32.040499999999994,29.9,14.3,43.5,25.7,66.6,2026,84534.0407841548,3.44716,,,,
1250.0,Oakland University,United States,"12,914",15.8,4%,58 : 42,31.284,27.7,16.7,44.5,50.8,38.5,2026,84534.0407841548,3.44716,Oakland University,100.0,29728.0,1072820.0
1264.0,Texas State University,United States,"31,552",19.7,2%,61 : 39,31.0125,18.9,20.2,48.4,40.6,45.8,2026,84534.0407841548,3.44716,Texas State University,100.0,23811.0,771350.0
1273.0,Rowan University,United States,"17,484",13.3,6%,50 : 50,30.759,29.6,13.2,45.3,40.6,39.8,2026,84534.0407841548,3.44716,Rowan University,100.0,15015.0,485265.0
1348.0,University of Nebraska Omaha,United States,"13,614",17.1,5%,57 : 43,29.5085,17.9,16.9,49.8,41.8,36.2,2026,84534.0407841548,3.44716,University of Nebraska at Omaha,95.0,22523.0,720193.0
1566.0,University of Texas Rio Grande Valley,United States,"27,919",20.1,3%,61 : 39,26.036999999999995,18.0,9.6,45.8,23.7,43.4,2026,84534.0407841548,3.44716,The University of Texas Rio Grande Valley,95.0,12618.0,1269209.0
1620.0,Pace University-New York,United States,"12,280",15.7,21%,63 : 37,25.3685,35.5,8.3,24.9,32.1,49.8,2026,84534.0407841548,3.44716,New York University Press,90.0,4907.0,77328.0
1706.0,Morgan State University,United States,"8,489",17.4,10%,62 : 38,23.945,19.7,14.3,29.8,23.6,54.7,2026,84534.0407841548,3.44716,Morgan State University,100.0,8537.0,218351.0
1707.0,Georgia Southern University,United States,"21,920",19.6,3%,59 : 41,23.9295,18.3,12.2,37.2,34.7,32.6,2026,84534.0407841548,3.44716,Georgia Southern University,100.0,17808.0,446314.0
1798.0,Grand Valley State University,United States,"18,621",13.9,3%,62 : 38,22.3075,21.2,9.4,31.6,28.5,36.1,2026,84534.0407841548,3.44716,Grand Valley State University,100.0,11323.0,266557.0
1855.0,Adelphi University,United States,"6,884",11.7,7%,70 : 30,21.0825,25.5,7.9,26.2,18.1,35.8,2026,84534.0407841548,3.44716,Adelphi University,100.0,7948.0,214312.0
11.0,ETH Zurich,Switzerland,"23,106",15.5,44%,33 : 67,93.126,88.5,97.2,94.5,83.7,95.1,2026,103998.186685604,3.22178,ETH Zurich,100.0,242921.0,26243106.0
35.0,École Polytechnique Fédérale de Lausanne,Switzerland,"13,306",13.3,64%,31 : 69,79.61549999999998,73.5,70.8,87.5,99.9,95.4,2026,103998.186685604,3.22178,École Polytechnique Fédérale de Lausanne,100.0,166631.0,19839373.0
109.0,University of Bern,Switzerland,"11,959",17.4,18%,59 : 41,65.4255,46.6,47.0,92.0,99.4,86.3,2026,103998.186685604,3.22178,University of Bern,100.0,152176.0,13904373.0
120.0,University of Basel,Switzerland,"8,655",11.1,32%,57 : 43,64.52799999999999,50.2,42.8,87.5,99.8,94.2,2026,103998.186685604,3.22178,University of Basel,100.0,107905.0,10368584.0
125.0,University of Lausanne,Switzerland,"14,241",9.8,23%,,63.7435,44.3,46.1,89.0,99.4,88.4,2026,103998.186685604,3.22178,University of Lausanne,100.0,103172.0,9601718.0
168.0,University of Geneva,Switzerland,"17,681",7.8,41%,63 : 37,60.7165,43.8,40.0,85.2,85.7,96.1,2026,103998.186685604,3.22178,University of Geneva,100.0,129196.0,15481496.0
262.0,Università della Svizzera italiana,Switzerland,"4,029",12.1,70%,46 : 54,55.9085,41.1,29.7,80.3,92.9,98.2,2026,103998.186685604,3.22178,Università della Svizzera italiana,100.0,16276.0,816036.0
380.0,University of St Gallen,Switzerland,"8,835",12.7,37%,36 : 64,50.41749999999999,33.3,23.0,80.8,66.6,93.6,2026,103998.186685604,3.22178,University of St.Gallen,100.0,25995.0,1013115.0
423.0,University of Fribourg,Switzerland,"6,817",14.8,17%,65 : 35,49.03,39.1,33.8,62.4,71.9,81.3,2026,103998.186685604,3.22178,University of Fribourg,100.0,38279.0,2107589.0
628.0,University of Neuchâtel,Switzerland,"4,365",10.7,23%,60 : 40,42.90449999999999,35.0,24.2,57.8,47.1,84.5,2026,103998.186685604,3.22178,University of Neuchâtel,100.0,26397.0,1223165.0
1039.0,ZHAW Zurich University of Applied Sciences,Switzerland,"11,059",12.0,12%,54 : 46,34.80499999999999,23.3,17.3,50.8,62.3,69.1,2026,103998.186685604,3.22178,ZHAW Zurich University of Applied Sciences,100.0,10150.0,293989.0
1343.0,HES-SO University of Applied Sciences and Arts of Western Switzerland,Switzerland,"17,517",6.0,29%,54 : 46,29.573500000000003,24.5,13.8,36.2,29.6,84.0,2026,103998.186685604,3.22178,HES-SO University of Applied Sciences and Arts Western Switzerland,98.0,10771.0,269382.0
12.0,Tsinghua University,China,"38,569",10.8,11%,,93.0305,95.9,98.5,93.9,100.0,53.4,2026,13303.1481543868,2.57729,Tsinghua University,100.0,369254.0,32392283.0
13.0,Peking University,China,"35,659",11.3,15%,,92.2815,95.4,97.9,89.0,100.0,67.3,2026,13303.1481543868,2.57729,Peking University,100.0,386285.0,31192045.0
36.0,Fudan University,China,"38,601",12.4,10%,52 : 48,79.2785,79.5,77.1,84.8,99.8,53.8,2026,13303.1481543868,2.57729,Fudan University,100.0,237756.0,19631211.0
39.0,Zhejiang University,China,"54,313",13.0,14%,,78.3135,75.0,78.4,84.3,100.0,55.5,2026,13303.1481543868,2.57729,Zhejiang University,100.0,363377.0,28656936.0
40.0,Shanghai Jiao Tong University,China,"41,507",12.5,11%,36 : 64,77.5695,75.4,79.1,80.2,100.0,57.7,2026,13303.1481543868,2.57729,Shanghai Jiao Tong University,100.0,360069.0,27270395.0
51.0,University of Science and Technology of China,China,"22,955",8.2,5%,,75.6435,72.9,69.8,89.0,98.9,43.2,2026,13303.1481543868,2.57729,University of Science and Technology of China,100.0,203069.0,22324808.0
63.0,Nanjing University,China,"34,217",14.1,10%,59 : 41,73.71399999999998,69.6,66.2,85.1,99.6,59.6,2026,13303.1481543868,2.57729,Nanjing University,100.0,183291.0,16443164.0
124.0,Wuhan University,China,"49,045",13.5,6%,,64.104,54.0,48.4,90.1,99.7,41.6,2026,13303.1481543868,2.57729,Wuhan University,100.0,222199.0,16710340.0
132.0,Harbin Institute of Technology,China,"32,375",11.0,4%,,63.2045,57.2,57.7,77.2,100.0,32.5,2026,13303.1481543868,2.57729,Harbin Institute of Technology,100.0,218249.0,13744007.0
136.0,Beijing Normal University,China,"29,655",15.5,7%,,62.893,59.6,49.3,80.9,89.1,42.4,2026,13303.1481543868,2.57729,Beijing Normal University,100.0,116569.0,6433994.0
143.0,Tongji University,China,"33,414",11.9,16%,41 : 59,62.2865,53.2,53.6,74.3,99.9,63.5,2026,13303.1481543868,2.57729,Tongji University,100.0,187568.0,10292825.0
162.0,Southern University of Science and Technology (SUSTech),China,"8,193",9.6,1%,,60.9575,39.6,44.2,93.9,88.5,63.3,2026,13303.1481543868,2.57729,Southern University of Science and Technology,92.0,60693.0,4039290.0
178.0,Huazhong University of Science and Technology,China,"61,789",16.2,4%,,60.2265,46.6,48.4,87.1,99.9,30.9,2026,13303.1481543868,2.57729,Huazhong University of Science and Technology,100.0,260717.0,23084047.0
208.0,Tianjin University,China,"27,866",8.7,15%,,58.056,49.2,47.0,73.2,99.8,52.8,2026,13303.1481543868,2.57729,Tianjin University,100.0,167086.0,12090493.0
225.0,Sun Yat-sen University,China,"66,020",15.5,4%,46 : 54,57.3595,47.2,40.6,84.0,97.6,34.1,2026,13303.1481543868,2.57729,Sun Yat-sen University,100.0,296808.0,24470577.0
228.0,Xi’an Jiaotong University,China,"54,986",15.9,6%,34 : 66,57.2655,45.1,49.4,75.9,100.0,38.2,2026,13303.1481543868,2.57729,Xi'an Jiaotong University,100.0,199764.0,12710287.0
229.0,Sichuan University,China,"49,146",15.9,5%,,57.248,46.5,48.1,74.7,99.6,42.5,2026,13303.1481543868,2.57729,Sichuan University,100.0,258767.0,19125049.0
238.0,Beijing Institute of Technology,China,"33,624",12.9,12%,,56.9185,46.5,44.3,76.6,99.6,45.2,2026,13303.1481543868,2.57729,Beijing Institute of Technology,100.0,135906.0,7615264.0
252.0,Beihang University,China,"35,223",13.4,4%,,56.3285,47.8,46.5,73.8,100.0,34.7,2026,13303.1481543868,2.57729,Beihang University,100.0,148312.0,7529813.0
253.0,Nankai University,China,"33,291",11.7,7%,,56.32049999999999,45.4,33.9,87.6,80.6,47.9,2026,13303.1481543868,2.57729,Nankai University,100.0,112460.0,9731621.0
274.0,Northwestern Polytechnical University,China,"35,982",13.6,5%,29 : 71,55.529,41.0,42.4,78.6,99.7,47.6,2026,13303.1481543868,2.57729,Northwestern Polytechnical University,100.0,135005.0,7219479.0
275.0,Shandong University,China,"37,862",12.7,9%,,55.4925,46.4,44.0,72.7,99.3,43.5,2026,13303.1481543868,2.57729,Shandong University,100.0,195787.0,14168984.0
276.0,Xiamen University,China,"42,518",14.2,3%,,55.4865,43.3,37.6,84.2,95.1,36.6,2026,13303.1481543868,2.57729,Xiamen University,100.0,116622.0,9250174.0
277.0,Southern Medical University,China,"18,620",10.7,7%,,55.485,45.9,38.9,84.2,76.4,31.3,2026,13303.1481543868,2.57729,Southern Medical University,100.0,86322.0,6042977.0
280.0,South China University of Technology,China,"41,221",12.0,7%,39 : 61,55.257,39.0,39.1,84.0,99.7,43.0,2026,13303.1481543868,2.57729,South China University of Technology,100.0,150768.0,10992299.0
286.0,East China Normal University,China,"30,163",15.0,7%,62 : 38,54.921,43.1,36.5,79.5,90.6,55.3,2026,13303.1481543868,2.57729,East China Normal University,100.0,83191.0,5058026.0
292.0,Southeast University,China,"43,942",13.4,4%,35 : 65,54.6925,39.3,46.3,73.7,99.8,47.6,2026,13303.1481543868,2.57729,Southeast University,100.0,155934.0,9062757.0
296.0,Hunan University,China,"36,496",15.3,3%,44 : 56,54.3385,36.6,34.6,90.9,96.5,31.7,2026,13303.1481543868,2.57729,Hunan University,100.0,97311.0,9786674.0
297.0,Central South University,China,"57,917",20.4,4%,,54.32149999999999,39.1,42.6,80.3,99.7,31.4,2026,13303.1481543868,2.57729,Central South University,100.0,249687.0,18104358.0
333.0,University of Electronic Science and Technology of China,China,"39,817",16.7,2%,28 : 72,52.511,37.6,37.5,80.2,99.1,33.6,2026,13303.1481543868,2.57729,University of Electronic Science and Technology of China,100.0,141269.0,7357784.0
382.0,Shenzhen University,China,"35,012",13.8,1%,49 : 51,50.3255,26.5,35.9,86.4,82.8,38.2,2026,13303.1481543868,2.57729,Shenzhen University,100.0,92378.0,5660061.0
389.0,Chongqing University,China,"45,609",17.7,3%,,50.19799999999999,30.2,36.0,78.1,98.1,46.6,2026,13303.1481543868,2.57729,Chongqing University,100.0,137993.0,7985794.0
404.0,Dalian University of Technology,China,"42,273",16.6,5%,32 : 68,49.714,34.6,39.3,71.6,99.0,35.6,2026,13303.1481543868,2.57729,Dalian University of Technology,100.0,135746.0,9238257.0
451.0,Beijing University of Chemical Technology,China,"26,260",18.5,1%,40 : 60,48.00899999999999,26.4,31.8,84.2,96.6,25.0,2026,13303.1481543868,2.57729,Beijing University of Chemical Technology,100.0,54844.0,5886099.0
480.0,Donghua University,China,"23,520",12.2,7%,48 : 52,46.924,32.9,25.2,77.8,93.2,37.9,2026,13303.1481543868,2.57729,Donghua University,100.0,48549.0,3612761.0
508.0,Shanghai University,China,"39,590",13.4,6%,50 : 50,46.028,31.5,37.6,64.3,93.6,37.3,2026,13303.1481543868,2.57729,Shanghai University,100.0,98488.0,4978177.0
528.0,Jiangsu University,China,"35,531",9.4,6%,43 : 57,45.6815,28.0,18.0,83.6,75.1,54.9,2026,13303.1481543868,2.57729,Jiangsu University,100.0,94762.0,6893638.0
530.0,Yangzhou University,China,"30,130",12.4,10%,,45.66799999999999,34.3,27.1,70.1,81.2,45.5,2026,13303.1481543868,2.57729,Yangzhou University,100.0,70193.0,3793813.0
531.0,Jinan University (China),China,"38,488",15.0,28%,56 : 44,45.646,26.7,25.9,77.8,65.9,57.1,2026,13303.1481543868,2.57729,China Jiliang University,91.0,22416.0,862778.0
533.0,University of International Business and Economics,China,"15,343",14.2,12%,73 : 27,45.62399999999999,29.2,19.0,87.3,31.5,54.0,2026,13303.1481543868,2.57729,University of International Business and Economics,100.0,10716.0,261548.0
544.0,"Soochow University, China",China,"48,737",15.8,2%,50 : 50,45.324,29.3,26.4,77.6,92.8,27.1,2026,13303.1481543868,2.57729,Soochow University,86.0,121857.0,10771249.0
565.0,Zhejiang University of Technology,China,"31,557",13.9,9%,,44.8095,32.0,27.3,69.7,92.5,37.9,2026,13303.1481543868,2.57729,Zhejiang University of Technology,100.0,69390.0,3847205.0
589.0,"Northeastern University, China",China,"41,594",13.7,2%,,44.1305,31.7,31.4,63.9,96.2,35.4,2026,13303.1481543868,2.57729,Northeastern University,88.0,92969.0,4765863.0
593.0,"China University of Petroleum, Beijing",China,"18,745",18.1,5%,,43.974500000000006,34.2,38.0,56.8,96.7,26.1,2026,13303.1481543868,2.57729,"China University of Petroleum, Beijing",100.0,54864.0,2812991.0
622.0,Nanjing University of Science and Technology (NJUST),China,"36,520",15.2,2%,31 : 69,43.1345,33.4,31.2,66.8,63.4,22.1,2026,13303.1481543868,2.57729,Nanjing University of Science and Technology,94.0,86083.0,4540773.0
634.0,Nanjing Forestry University,China,"36,679",18.1,1%,,42.6525,21.2,23.8,83.4,61.1,27.1,2026,13303.1481543868,2.57729,Nanjing Forestry University,100.0,46713.0,2456628.0
657.0,East China University of Science and Technology,China,"32,389",19.0,2%,43 : 57,42.185,31.1,29.1,63.3,96.6,22.9,2026,13303.1481543868,2.57729,East China University of Science and Technology,100.0,69686.0,6134050.0
667.0,Jiangnan University,China,"32,581",12.1,1%,,41.9615,29.5,25.8,68.0,92.8,22.2,2026,13303.1481543868,2.57729,Jiangnan University,100.0,73690.0,5357245.0
679.0,Ocean University of China,China,"35,422",18.2,1%,,41.7865,31.3,29.5,63.6,69.7,28.4,2026,13303.1481543868,2.57729,Ocean University of China,100.0,71449.0,4168561.0
693.0,Zhejiang Normal University,China,"34,011",13.5,7%,,41.5545,19.2,22.0,80.1,63.7,39.1,2026,13303.1481543868,2.57729,Zhejiang Normal University,100.0,34201.0,1699439.0
698.0,Nanjing University of Aeronautics and Astronautics,China,"36,035",15.4,2%,,41.4785,30.2,35.4,54.9,98.4,25.3,2026,13303.1481543868,2.57729,Nanjing University of Aeronautics and Astronautics,100.0,93602.0,3971055.0
704.0,Xidian University,China,"39,572",14.3,1%,25 : 75,41.434,28.6,25.2,66.5,95.1,25.8,2026,13303.1481543868,2.57729,Xidian University,100.0,82555.0,3607213.0
739.0,Qingdao University,China,"42,202",15.6,1%,51 : 49,40.2955,18.4,20.2,83.3,56.8,23.3,2026,13303.1481543868,2.57729,Qingdao University,100.0,83573.0,4783832.0
742.0,South China Normal University,China,"36,468",19.9,4%,,40.2795,24.5,24.9,67.1,75.4,35.8,2026,13303.1481543868,2.57729,South China Normal University,100.0,50294.0,2789327.0
743.0,Capital Medical University,China,"16,357",4.0,4%,64 : 36,40.2615,36.9,21.2,64.0,57.2,23.2,2026,13303.1481543868,2.57729,Capital Medical University,100.0,131771.0,7975597.0
749.0,Guangdong University of Technology,China,"51,066",17.1,0%,29 : 71,40.2165,18.8,20.0,78.6,86.7,24.3,2026,13303.1481543868,2.57729,Guangdong University of Technology,100.0,57105.0,3082870.0
754.0,Xi’an Jiaotong-Liverpool University,China,"21,448",18.3,3%,52 : 48,40.0455,21.2,17.6,71.3,40.5,75.7,2026,13303.1481543868,2.57729,Xi’an Jiaotong-Liverpool University,100.0,17808.0,452820.0
785.0,Harbin Engineering University,China,"33,564",17.1,2%,24 : 76,39.4575,29.7,33.8,50.6,94.1,26.0,2026,13303.1481543868,2.57729,Harbin Engineering University,100.0,62544.0,2752113.0
794.0,Nanjing Tech University,China,"37,609",12.7,4%,,39.26099999999999,24.4,18.4,68.8,87.3,34.6,2026,13303.1481543868,2.57729,Nanjing Tech University,100.0,59293.0,4769792.0
809.0,Fuzhou University,China,"44,604",17.4,1%,39 : 61,38.90249999999999,19.2,20.9,71.1,81.5,34.5,2026,13303.1481543868,2.57729,Fuzhou University,100.0,63044.0,4613257.0
813.0,Northeast Agricultural University,China,"32,409",20.7,1%,55 : 45,38.876,19.3,15.9,84.5,45.1,18.9,2026,13303.1481543868,2.57729,Northeast Agricultural University,100.0,31616.0,2427317.0
836.0,Southwest Jiaotong University,China,"49,014",15.4,1%,33 : 67,38.1925,26.2,25.4,60.2,83.0,22.9,2026,13303.1481543868,2.57729,Southwest Jiaotong University,100.0,81243.0,3703458.0
837.0,Northeast Normal University,China,"31,316",19.3,3%,69 : 31,38.179,30.9,17.4,65.1,50.5,32.9,2026,13303.1481543868,2.57729,Northeast Normal University,100.0,37565.0,2827773.0
839.0,Nanjing Normal University,China,"36,007",13.7,2%,66 : 34,38.1675,25.3,17.1,69.8,66.5,28.6,2026,13303.1481543868,2.57729,Nanjing Normal University,100.0,52755.0,2717688.0
840.0,Nanjing Medical University,China,"23,163",7.2,3%,,38.160500000000006,37.1,16.4,62.2,51.5,23.2,2026,13303.1481543868,2.57729,Nanjing Medical University,100.0,106486.0,8074880.0
872.0,Wenzhou University,China,"25,175",19.6,2%,51 : 49,37.698,15.3,16.6,79.3,54.7,31.9,2026,13303.1481543868,2.57729,Wenzhou University,100.0,26369.0,1306360.0
893.0,Zhejiang Gongshang University,China,"19,572",13.2,4%,58 : 42,37.3055,20.9,15.4,74.3,45.1,34.4,2026,13303.1481543868,2.57729,Zhejiang Gongshang University,100.0,19010.0,751832.0
908.0,Chengdu University,China,"27,472",16.2,2%,54 : 46,37.1245,17.4,15.7,77.9,47.9,28.7,2026,13303.1481543868,2.57729,Chengdu University,100.0,31124.0,1769300.0
929.0,Nanjing University of Information Science and Technology,China,"36,971",15.5,3%,,36.7455,19.8,20.5,65.8,59.8,37.7,2026,13303.1481543868,2.57729,Nanjing University of Information Science and Technology,100.0,55807.0,2177197.0
932.0,Guangzhou Medical University,China,"16,107",2.2,2%,58 : 42,36.718,25.6,11.4,74.5,42.0,24.4,2026,13303.1481543868,2.57729,Guangzhou Medical University,100.0,68930.0,5494220.0
1010.0,China Pharmaceutical University,China,"19,664",16.7,2%,63 : 37,35.2975,25.6,20.7,55.8,85.5,21.1,2026,13303.1481543868,2.57729,China Pharmaceutical University,100.0,37438.0,3402308.0
1065.0,Shantou University,China,"21,935",16.7,1%,48 : 52,34.28,18.3,18.2,63.8,43.9,36.1,2026,13303.1481543868,2.57729,Shantou University,100.0,34407.0,1753341.0
1077.0,Shanghai Normal University,China,"30,111",14.1,2%,70 : 30,34.098,32.0,16.6,53.9,40.1,27.6,2026,13303.1481543868,2.57729,Shanghai Normal University,100.0,27186.0,1103741.0
1083.0,Hangzhou Normal University,China,"32,552",16.8,1%,,34.053999999999995,16.8,14.9,70.3,42.3,26.6,2026,13303.1481543868,2.57729,Hangzhou Normal University,100.0,27220.0,1358628.0
1135.0,Changsha University of Science and Technology,China,"41,350",17.4,1%,35 : 65,33.1385,16.3,15.3,63.4,77.2,23.8,2026,13303.1481543868,2.57729,Changsha University of Science and Technology,100.0,29830.0,1014224.0
1137.0,Anhui University,China,"41,446",17.4,1%,,33.086,18.6,16.6,63.0,55.5,22.2,2026,13303.1481543868,2.57729,Anhui University,100.0,51119.0,2174142.0
1154.0,Fujian Agriculture and Forestry University,China,"34,200",14.1,1%,52 : 48,32.838,20.1,13.3,64.2,45.1,26.5,2026,13303.1481543868,2.57729,Fujian Agriculture and Forestry University,100.0,36662.0,2312762.0
1160.0,Chang’an University,China,"40,205",10.3,5%,31 : 69,32.713,30.1,17.0,45.8,77.9,27.3,2026,13303.1481543868,2.57729,Chang'an University,100.0,40161.0,1575570.0
1165.0,Northwest University (China),China,"26,259",13.2,3%,54 : 46,32.662,27.9,14.7,54.0,51.4,25.5,2026,13303.1481543868,2.57729,Northwest Minzu University,88.0,3703.0,41655.0
1199.0,Jiangsu University of Science and Technology,China,"29,068",16.0,3%,,32.125,16.1,16.7,60.3,68.5,22.7,2026,13303.1481543868,2.57729,Jiangsu University of Science and Technology,100.0,29050.0,1086227.0
1239.0,Zhejiang University of Finance and Economics,China,"20,962",21.4,2%,61 : 39,31.5075,14.3,13.3,66.8,30.8,28.8,2026,13303.1481543868,2.57729,Zhejiang University of Finance and Economics,100.0,8599.0,198191.0
1245.0,Huaqiao University,China,"35,586",18.0,21%,48 : 52,31.402,15.8,15.0,51.4,46.4,68.2,2026,13303.1481543868,2.57729,Huaqiao University,100.0,24752.0,1140757.0
1270.0,Hangzhou Dianzi University (HDU),China,"27,192",15.7,4%,24 : 76,30.8455,17.7,17.9,50.1,71.7,33.8,2026,13303.1481543868,2.57729,Hangzhou Dianzi University,93.0,36369.0,1191216.0
1284.0,Xiangtan University,China,"38,768",20.0,0%,49 : 51,30.5975,18.6,17.4,53.6,56.3,23.1,2026,13303.1481543868,2.57729,Xiangtan University,100.0,33553.0,1685054.0
1334.0,Wuhan Textile University,China,"24,241",15.2,2%,50 : 50,29.795,16.3,12.4,57.9,55.7,23.9,2026,13303.1481543868,2.57729,Wuhan Textile University,100.0,13005.0,705692.0
1362.0,Changzhou University,China,"29,126",17.0,2%,,29.297,15.5,14.4,54.3,66.9,21.1,2026,13303.1481543868,2.57729,Changzhou University,100.0,23788.0,1261017.0
1378.0,Jiangxi Normal University (JXNU),China,"35,356",20.5,0%,67 : 33,28.972,13.7,13.0,60.2,38.7,20.7,2026,13303.1481543868,2.57729,Jiangxi Normal University,91.0,21598.0,900816.0
1439.0,Tianjin Normal University,China,"23,254",14.3,6%,,28.2445,21.0,21.0,34.5,53.8,46.1,2026,13303.1481543868,2.57729,Tianjin Normal University,100.0,15116.0,523490.0
1451.0,Zhejiang Chinese Medical University,China,"24,976",26.2,5%,63 : 37,28.0225,20.2,17.5,46.1,36.4,22.7,2026,13303.1481543868,2.57729,Zhejiang Chinese Medical University,100.0,29895.0,1020943.0
1490.0,Yanshan University,China,"38,505",12.6,1%,35 : 65,27.37,21.6,12.2,45.4,57.0,20.8,2026,13303.1481543868,2.57729,Yanshan University,100.0,40066.0,1937770.0
1602.0,Guangxi Normal University,China,"38,955",18.4,2%,69 : 31,25.596,16.1,11.1,47.9,40.0,22.1,2026,13303.1481543868,2.57729,Guangxi Normal University,100.0,26945.0,873239.0
1607.0,Southwest Petroleum University,China,"41,268",19.6,1%,35 : 65,25.5225,17.7,15.3,37.5,77.1,20.4,2026,13303.1481543868,2.57729,Southwest Petroleum University,100.0,31992.0,1406998.0
1632.0,Communication University of China,China,"18,027",15.5,2%,68 : 32,25.252,25.7,16.4,29.4,56.8,24.3,2026,13303.1481543868,2.57729,Communication University of China,100.0,11748.0,144332.0
1670.0,Jiangsu Normal University,China,"29,443",15.8,1%,,24.5145,16.2,12.9,42.7,34.8,23.9,2026,13303.1481543868,2.57729,Jiangsu Normal University,100.0,19771.0,890536.0
1811.0,Shanxi Medical University,China,"26,728",8.0,2%,66 : 34,21.869,24.2,11.6,29.8,23.9,19.6,2026,13303.1481543868,2.57729,Shanxi Medical University,100.0,38582.0,1258976.0
1938.0,Jianghan University,China,"22,607",14.4,1%,56 : 44,18.9925,17.1,9.8,28.3,27.9,20.0,2026,13303.1481543868,2.57729,Jianghan University,100.0,13329.0,323423.0
1981.0,East China University of Technology,China,"26,036",15.6,0%,35 : 65,18.2635,15.6,10.0,26.1,37.1,19.3,2026,13303.1481543868,2.57729,East China University of Technology,100.0,10121.0,420572.0
17.0,National University of Singapore,Singapore,"35,558",21.0,31%,49 : 51,89.67199999999998,78.6,93.1,95.1,99.9,92.8,2026,90674.066632628,1.80821,National University of Singapore,100.0,274487.0,24406010.0
31.0,"Nanyang Technological University, Singapore",Singapore,"25,859",17.3,31%,47 : 53,81.63999999999999,65.8,78.1,95.2,100.0,93.6,2026,90674.066632628,1.80821,Nanyang Technological University,86.0,191388.0,17232143.0
21.0,University of Toronto,Canada,"80,394",25.1,39%,56 : 44,88.45449999999998,78.2,92.9,92.3,95.8,92.3,2026,54340.3477224733,1.7908,University of Toronto,100.0,547526.0,57236058.0
41.0,McGill University,Canada,"30,196",11.7,29%,61 : 39,77.12699999999998,71.0,70.8,86.2,77.5,89.2,2026,54340.3477224733,1.7908,McGill University,100.0,292007.0,26767940.0
45.0,University of British Columbia,Canada,"60,112",18.7,34%,55 : 45,77.02900000000001,64.1,73.9,88.6,77.4,93.5,2026,54340.3477224733,1.7908,University of British Columbia,100.0,369150.0,31681019.0
116.0,McMaster University,Canada,"28,647",28.8,23%,57 : 43,65.02099999999999,42.2,49.3,93.1,100.0,84.6,2026,54340.3477224733,1.7908,McMaster University,100.0,180243.0,17778278.0
119.0,University of Alberta,Canada,"33,938",21.6,28%,,64.6105,49.1,55.4,78.1,100.0,88.4,2026,54340.3477224733,1.7908,University of Alberta,100.0,261612.0,20419715.0
151.0,Université de Montréal,Canada,"39,749",15.5,23%,,61.9155,41.4,50.5,83.1,95.5,84.1,2026,54340.3477224733,1.7908,Université de Montréal,100.0,174252.0,13938029.0
163.0,University of Waterloo,Canada,"34,772",22.7,21%,47 : 53,60.913,42.7,47.6,83.4,77.0,85.5,2026,54340.3477224733,1.7908,University of Waterloo,100.0,154124.0,9375958.0
188.0,University of Ottawa,Canada,"40,753",28.7,29%,58 : 42,59.527,38.2,44.5,85.4,81.7,86.2,2026,54340.3477224733,1.7908,University of Ottawa,100.0,163516.0,11942259.0
202.0,University of Calgary,Canada,"35,954",20.3,26%,53 : 47,58.6335,37.8,43.1,83.6,91.4,83.3,2026,54340.3477224733,1.7908,University of Calgary,100.0,195398.0,14100622.0
215.0,Western University,Canada,"31,831",32.7,25%,56 : 44,57.88399999999999,39.9,42.6,77.5,99.8,86.9,2026,54340.3477224733,1.7908,Western University,100.0,168535.0,11995876.0
304.0,Queen’s University,Canada,"28,400",26.3,16%,58 : 42,54.16400000000001,37.9,37.6,77.4,84.8,72.9,2026,54340.3477224733,1.7908,Queen's University,100.0,119595.0,8007873.0
316.0,University of Victoria,Canada,"17,663",26.3,17%,58 : 42,53.47999999999999,30.2,37.1,82.9,66.8,83.6,2026,54340.3477224733,1.7908,University of Victoria,100.0,74555.0,5748995.0
335.0,Simon Fraser University,Canada,"26,776",24.9,31%,54 : 46,52.312,26.9,35.6,79.7,83.5,90.7,2026,54340.3477224733,1.7908,Simon Fraser University,100.0,87260.0,6024090.0
354.0,Dalhousie University,Canada,"17,682",13.4,27%,53 : 47,51.4795,33.1,33.2,75.4,74.3,86.6,2026,54340.3477224733,1.7908,Dalhousie University,100.0,106470.0,7107324.0
397.0,University of Saskatchewan,Canada,"18,283",19.2,22%,55 : 45,49.9565,39.5,34.0,63.0,96.1,76.0,2026,54340.3477224733,1.7908,University of Saskatchewan,100.0,94173.0,5366016.0
413.0,Université Laval,Canada,"30,127",13.4,18%,59 : 41,49.3255,31.8,34.6,69.4,91.7,72.3,2026,54340.3477224733,1.7908,Université Laval,100.0,127437.0,9281478.0
422.0,York University,Canada,"41,456",27.4,28%,54 : 46,49.063500000000005,29.3,33.2,71.5,72.3,86.0,2026,54340.3477224733,1.7908,York University,100.0,88849.0,4011570.0
446.0,University of Guelph,Canada,"23,314",28.3,11%,59 : 41,48.109,34.8,36.7,64.1,80.0,63.6,2026,54340.3477224733,1.7908,University of Guelph,100.0,93144.0,6100276.0
527.0,Memorial University of Newfoundland,Canada,"16,376",15.3,29%,54 : 46,45.7005,30.3,25.7,65.2,82.1,86.2,2026,54340.3477224733,1.7908,Memorial University of Newfoundland,100.0,57688.0,2763745.0
536.0,University of Windsor,Canada,"14,932",35.1,36%,,45.5445,30.4,31.4,60.5,68.2,87.9,2026,54340.3477224733,1.7908,University of Windsor,100.0,38085.0,1398268.0
541.0,Université du Québec,Canada,"50,342",17.1,17%,58 : 42,45.37849999999999,33.4,33.5,57.1,73.2,76.7,2026,54340.3477224733,1.7908,Université du Québec,100.0,3781.0,150798.0
564.0,University of Manitoba,Canada,"26,170",13.7,24%,54 : 46,44.837500000000006,29.5,25.1,72.9,61.4,60.4,2026,54340.3477224733,1.7908,University of Manitoba,100.0,115207.0,7402613.0
580.0,Carleton University,Canada,"27,612",27.0,22%,49 : 51,44.331,23.4,31.5,64.9,79.2,75.4,2026,54340.3477224733,1.7908,Carleton University,100.0,76797.0,4393897.0
659.0,Concordia University,Canada,"36,811",25.5,35%,49 : 51,42.142,24.5,25.8,63.7,68.0,74.7,2026,54340.3477224733,1.7908,Concordia University,100.0,65782.0,3174510.0
687.0,Toronto Metropolitan University,Canada,"37,827",39.8,11%,54 : 46,41.62799999999999,22.4,32.0,61.1,69.0,62.0,2026,54340.3477224733,1.7908,Toronto Metropolitan University,100.0,55375.0,1464409.0
706.0,University of New Brunswick UNB,Canada,"8,975",12.4,22%,53 : 47,41.421,23.8,19.5,67.1,63.5,81.0,2026,54340.3477224733,1.7908,University of New Brunswick,93.0,37868.0,1864059.0
930.0,University of Regina,Canada,"14,331",22.9,34%,60 : 40,36.7385,18.4,20.9,61.9,43.8,65.7,2026,54340.3477224733,1.7908,University of Regina,100.0,24127.0,1158649.0
947.0,Ontario Tech University,Canada,"9,555",30.0,12%,43 : 57,36.406,17.6,25.3,56.4,60.3,60.6,2026,54340.3477224733,1.7908,Ontario Tech University,100.0,15552.0,647314.0
1049.0,Lakehead University,Canada,"8,464",25.6,22%,58 : 42,34.6255,18.0,25.6,52.8,41.6,58.5,2026,54340.3477224733,1.7908,Lakehead University,100.0,16108.0,701760.0
1257.0,University of Northern British Columbia (UNBC),Canada,"3,008",15.3,15%,62 : 38,31.111,21.0,22.5,44.4,19.9,57.0,2026,54340.3477224733,1.7908,University of Northern British Columbia,94.0,11985.0,348354.0
1261.0,Wilfrid Laurier University,Canada,"20,600",25.8,10%,,31.046,15.8,16.1,49.3,58.4,61.2,2026,54340.3477224733,1.7908,Wilfrid Laurier University,100.0,24074.0,858247.0
1317.0,Brock University,Canada,"21,118",22.0,19%,57 : 43,30.06,15.0,18.4,48.0,42.1,56.2,2026,54340.3477224733,1.7908,Brock University,100.0,23321.0,909018.0
1426.0,St Francis Xavier University,Canada,"4,575",17.9,7%,62 : 38,28.3565,17.5,18.2,43.1,27.9,51.6,2026,54340.3477224733,1.7908,St. Francis Xavier University,100.0,8926.0,272208.0
1616.0,University of Lethbridge,Canada,"7,219",13.2,16%,,25.398000000000003,20.8,14.7,29.6,41.6,59.4,2026,54340.3477224733,1.7908,University of Lethbridge,100.0,16568.0,766258.0
26.0,The University of Tokyo,Japan,"26,298",10.2,18%,,83.52449999999999,94.7,94.2,68.2,100.0,50.8,2026,32487.0778047567,3.44125,The University of Tokyo,100.0,502662.0,45664738.0
61.0,Kyoto University,Japan,"21,617",9.0,11%,25 : 75,73.961,86.4,82.7,56.9,100.0,45.6,2026,32487.0778047567,3.44125,Kyoto University,100.0,354663.0,29653918.0
105.0,Tohoku University,Japan,"17,349",12.6,13%,28 : 72,65.72749999999999,70.9,70.8,52.8,100.0,59.2,2026,32487.0778047567,3.44125,Tohoku University,100.0,275444.0,18518805.0
152.0,The University of Osaka,Japan,"22,367",10.4,12%,33 : 67,61.844,65.9,64.9,53.3,100.0,47.9,2026,32487.0778047567,3.44125,The University of Osaka,100.0,286817.0,25271911.0
170.0,Institute of Science Tokyo,Japan,"13,407",8.3,17%,23 : 77,60.6895,66.9,60.5,52.7,92.1,52.2,2026,32487.0778047567,3.44125,,,,
218.0,Nagoya University,Japan,"15,559",13.3,13%,31 : 69,57.78549999999999,58.1,56.1,57.0,99.8,43.8,2026,32487.0778047567,3.44125,Nagoya University,100.0,265658.0,14647735.0
319.0,Kyushu University,Japan,"18,679",7.7,14%,29 : 71,53.1885,54.2,46.5,53.5,98.8,49.5,2026,32487.0778047567,3.44125,Kyushu University,100.0,225495.0,14029232.0
365.0,University of Tsukuba,Japan,"15,491",12.4,17%,38 : 62,50.94199999999999,52.0,46.7,50.8,77.1,49.8,2026,32487.0778047567,3.44125,University of Tsukuba,100.0,134599.0,9176852.0
376.0,Hokkaido University,Japan,"17,693",8.3,11%,30 : 70,50.6285,53.5,45.1,47.9,96.8,47.0,2026,32487.0778047567,3.44125,Hokkaido University,100.0,252825.0,11469124.0
602.0,Juntendo University,Japan,"7,371",5.3,3%,54 : 46,43.63799999999999,37.3,17.2,74.5,83.1,26.3,2026,32487.0778047567,3.44125,Juntendo University,100.0,41554.0,3257449.0
638.0,Hiroshima University,Japan,"14,922",8.7,12%,38 : 62,42.62199999999999,41.7,31.4,47.8,79.8,49.1,2026,32487.0778047567,3.44125,Hiroshima University,100.0,112003.0,6918714.0
728.0,Kobe University,Japan,"15,355",9.8,7%,35 : 65,40.556,41.5,28.9,45.0,89.0,38.3,2026,32487.0778047567,3.44125,Kobe University,100.0,91734.0,6715433.0
761.0,Keio University,Japan,"34,336",10.2,10%,37 : 63,39.87500000000001,37.0,28.3,49.1,73.7,41.0,2026,32487.0778047567,3.44125,Keio University,100.0,118534.0,7267679.0
768.0,The University of Aizu,Japan,"1,289",12.0,13%,11 : 89,39.68749999999999,27.2,14.3,63.6,58.1,81.5,2026,32487.0778047567,3.44125,University of Aizu,90.0,8627.0,233642.0
878.0,Waseda University,Japan,"44,876",14.2,12%,39 : 61,37.5985,34.0,26.9,43.5,68.0,53.3,2026,32487.0778047567,3.44125,Waseda University,100.0,86152.0,3387453.0
994.0,Wakayama Medical University,Japan,"1,917",4.4,0%,46 : 54,35.587,36.4,12.6,57.8,58.5,20.2,2026,32487.0778047567,3.44125,Wakayama Medical University,100.0,13738.0,1050245.0
1022.0,Kyoto Prefectural University of Medicine,Japan,"1,355",3.1,1%,47 : 53,35.059999999999995,33.4,15.9,53.9,70.9,21.2,2026,32487.0778047567,3.44125,Kyoto Prefectural University of Medicine,100.0,28923.0,2442628.0
1025.0,Okayama University,Japan,"13,057",10.3,9%,40 : 60,35.0305,34.5,23.1,39.2,87.1,38.8,2026,32487.0778047567,3.44125,Okayama University,100.0,85211.0,5247829.0
1036.0,Yokohama City University,Japan,"5,142",5.4,3%,55 : 45,34.81849999999999,28.2,10.8,62.0,65.0,28.9,2026,32487.0778047567,3.44125,Yokohama City University,100.0,40310.0,3029756.0
1042.0,Tokyo Medical University,Japan,"1,322",3.4,1%,51 : 49,34.7705,33.2,18.1,50.9,71.5,21.3,2026,32487.0778047567,3.44125,Tokyo Medical University,100.0,20497.0,1357590.0
1055.0,Chiba University,Japan,"13,630",8.6,5%,38 : 62,34.54,33.7,21.1,43.7,70.3,34.1,2026,32487.0778047567,3.44125,Chiba University,100.0,84892.0,5691817.0
1087.0,Kumamoto University,Japan,"9,401",9.5,6%,39 : 61,33.95399999999999,33.6,19.3,41.3,82.0,37.0,2026,32487.0778047567,3.44125,Kumamoto University,100.0,58265.0,4583438.0
1109.0,Fujita Health University,Japan,"3,025",3.4,2%,60 : 40,33.515,27.9,13.1,58.0,57.7,23.7,2026,32487.0778047567,3.44125,Fujita Health University,100.0,19801.0,1253325.0
1110.0,Nippon Medical School,Japan,970,1.0,1%,32 : 68,33.4985,30.0,11.4,58.7,51.5,22.3,2026,32487.0778047567,3.44125,Nippon Medical School,100.0,25761.0,1475274.0
1147.0,Kanazawa University,Japan,"10,216",9.9,6%,36 : 64,32.917,36.0,21.8,35.6,67.5,34.6,2026,32487.0778047567,3.44125,Kanazawa University,100.0,67300.0,4558720.0
1161.0,Hamamatsu University School of Medicine,Japan,"1,205",3.9,3%,47 : 53,32.693,34.2,18.6,42.8,60.5,26.0,2026,32487.0778047567,3.44125,Hamamatsu University School of Medicine,100.0,20757.0,1282003.0
1204.0,Tokyo University of Agriculture and Technology,Japan,"5,923",14.2,7%,36 : 64,32.038,34.0,25.5,28.0,82.2,39.0,2026,32487.0778047567,3.44125,Tokyo University of Agriculture and Technology,100.0,38998.0,1913868.0
1221.0,"University of Occupational and Environmental Health, Japan",Japan,"1,145",2.4,1%,53 : 47,31.8165,29.0,11.9,53.1,53.7,23.1,2026,32487.0778047567,3.44125,University of Occupational and Environmental Health Japan,100.0,19504.0,1220804.0
1224.0,Kurume University,Japan,"4,659",8.1,1%,,31.7235,28.6,13.3,52.2,49.8,23.7,2026,32487.0778047567,3.44125,Kurume University,100.0,24124.0,1746703.0
1231.0,Aichi Medical University,Japan,"1,285",2.8,1%,58 : 42,31.673,31.0,15.0,47.7,54.7,22.4,2026,32487.0778047567,3.44125,Aichi Medical University,100.0,13201.0,654222.0
1249.0,Kansai Medical University,Japan,"1,545",2.9,2%,57 : 43,31.341,29.4,12.2,51.6,50.0,22.0,2026,32487.0778047567,3.44125,Kansai Medical University,100.0,17662.0,1174360.0
1283.0,Nagoya City University,Japan,"4,602",5.8,4%,54 : 46,30.601000000000003,30.8,18.0,38.5,69.5,26.2,2026,32487.0778047567,3.44125,Nagoya City University,100.0,30988.0,2049810.0
1303.0,Hyogo Medical University,Japan,"2,613",4.7,1%,59 : 41,30.385,31.0,14.2,45.0,52.3,20.4,2026,32487.0778047567,3.44125,Hyogo Medical University,100.0,16524.0,1256754.0
1304.0,Niigata University,Japan,"11,826",7.1,3%,37 : 63,30.3815,31.2,15.7,40.9,54.3,29.1,2026,32487.0778047567,3.44125,Niigata University,100.0,55870.0,3455099.0
1319.0,Kindai University,Japan,"34,923",23.2,2%,32 : 68,30.0415,17.6,13.3,53.6,60.0,33.5,2026,32487.0778047567,3.44125,Kindai University,100.0,49945.0,2288905.0
1321.0,Hitotsubashi University,Japan,"6,105",14.6,14%,33 : 67,30.025,32.5,21.8,27.6,25.7,64.1,2026,32487.0778047567,3.44125,Hitotsubashi University,100.0,8298.0,144884.0
1325.0,The University of Electro-Communications,Japan,"4,621",14.6,5%,12 : 88,29.9495,25.7,24.1,32.3,69.1,39.0,2026,32487.0778047567,3.44125,University of Electro-Communications,95.0,30274.0,858657.0
1358.0,Nagasaki University,Japan,"8,747",6.7,5%,39 : 61,29.37,30.1,16.0,35.4,55.2,40.3,2026,32487.0778047567,3.44125,Nagasaki University,100.0,50885.0,3158071.0
1366.0,Gifu University,Japan,"7,064",15.3,4%,38 : 62,29.206,27.7,23.9,30.0,68.9,31.3,2026,32487.0778047567,3.44125,Gifu University,100.0,44842.0,2432110.0
1382.0,Toyohashi University of Technology (TUT),Japan,"1,998",10.2,13%,14 : 86,28.9195,30.7,23.6,21.4,83.6,43.4,2026,32487.0778047567,3.44125,Toyohashi University of Technology,94.0,20813.0,714604.0
1390.0,The Jikei University School of Medicine,Japan,"1,077",0.8,1%,52 : 48,28.732499999999995,30.3,11.2,43.9,45.4,20.8,2026,32487.0778047567,3.44125,Jikei University School of Medicine,95.0,26543.0,1466234.0
1424.0,Tokyo University of Science,Japan,"18,002",24.1,4%,25 : 75,28.375,23.8,26.8,27.7,74.8,30.4,2026,32487.0778047567,3.44125,Tokyo University of Science,100.0,90856.0,6386796.0
1430.0,Sapporo Medical University,Japan,"1,307",3.3,0%,45 : 55,28.319,31.4,13.4,38.3,57.5,18.4,2026,32487.0778047567,3.44125,Sapporo Medical University,100.0,21932.0,1889947.0
1436.0,Shiga University of Medical Science,Japan,"1,136",3.0,4%,52 : 48,28.277,32.7,13.3,34.2,65.4,25.3,2026,32487.0778047567,3.44125,Shiga University of Medical Science,100.0,16170.0,1256859.0
1450.0,Shinshu University,Japan,"10,657",10.6,3%,33 : 67,28.027,26.7,18.4,32.5,66.8,31.9,2026,32487.0778047567,3.44125,Shinshu University,100.0,45894.0,2954256.0
1453.0,Tokushima University,Japan,"7,395",9.5,2%,36 : 64,28.009,28.9,20.7,27.2,86.7,24.7,2026,32487.0778047567,3.44125,Tokushima University,100.0,47376.0,3086018.0
1459.0,Osaka Metropolitan University,Japan,"15,703",8.7,4%,37 : 63,27.9465,31.3,16.9,28.8,78.3,27.2,2026,32487.0778047567,3.44125,Osaka Metropolitan University,100.0,8881.0,107177.0
1486.0,Kyushu Institute of Technology (Kyutech),Japan,"5,616",16.1,4%,14 : 86,27.4515,26.4,16.5,30.9,66.9,39.1,2026,32487.0778047567,3.44125,Kyushu Institute of Technology,88.0,30606.0,788648.0
1496.0,Hosei University,Japan,"28,578",37.4,5%,39 : 61,27.2985,16.3,11.3,49.3,35.2,40.2,2026,32487.0778047567,3.44125,Hosei University,100.0,16039.0,251451.0
1497.0,Tokai University,Japan,"28,774",16.6,5%,29 : 71,27.290999999999997,17.6,12.8,46.9,48.3,31.8,2026,32487.0778047567,3.44125,Tokai University,100.0,45321.0,1897409.0
1499.0,Yokohama National University,Japan,"9,459",13.2,8%,28 : 72,27.269,28.3,21.9,22.1,82.3,35.3,2026,32487.0778047567,3.44125,Yokohama National University,100.0,33948.0,1134333.0
1512.0,Saitama Medical University,Japan,"1,904",1.3,0%,49 : 51,27.131500000000003,27.0,10.8,42.7,44.8,19.1,2026,32487.0778047567,3.44125,Saitama Medical University,100.0,23224.0,1193932.0
1520.0,Tokyo Metropolitan University,Japan,"8,789",10.7,5%,39 : 61,27.023999999999997,29.7,16.2,29.8,52.8,33.5,2026,32487.0778047567,3.44125,Tokyo Metropolitan University,100.0,50615.0,2285763.0
1536.0,Tokyo University of Marine Science and Technology,Japan,"2,571",11.6,8%,33 : 67,26.655,30.2,17.8,22.7,58.1,46.0,2026,32487.0778047567,3.44125,Tokyo University of Marine Science and Technology,100.0,11204.0,519985.0
1541.0,Kagawa University,Japan,"6,421",9.8,2%,43 : 57,26.565,25.2,13.4,35.8,62.0,27.0,2026,32487.0778047567,3.44125,Kagawa University,100.0,22633.0,1213307.0
1546.0,University of Toyama,Japan,"8,960",10.7,3%,38 : 62,26.4945,28.4,15.3,28.4,67.3,32.9,2026,32487.0778047567,3.44125,University of Toyama,100.0,31024.0,1550920.0
1554.0,Yamagata University,Japan,"8,664",9.1,3%,34 : 66,26.28749999999999,28.2,15.1,27.7,71.8,32.1,2026,32487.0778047567,3.44125,Yamagata University,100.0,31150.0,1607085.0
1565.0,Kitasato University,Japan,"8,517",5.0,1%,55 : 45,26.101,26.7,12.0,36.0,59.8,20.7,2026,32487.0778047567,3.44125,Kitasato University,100.0,36673.0,2108374.0
1572.0,Nagoya Institute of Technology,Japan,"5,552",15.7,4%,17 : 83,25.9205,22.8,22.0,25.3,75.3,29.5,2026,32487.0778047567,3.44125,Nagoya Institute of Technology,100.0,33870.0,1087986.0
1581.0,Toho University,Japan,"5,275",13.6,1%,55 : 45,25.8265,24.4,15.4,33.9,59.5,21.5,2026,32487.0778047567,3.44125,Toho University,100.0,31756.0,1412302.0
1597.0,Rikkyo University,Japan,"19,644",14.7,5%,56 : 44,25.6275,18.5,9.6,41.0,21.4,56.4,2026,32487.0778047567,3.44125,Rikkyo University,100.0,9999.0,391179.0
1612.0,Nagaoka University of Technology,Japan,"2,155",10.8,12%,12 : 88,25.48,31.4,16.8,18.4,68.0,41.4,2026,32487.0778047567,3.44125,Nagaoka University of Technology,100.0,17911.0,691319.0
1614.0,University of the Ryukyus,Japan,"7,468",9.2,3%,38 : 62,25.4185,25.8,13.8,30.8,41.2,38.9,2026,32487.0778047567,3.44125,University of the Ryukyus,100.0,22529.0,1033747.0
1617.0,Ritsumeikan University,Japan,"35,919",18.0,10%,37 : 63,25.378,20.7,16.2,28.4,63.4,46.9,2026,32487.0778047567,3.44125,Ritsumeikan University,100.0,32266.0,878914.0
1619.0,Osaka Medical and Pharmaceutical University,Japan,"3,126",5.5,1%,60 : 40,25.3715,27.5,13.9,32.2,53.2,19.2,2026,32487.0778047567,3.44125,Osaka Medical and Pharmaceutical University,100.0,12124.0,829028.0
1629.0,Mie University,Japan,"6,936",11.5,3%,38 : 62,25.2765,26.7,17.0,26.4,66.5,25.2,2026,32487.0778047567,3.44125,Mie University,100.0,34861.0,1995396.0
1643.0,Hirosaki University,Japan,"6,845",9.9,1%,,25.0365,24.8,15.0,30.0,53.2,29.9,2026,32487.0778047567,3.44125,Hirosaki University,100.0,25405.0,1299056.0
1672.0,Ehime University,Japan,"8,855",9.9,2%,40 : 60,24.47799999999999,25.8,14.8,26.7,54.5,31.8,2026,32487.0778047567,3.44125,Ehime University,100.0,39449.0,2150354.0
1684.0,Yamaguchi University,Japan,"10,373",10.9,5%,38 : 62,24.282,27.8,14.2,24.0,58.7,32.2,2026,32487.0778047567,3.44125,Yamaguchi University,100.0,43090.0,2033165.0
1698.0,Saga University,Japan,"6,403",9.6,2%,42 : 58,24.092,25.4,14.7,25.4,66.9,27.2,2026,32487.0778047567,3.44125,Saga University,100.0,25363.0,963694.0
1699.0,Gunma University,Japan,"6,155",7.4,5%,39 : 61,24.0835,27.9,13.4,24.2,66.3,27.4,2026,32487.0778047567,3.44125,Gunma University,100.0,44746.0,2618609.0
1726.0,Ochanomizu University,Japan,"2,652",14.7,6%,100 : 0,23.675,25.8,18.7,20.2,38.4,40.6,2026,32487.0778047567,3.44125,Ochanomizu University,100.0,11750.0,402299.0
1738.0,Saitama University,Japan,"8,341",16.0,6%,32 : 68,23.5075,21.8,18.9,21.3,57.2,38.9,2026,32487.0778047567,3.44125,Saitama University,100.0,23127.0,828642.0
1744.0,Tottori University,Japan,"5,994",8.3,2%,39 : 61,23.365,28.4,14.0,22.6,55.3,25.8,2026,32487.0778047567,3.44125,Tottori University,100.0,31317.0,1626774.0
1746.0,University of Yamanashi,Japan,"4,668",6.2,6%,31 : 69,23.349,28.3,14.0,22.2,50.2,30.3,2026,32487.0778047567,3.44125,University of Yamanashi,100.0,24872.0,1270312.0
1751.0,Kagoshima University,Japan,"10,130",10.5,2%,39 : 61,23.199,26.5,13.8,23.8,56.3,26.5,2026,32487.0778047567,3.44125,Kagoshima University,100.0,42865.0,2265458.0
1755.0,Shibaura Institute of Technology,Japan,"9,475",25.2,5%,19 : 81,23.079,18.2,18.7,23.6,45.8,45.0,2026,32487.0778047567,3.44125,Shibaura Institute of Technology,100.0,16449.0,248989.0
1771.0,Kyoto Institute of Technology,Japan,"4,018",14.5,6%,29 : 71,22.788500000000003,25.5,17.7,16.2,72.2,31.8,2026,32487.0778047567,3.44125,Kyoto Institute of Technology,100.0,21531.0,790392.0
1775.0,Dokkyo Medical University,Japan,"1,301",1.5,1%,55 : 45,22.7415,28.1,10.9,27.8,37.4,19.4,2026,32487.0778047567,3.44125,Dokkyo Medical University,100.0,9692.0,376533.0
1787.0,University of Miyazaki,Japan,"5,444",7.8,2%,37 : 63,22.543000000000003,27.0,12.6,23.2,49.6,26.4,2026,32487.0778047567,3.44125,University of Miyazaki,100.0,23565.0,1104194.0
1814.0,Shimane University,Japan,"6,056",8.4,3%,41 : 59,21.814,26.0,13.0,21.5,41.1,30.4,2026,32487.0778047567,3.44125,Shimane University,100.0,25930.0,1211218.0
1821.0,Shizuoka University,Japan,"9,821",14.9,3%,30 : 70,21.6645,20.9,16.5,18.5,66.1,33.6,2026,32487.0778047567,3.44125,Shizuoka University,100.0,33972.0,1146469.0
1824.0,Muroran Institute of Technology,Japan,"3,287",19.1,5%,13 : 87,21.597,20.2,10.4,24.8,47.8,43.6,2026,32487.0778047567,3.44125,Muroran Institute of Technology,100.0,10130.0,241866.0
1830.0,Teikyo University,Japan,"22,761",20.7,6%,36 : 64,21.4645,16.2,14.0,29.6,41.7,27.7,2026,32487.0778047567,3.44125,Teikyo University,100.0,26636.0,1422591.0
1842.0,Kochi University,Japan,"5,441",8.6,1%,44 : 56,21.268,24.2,12.9,21.4,46.7,28.0,2026,32487.0778047567,3.44125,Kōchi University,94.0,18447.0,796667.0
1850.0,Akita University,Japan,"5,042",10.6,4%,36 : 64,21.197,26.3,13.6,18.7,43.3,28.7,2026,32487.0778047567,3.44125,Akita University,100.0,21730.0,1011473.0
1853.0,University of Fukui,Japan,"4,833",7.8,3%,30 : 70,21.1035,27.7,12.4,18.7,42.9,26.8,2026,32487.0778047567,3.44125,University of Fukui,100.0,23956.0,1008092.0
1862.0,Kochi University of Technology,Japan,"2,510",19.2,2%,24 : 76,20.9335,20.0,14.5,18.7,51.9,41.9,2026,32487.0778047567,3.44125,Kochi University of Technology,100.0,6443.0,131056.0
1888.0,Oita University,Japan,"5,240",8.3,1%,37 : 63,20.38,26.5,12.1,19.7,34.9,23.3,2026,32487.0778047567,3.44125,Oita University,100.0,18002.0,832426.0
1906.0,University of Shizuoka,Japan,"3,252",12.0,3%,61 : 39,19.6845,23.4,12.5,16.3,59.6,25.1,2026,32487.0778047567,3.44125,University of Shizuoka,100.0,12912.0,862185.0
1913.0,Kwansei Gakuin University,Japan,"25,457",20.7,4%,50 : 50,19.529,23.2,10.4,18.9,30.6,37.0,2026,32487.0778047567,3.44125,Kwansei Gakuin University,100.0,12684.0,464074.0
1930.0,Sophia University,Japan,"13,016",12.2,12%,60 : 40,19.1205,22.5,11.1,13.9,33.6,50.0,2026,32487.0778047567,3.44125,Sophia University,100.0,13582.0,388036.0
1942.0,Tokyo University of Agriculture,Japan,"13,209",33.6,2%,44 : 56,18.9205,19.9,9.8,22.8,34.7,26.4,2026,32487.0778047567,3.44125,Tokyo University of Agriculture,100.0,21936.0,887539.0
1968.0,University of Hyogo,Japan,"6,551",12.5,3%,40 : 60,18.4985,21.8,13.3,13.1,59.2,25.5,2026,32487.0778047567,3.44125,University of Hyogo,100.0,16983.0,524094.0
2011.0,Tokyo City University,Japan,"7,789",28.2,2%,26 : 74,17.589999999999996,17.9,12.0,15.7,47.3,29.7,2026,32487.0778047567,3.44125,Tokyo City University,100.0,7256.0,105754.0
2027.0,Chubu University,Japan,"9,261",17.5,1%,28 : 72,17.1875,17.2,11.5,15.0,38.9,36.3,2026,32487.0778047567,3.44125,Chubu University,100.0,10150.0,328832.0
2042.0,Ibaraki University,Japan,"7,864",15.5,2%,34 : 66,16.7865,17.9,12.8,13.6,42.6,26.8,2026,32487.0778047567,3.44125,Ibaraki University,100.0,23479.0,577617.0
2049.0,Chuo University,Japan,"27,005",20.2,4%,38 : 62,16.715999999999998,18.2,10.8,14.7,37.0,31.0,2026,32487.0778047567,3.44125,Chuo University,100.0,15965.0,387358.0
2051.0,Nihon University,Japan,"77,140",30.1,2%,32 : 68,16.6795,15.5,8.9,19.6,45.4,24.4,2026,32487.0778047567,3.44125,Nihon University,100.0,63709.0,2373321.0
2069.0,Doshisha University,Japan,"26,715",18.1,4%,42 : 58,16.256,18.1,11.1,12.4,35.5,34.1,2026,32487.0778047567,3.44125,Doshisha University,100.0,20212.0,457904.0
2074.0,Utsunomiya University,Japan,"4,861",14.2,4%,36 : 64,16.1,19.3,12.8,10.4,34.8,29.1,2026,32487.0778047567,3.44125,Utsunomiya University,100.0,13080.0,357609.0
2080.0,Ryukoku University,Japan,"15,132",26.8,3%,36 : 64,15.9485,15.9,10.5,16.2,24.2,31.8,2026,32487.0778047567,3.44125,Ryukoku University,100.0,9178.0,184147.0
2088.0,Tokyo University of Technology,Japan,"7,808",27.1,3%,35 : 65,15.78,16.3,12.9,11.6,31.7,33.1,2026,32487.0778047567,3.44125,Tokyo University of Technology,100.0,6666.0,175651.0
2089.0,Osaka Institute of Technology,Japan,"7,956",28.3,1%,14 : 86,15.7755,14.4,13.4,13.8,38.6,26.1,2026,32487.0778047567,3.44125,Osaka Institute of Technology,100.0,9212.0,177009.0
2093.0,Kansai University,Japan,"29,830",11.1,4%,41 : 59,15.664,21.6,8.8,10.0,29.0,34.4,2026,32487.0778047567,3.44125,Kansai University,100.0,18970.0,490558.0
2107.0,Kanagawa University,Japan,"17,462",14.0,4%,31 : 69,15.178999999999998,17.9,8.1,11.8,25.8,39.7,2026,32487.0778047567,3.44125,Kanagawa University,100.0,12426.0,419433.0
2111.0,Kogakuin University,Japan,"6,553",18.1,2%,19 : 81,15.0905,17.2,8.1,14.3,35.5,26.1,2026,32487.0778047567,3.44125,Kogakuin University,100.0,9441.0,186404.0
2112.0,Okayama University of Science,Japan,"6,859",25.8,3%,25 : 75,15.0815,14.4,11.6,13.3,40.3,24.9,2026,32487.0778047567,3.44125,Okayama University of Science,100.0,19285.0,696294.0
2115.0,Toyama Prefectural University,Japan,"2,197",10.5,1%,36 : 64,14.909999999999998,22.8,9.5,7.9,32.6,23.4,2026,32487.0778047567,3.44125,Toyama Prefectural University,100.0,6301.0,150363.0
2119.0,Tokyo Denki University,Japan,"9,991",28.6,2%,13 : 87,14.8775,15.2,8.9,14.2,48.5,21.5,2026,32487.0778047567,3.44125,Tokyo Denki University,100.0,13679.0,175473.0
2123.0,Aoyama Gakuin University,Japan,"20,622",18.1,5%,49 : 51,14.7945,16.7,9.4,10.8,29.3,36.4,2026,32487.0778047567,3.44125,Aoyama Gakuin University,100.0,11695.0,364038.0
2124.0,Meiji University,Japan,"34,072",21.9,5%,34 : 66,14.786,16.2,10.2,11.6,31.1,31.0,2026,32487.0778047567,3.44125,Meiji University,100.0,18106.0,431486.0
2128.0,Meijo University,Japan,"15,277",31.8,0%,35 : 65,14.6995,14.8,11.5,10.8,45.4,25.9,2026,32487.0778047567,3.44125,Meijo University,100.0,15191.0,642919.0
2139.0,Toyo University,Japan,"29,543",19.1,6%,41 : 59,14.4085,15.6,9.1,11.0,30.5,35.3,2026,32487.0778047567,3.44125,Toyo University,100.0,10645.0,251408.0
2144.0,Chiba Institute of Technology,Japan,"10,048",24.6,2%,15 : 85,14.32,14.5,8.5,15.2,35.5,21.3,2026,32487.0778047567,3.44125,Chiba Institute of Technology,100.0,11149.0,196762.0
27.0,Technical University of Munich,Germany,"35,755",40.7,45%,37 : 63,83.44749999999999,71.9,84.8,91.3,100.0,83.4,2026,56103.7323182554,3.1539,Technical University of Munich,100.0,223216.0,18287298.0
34.0,LMU Munich,Germany,"33,697",19.1,19%,61 : 39,79.6665,68.4,75.4,92.4,100.0,78.7,2026,56103.7323182554,3.1539,,,,
49.0,Universität Heidelberg,Germany,"20,091",8.0,24%,56 : 44,76.3075,68.3,61.4,95.3,93.7,80.2,2026,56103.7323182554,3.1539,Heidelberg University,95.0,312897.0,40996223.0
89.0,Humboldt University of Berlin,Germany,"34,833",42.1,18%,,67.19699999999999,52.6,60.6,85.5,65.9,77.6,2026,56103.7323182554,3.1539,Humboldt-Universität zu Berlin,86.0,123477.0,10038358.0
91.0,Charité - Universitätsmedizin Berlin,Germany,"9,520",18.1,21%,65 : 35,66.937,47.2,48.7,98.2,100.0,72.4,2026,56103.7323182554,3.1539,,,,
92.0,RWTH Aachen University,Germany,"27,662",35.1,33%,35 : 65,66.74799999999999,54.9,63.0,76.7,100.0,70.3,2026,56103.7323182554,3.1539,RWTH Aachen University,100.0,188240.0,16960180.0
94.0,University of Bonn,Germany,"24,491",34.1,16%,58 : 42,66.6895,51.5,56.6,88.5,78.7,71.8,2026,56103.7323182554,3.1539,University of Bonn,100.0,165136.0,17327757.0
98.0,University of Tübingen,Germany,"21,627",22.5,15%,59 : 41,66.32549999999999,49.1,53.8,89.0,98.6,74.6,2026,56103.7323182554,3.1539,University of Tübingen,100.0,150423.0,12629875.0
113.0,Free University of Berlin,Germany,"24,851",43.9,24%,63 : 37,65.23449999999998,50.2,58.3,82.2,72.4,79.5,2026,56103.7323182554,3.1539,Freie Universität Berlin,88.0,144139.0,8861085.0
122.0,University of Göttingen,Germany,"19,783",22.1,14%,54 : 46,64.1135,49.4,52.7,87.2,71.0,70.1,2026,56103.7323182554,3.1539,University of Göttingen,100.0,163212.0,13235423.0
126.0,University of Hamburg,Germany,"28,389",55.3,13%,58 : 42,63.6855,45.7,52.8,87.1,99.8,63.6,2026,56103.7323182554,3.1539,University of Bamberg,90.0,15502.0,291365.0
139.0,University of Freiburg,Germany,"20,405",19.6,18%,55 : 45,62.643,46.7,47.4,84.5,99.7,77.1,2026,56103.7323182554,3.1539,University of Freiburg,100.0,151623.0,16482236.0
161.0,Technical University of Berlin,Germany,"20,180",46.9,29%,36 : 64,61.0665,45.2,52.8,77.8,95.2,70.3,2026,56103.7323182554,3.1539,,,,
165.0,University of Cologne,Germany,"27,278",23.0,18%,,60.8155,44.5,46.5,83.9,94.2,70.2,2026,56103.7323182554,3.1539,University of Cologne,100.0,129912.0,9339994.0
167.0,Karlsruhe Institute of Technology,Germany,"19,911",23.1,25%,30 : 70,60.737,49.3,54.9,69.3,100.0,73.1,2026,56103.7323182554,3.1539,Karlsruhe Institute of Technology,100.0,164944.0,10971838.0
176.0,TU Dresden,Germany,"20,631",21.0,15%,49 : 51,60.448,47.1,50.0,77.0,99.9,66.1,2026,56103.7323182554,3.1539,,,,
180.0,University of Würzburg,Germany,"20,904",33.6,11%,60 : 40,60.14149999999999,39.6,43.5,91.2,99.8,59.9,2026,56103.7323182554,3.1539,University of Würzburg,100.0,107290.0,10141148.0
198.0,University of Münster,Germany,"26,499",23.7,7%,,58.9625,43.9,47.2,83.2,82.1,54.4,2026,56103.7323182554,3.1539,University of Münster,100.0,122054.0,8989093.0
203.0,Friedrich Schiller University Jena,Germany,"14,754",16.0,14%,,58.553,44.0,42.5,83.5,88.7,62.0,2026,56103.7323182554,3.1539,Friedrich Schiller University Jena,100.0,155853.0,5410512.0
206.0,University of Mannheim,Germany,"7,902",36.1,17%,,58.3305,37.0,44.5,85.5,88.2,71.1,2026,56103.7323182554,3.1539,University of Mannheim,100.0,32869.0,1423295.0
207.0,University of Erlangen-Nuremberg,Germany,"28,153",34.2,20%,51 : 49,58.1815,41.7,46.5,78.6,100.0,64.2,2026,56103.7323182554,3.1539,,,,
219.0,Goethe University Frankfurt,Germany,"27,422",20.2,13%,60 : 40,57.6535,42.2,41.9,82.1,81.4,68.9,2026,56103.7323182554,3.1539,Goethe University Frankfurt,100.0,164581.0,14298544.0
230.0,University of Potsdam,Germany,"12,690",32.7,15%,57 : 43,57.2135,37.9,44.3,81.7,92.4,66.4,2026,56103.7323182554,3.1539,University of Potsdam,100.0,60551.0,2870305.0
271.0,Ruhr University Bochum,Germany,"30,732",39.4,20%,51 : 49,55.653000000000006,39.9,46.1,72.6,98.9,63.7,2026,56103.7323182554,3.1539,Ruhr University Bochum,100.0,119768.0,7392518.0
278.0,Technical University of Darmstadt,Germany,"13,864",28.3,27%,34 : 66,55.471,43.1,46.8,65.7,99.8,73.1,2026,56103.7323182554,3.1539,,,,
283.0,University of Konstanz,Germany,"6,767",30.3,14%,58 : 42,55.1525,38.5,42.8,72.9,95.7,75.8,2026,56103.7323182554,3.1539,University of Konstanz,100.0,48572.0,3249174.0
284.0,Ulm University,Germany,"10,101",16.2,14%,53 : 47,55.0805,42.3,31.6,83.1,91.2,64.8,2026,56103.7323182554,3.1539,Universität Ulm,93.0,82887.0,6607209.0
294.0,University of Stuttgart,Germany,"14,277",22.2,22%,35 : 65,54.567,44.5,48.4,63.4,99.9,58.5,2026,56103.7323182554,3.1539,University of Stuttgart,100.0,156869.0,5142492.0
299.0,Heinrich Heine University Düsseldorf,Germany,"25,296",26.8,14%,58 : 42,54.312,36.2,34.3,84.3,83.9,67.2,2026,56103.7323182554,3.1539,Heinrich Heine University Düsseldorf,100.0,121091.0,10168280.0
312.0,University of Duisburg-Essen,Germany,"37,867",33.1,20%,50 : 50,53.60549999999999,35.4,34.6,82.7,87.4,64.3,2026,56103.7323182554,3.1539,University of Duisburg-Essen,100.0,84338.0,5047615.0
327.0,University of Bayreuth,Germany,"7,476",19.5,17%,47 : 53,52.778,39.8,41.3,68.6,84.5,68.0,2026,56103.7323182554,3.1539,University of Bayreuth,100.0,50041.0,3026462.0
328.0,University of Bremen,Germany,"11,398",20.5,15%,56 : 44,52.7665,39.7,39.6,72.3,78.9,63.0,2026,56103.7323182554,3.1539,University of Bremen,100.0,75205.0,3448196.0
334.0,University of Hohenheim,Germany,"8,480",39.1,15%,57 : 43,52.36149999999999,36.0,36.4,78.4,76.7,61.3,2026,56103.7323182554,3.1539,University of Hohenheim,100.0,32594.0,2267540.0
342.0,Johannes Gutenberg University of Mainz,Germany,"29,586",11.4,11%,59 : 41,52.0765,38.9,27.1,83.0,72.3,66.0,2026,56103.7323182554,3.1539,Johannes Gutenberg University Mainz,96.0,139455.0,15637549.0
361.0,University of Kiel,Germany,"28,860",23.5,9%,54 : 46,51.0545,32.5,33.4,81.8,64.4,62.2,2026,56103.7323182554,3.1539,University of Kassel,89.0,32047.0,1088522.0
364.0,Justus Liebig University Giessen,Germany,"25,359",37.8,12%,63 : 37,50.9975,35.0,39.2,72.5,71.3,62.7,2026,56103.7323182554,3.1539,Justus-Liebig-Universität Gießen,94.0,85718.0,6077220.0
378.0,Leibniz University Hannover,Germany,"17,855",33.3,16%,45 : 55,50.46849999999999,38.8,41.7,64.3,84.3,56.9,2026,56103.7323182554,3.1539,Leibniz University Hannover,100.0,74875.0,5756400.0
409.0,University of Marburg,Germany,"22,883",29.8,17%,58 : 42,49.5345,37.8,32.1,72.0,70.8,61.9,2026,56103.7323182554,3.1539,University of Freiburg,88.0,151623.0,16482236.0
452.0,University of Regensburg,Germany,"18,210",19.4,7%,61 : 39,47.9945,36.3,30.8,70.9,67.6,58.4,2026,56103.7323182554,3.1539,University of Regensburg,100.0,65883.0,5358371.0
494.0,University of Greifswald,Germany,"10,298",18.8,9%,61 : 39,46.46849999999999,35.1,31.3,69.5,58.3,51.4,2026,56103.7323182554,3.1539,Universität Greifswald,89.0,32063.0,2192687.0
498.0,Leuphana University of Lüneburg,Germany,"7,488",24.9,11%,63 : 37,46.3355,23.5,28.1,83.2,33.6,66.0,2026,56103.7323182554,3.1539,Leuphana University of Lüneburg,100.0,12687.0,594387.0
518.0,Constructor University,Germany,"1,750",22.6,90%,42 : 58,45.7995,34.9,32.2,51.4,92.4,94.0,2026,56103.7323182554,3.1539,Constructor University,100.0,11411.0,1161588.0
522.0,Saarland University,Germany,"16,434",9.6,21%,52 : 48,45.74349999999999,32.5,19.2,73.1,68.7,78.8,2026,56103.7323182554,3.1539,Saarland University,100.0,72790.0,4769451.0
523.0,University of Siegen,Germany,"9,590",26.1,14%,57 : 43,45.735,30.4,36.7,63.6,63.6,60.0,2026,56103.7323182554,3.1539,University of Siegen,100.0,28418.0,1998361.0
558.0,TU Dortmund University,Germany,"16,305",44.7,15%,50 : 50,45.05449999999999,36.0,35.3,57.0,71.5,56.5,2026,56103.7323182554,3.1539,TU Dortmund University,100.0,66853.0,4618753.0
595.0,Hamburg University of Technology,Germany,"4,396",21.3,28%,30 : 70,43.9245,38.1,26.0,56.9,86.0,61.8,2026,56103.7323182554,3.1539,Hamburg University of Technology,100.0,22390.0,1028953.0
599.0,RPTU University Kaiserslautern-Landau,Germany,"10,796",22.4,14%,49 : 51,43.661,36.1,30.9,56.3,83.2,51.1,2026,56103.7323182554,3.1539,,,,
617.0,University of Wuppertal,Germany,"12,951",29.3,11%,54 : 46,43.295,31.5,31.2,60.6,65.3,55.5,2026,56103.7323182554,3.1539,University of Wuppertal,100.0,33852.0,4303091.0
619.0,University of Passau,Germany,"7,360",45.5,14%,59 : 41,43.2325,32.7,37.0,52.5,70.4,57.2,2026,56103.7323182554,3.1539,University of Passau,100.0,11314.0,244393.0
636.0,TU Braunschweig,Germany,"14,251",16.3,15%,42 : 58,42.6445,36.0,24.3,58.5,77.5,57.7,2026,56103.7323182554,3.1539,,,,
690.0,Paderborn University,Germany,"14,479",38.3,13%,51 : 49,41.5835,31.1,35.9,51.4,70.7,50.0,2026,56103.7323182554,3.1539,Paderborn University,100.0,33764.0,1178781.0
748.0,Otto von Guericke University of Magdeburg,Germany,"12,812",10.7,30%,42 : 58,40.218,34.6,18.2,56.6,57.7,72.6,2026,56103.7323182554,3.1539,Otto-von-Guericke-Universität Magdeburg,94.0,49100.0,2559683.0
891.0,University of Hagen,Germany,"22,592",226.1,11%,56 : 44,37.32,30.1,36.3,42.4,46.4,44.5,2026,56103.7323182554,3.1539,,,,
1054.0,TU Bergakademie Freiberg,Germany,"4,242",10.8,55%,33 : 67,34.5425,38.0,25.5,28.5,57.0,68.1,2026,56103.7323182554,3.1539,TU Bergakademie Freiberg,100.0,20923.0,758296.0
1061.0,Technische Universität Ilmenau,Germany,"4,752",17.8,40%,29 : 71,34.44,31.4,21.9,37.1,70.9,64.8,2026,56103.7323182554,3.1539,Technische Universität Ilmenau,100.0,20036.0,641235.0
33.0,University of Hong Kong,Hong Kong,"17,668",17.8,48%,56 : 44,80.46549999999999,68.3,70.8,95.6,96.5,96.6,2026,,1.5,University of Hong Kong,100.0,224862.0,21514986.0
44.0,The Chinese University of Hong Kong,Hong Kong,"18,461",18.2,25%,,77.0595,63.2,63.8,97.9,90.9,92.1,2026,,1.5,Chinese University of Hong Kong,94.0,194649.0,17092837.0
58.0,The Hong Kong University of Science and Technology,Hong Kong,"8,912",14.3,48%,,74.123,56.2,60.6,95.6,100.0,97.2,2026,,1.5,Hong Kong University of Science and Technology,96.0,93025.0,8381162.0
73.0,City University of Hong Kong,Hong Kong,"8,219",12.4,76%,54 : 46,71.14049999999999,56.5,52.7,92.7,100.0,98.4,2026,,1.5,City University of Hong Kong,100.0,114044.0,7790179.0
82.0,The Hong Kong Polytechnic University,Hong Kong,"18,636",17.8,42%,50 : 50,69.67399999999999,51.9,55.4,91.8,86.5,97.3,2026,,1.5,Hong Kong Polytechnic University,94.0,149998.0,9084623.0
197.0,The Education University of Hong Kong,Hong Kong,"5,692",13.0,27%,63 : 37,59.01049999999999,35.8,38.9,91.6,74.4,89.5,2026,,1.5,Education University of Hong Kong,94.0,17664.0,574985.0
214.0,Hong Kong Baptist University,Hong Kong,"7,628",13.4,60%,64 : 36,57.932,34.6,41.0,84.5,79.5,97.4,2026,,1.5,Hong Kong Baptist University,100.0,37770.0,2284053.0
311.0,Lingnan University Hong Kong,Hong Kong,"3,210",19.4,45%,62 : 38,53.664,29.5,38.4,83.7,40.7,94.5,2026,,1.5,,,,
37.0,University of Melbourne,Australia,"51,622",23.3,51%,58 : 42,79.0485,67.7,75.5,87.8,99.3,91.6,2026,64603.9856308464,1.85783,The University of Melbourne,92.0,340650.0,29967942.0
53.0,The University of Sydney,Australia,"51,531",22.4,53%,,75.06,59.2,67.5,91.5,98.9,88.2,2026,64603.9856308464,1.85783,The University of Sydney,100.0,330151.0,26078642.0
60.0,Monash University,Australia,"56,287",30.6,36%,54 : 46,74.08999999999999,54.3,65.5,94.0,99.6,91.9,2026,64603.9856308464,1.85783,Monash University,100.0,278940.0,20897462.0
74.0,Australian National University,Australia,"17,243",13.3,51%,54 : 46,71.1075,56.7,62.6,85.7,86.3,94.2,2026,64603.9856308464,1.85783,Australian National University,100.0,189867.0,14173299.0
79.0,UNSW Sydney,Australia,"47,144",32.5,44%,45 : 55,70.0075,50.2,57.7,91.9,96.7,93.7,2026,64603.9856308464,1.85783,UNSW Sydney,100.0,269173.0,19525931.0
81.0,The University of Queensland,Australia,"41,295",23.6,43%,54 : 46,69.70049999999999,50.9,60.9,87.6,97.6,91.2,2026,64603.9856308464,1.85783,The University of Queensland,100.0,273253.0,26661739.0
134.0,Adelaide University,Australia,"43,623",30.4,27%,55 : 45,63.0525,38.3,48.9,89.5,99.7,89.8,2026,64603.9856308464,1.85783,Adelaide University,100.0,0.0,0.0
149.0,University of Technology Sydney,Australia,"29,729",37.7,26%,51 : 49,61.9555,36.8,42.6,94.1,88.7,92.9,2026,64603.9856308464,1.85783,University of Technology Sydney,100.0,96787.0,5223565.0
154.0,The University of Western Australia,Australia,"19,880",23.6,30%,51 : 49,61.7165,38.7,45.1,87.6,98.4,93.4,2026,64603.9856308464,1.85783,The University of Western Australia,100.0,155780.0,13005466.0
169.0,Macquarie University,Australia,"29,826",50.2,25%,,60.711,35.9,42.5,90.9,97.2,88.5,2026,64603.9856308464,1.85783,Macquarie University,100.0,99980.0,5288337.0
210.0,Deakin University,Australia,"37,191",33.3,25%,58 : 42,57.9975,31.6,38.4,91.7,86.3,87.7,2026,64603.9856308464,1.85783,Deakin University,100.0,94320.0,5605627.0
210.0,Queensland University of Technology,Australia,"33,182",36.8,18%,53 : 47,57.9975,33.0,40.4,89.6,88.1,81.9,2026,64603.9856308464,1.85783,Queensland University of Technology,100.0,99553.0,5517204.0
236.0,University of Wollongong,Australia,"16,470",24.1,32%,54 : 46,56.9495,34.3,36.6,85.4,89.8,93.4,2026,64603.9856308464,1.85783,University of Wollongong,100.0,81689.0,4995159.0
255.0,University of Tasmania,Australia,"13,316",17.1,31%,58 : 42,56.179,34.3,36.9,84.5,82.8,89.3,2026,64603.9856308464,1.85783,University of Tasmania,100.0,74541.0,4243634.0
256.0,Swinburne University of Technology,Australia,"15,725",28.4,41%,43 : 57,56.158,33.0,33.6,91.4,78.1,81.8,2026,64603.9856308464,1.85783,Swinburne University of Technology,100.0,67720.0,2849941.0
264.0,La Trobe University,Australia,"21,509",31.2,37%,,55.857,29.5,36.8,88.9,79.0,88.7,2026,64603.9856308464,1.85783,La Trobe University,100.0,94816.0,4224475.0
267.0,RMIT University,Australia,"32,309",23.8,38%,49 : 51,55.7425,35.2,36.2,82.5,78.2,93.1,2026,64603.9856308464,1.85783,RMIT University,100.0,82962.0,4063174.0
285.0,Curtin University,Australia,"29,539",19.9,35%,52 : 48,54.924,28.5,34.2,87.5,80.4,95.1,2026,64603.9856308464,1.85783,Curtin University,100.0,92888.0,5200226.0
289.0,University of Newcastle,Australia,"22,320",29.2,20%,58 : 42,54.767,30.0,36.8,84.9,86.5,84.2,2026,64603.9856308464,1.85783,,,,
291.0,Griffith University,Australia,"30,484",26.3,25%,60 : 40,54.69649999999999,30.5,37.3,83.7,80.8,87.2,2026,64603.9856308464,1.85783,Griffith University,100.0,96589.0,5322268.0
306.0,Western Sydney University,Australia,"32,737",36.4,26%,59 : 41,54.0185,30.6,31.8,88.0,68.3,88.5,2026,64603.9856308464,1.85783,Western Sydney University,100.0,61528.0,2801643.0
320.0,Flinders University,Australia,"16,021",29.9,40%,63 : 37,53.172,27.9,36.9,82.9,68.7,88.3,2026,64603.9856308464,1.85783,Flinders University,100.0,68553.0,3556178.0
357.0,James Cook University,Australia,"9,165",15.3,14%,66 : 34,51.2615,28.8,31.9,82.3,67.8,81.5,2026,64603.9856308464,1.85783,James Cook University,100.0,51231.0,3561504.0
373.0,University of Southern Queensland,Australia,"10,582",21.5,19%,63 : 37,50.71,29.3,26.8,87.1,51.3,81.5,2026,64603.9856308464,1.85783,University of Southern Queensland,100.0,24882.0,1067264.0
381.0,Edith Cowan University,Australia,"18,928",27.9,35%,62 : 38,50.3385,22.5,25.8,89.2,69.6,89.0,2026,64603.9856308464,1.85783,Edith Cowan University,100.0,30872.0,1522854.0
406.0,Murdoch University,Australia,"15,815",29.1,53%,,49.657,25.9,27.4,80.2,72.7,94.7,2026,64603.9856308464,1.85783,Murdoch University,100.0,36847.0,1913428.0
425.0,Australian Catholic University,Australia,"22,604",31.7,20%,76 : 24,48.927,17.7,24.7,97.1,28.0,83.9,2026,64603.9856308464,1.85783,Australian Catholic University,100.0,22705.0,909785.0
442.0,University of Canberra,Australia,"10,723",27.2,44%,57 : 43,48.334,25.7,31.0,76.0,57.0,89.1,2026,64603.9856308464,1.85783,University of Canberra,100.0,35206.0,1160653.0
462.0,Bond University,Australia,"3,588",10.2,32%,56 : 44,47.509,26.8,21.9,87.3,25.8,80.4,2026,64603.9856308464,1.85783,Bond University,100.0,14991.0,710015.0
467.0,Charles Darwin University,Australia,"7,195",23.9,38%,65 : 35,47.2335,22.7,29.9,78.9,50.4,82.4,2026,64603.9856308464,1.85783,Charles Darwin University,100.0,18898.0,849570.0
473.0,Central Queensland University,Australia,"13,193",25.5,27%,61 : 39,47.129,18.0,26.9,86.6,50.2,80.4,2026,64603.9856308464,1.85783,Central Queensland University,100.0,21384.0,1140811.0
499.0,Southern Cross University,Australia,"8,883",43.0,22%,69 : 31,46.3175,24.4,29.9,72.8,66.9,79.1,2026,64603.9856308464,1.85783,Southern Cross University,100.0,16446.0,704103.0
547.0,Federation University Australia,Australia,"8,886",15.1,41%,60 : 40,45.276,20.9,18.2,81.5,70.5,87.5,2026,64603.9856308464,1.85783,Australian National University,85.0,189867.0,14173299.0
578.0,University of the Sunshine Coast,Australia,"11,020",27.0,15%,70 : 30,44.3555,21.9,29.5,72.2,64.5,68.0,2026,64603.9856308464,1.85783,University of the Sunshine Coast,100.0,17739.0,616758.0
597.0,Victoria University,Australia,"14,540",29.4,25%,59 : 41,43.86699999999999,22.9,24.7,74.5,55.9,71.5,2026,64603.9856308464,1.85783,Victoria University,100.0,24642.0,1276551.0
775.0,Charles Sturt University,Australia,"18,763",21.8,11%,69 : 31,39.62199999999999,18.8,20.2,72.3,52.2,59.2,2026,64603.9856308464,1.85783,Charles Sturt University,100.0,27421.0,1057937.0
895.0,The University of Notre Dame Australia,Australia,"7,652",14.9,5%,72 : 28,37.2725,32.4,18.0,56.5,27.8,59.1,2026,64603.9856308464,1.85783,The University of Notre Dame Australia,100.0,10548.0,267079.0
46.0,KU Leuven,Belgium,"50,336",37.1,21%,52 : 48,76.81549999999999,61.3,73.8,91.3,100.0,79.2,2026,56614.5679499036,3.27235,KU Leuven,100.0,305064.0,28347332.0
115.0,Ghent University,Belgium,"42,572",37.8,14%,58 : 42,65.13850000000001,48.8,58.6,82.7,99.9,65.9,2026,56614.5679499036,3.27235,Ghent University,100.0,166663.0,16193440.0
173.0,University of Antwerp,Belgium,"16,836",32.6,17%,57 : 43,60.6475,38.9,44.3,89.6,98.5,73.4,2026,56614.5679499036,3.27235,University of Antwerp,100.0,93940.0,9091895.0
187.0,Université Catholique de Louvain,Belgium,"27,280",39.4,21%,55 : 45,59.6735,40.0,47.7,80.7,95.2,80.3,2026,56614.5679499036,3.27235,,,,
224.0,Université Libre de Bruxelles,Belgium,"33,462",54.1,32%,58 : 42,57.458,36.7,44.8,81.3,68.3,86.9,2026,56614.5679499036,3.27235,Université Libre de Bruxelles,100.0,100666.0,9006558.0
234.0,Vrije Universiteit Brussel,Belgium,"16,387",37.1,24%,59 : 41,57.085,37.8,42.5,80.4,93.6,76.6,2026,56614.5679499036,3.27235,Vrije Universiteit Brussel,100.0,90271.0,6795904.0
314.0,University of Liège,Belgium,"22,785",29.7,21%,59 : 41,53.53549999999999,34.8,41.8,72.7,97.5,72.5,2026,56614.5679499036,3.27235,University of Liège,100.0,253200.0,7951103.0
345.0,Hasselt University,Belgium,"6,128",28.4,16%,50 : 50,51.979,35.0,37.8,72.8,87.8,71.2,2026,56614.5679499036,3.27235,Hasselt University,100.0,23771.0,1504506.0
648.0,University of Mons,Belgium,"8,374",26.7,17%,56 : 44,42.441,27.2,30.9,58.4,66.4,70.4,2026,56614.5679499036,3.27235,University of Mons,100.0,42247.0,1661825.0
842.0,University of Namur,Belgium,"6,480",20.0,17%,58 : 42,38.14,26.8,26.7,49.0,62.4,70.6,2026,56614.5679499036,3.27235,University of Namur,100.0,19665.0,1616707.0
48.0,Paris Sciences et Lettres – PSL Research University Paris,France,"15,646",14.5,20%,52 : 48,76.4815,74.2,71.8,79.8,99.7,77.9,2026,46103.0840855884,2.17832,,,,
68.0,Université Paris-Saclay,France,"32,807",14.0,25%,50 : 50,71.6445,67.9,62.2,80.6,92.4,76.0,2026,46103.0840855884,2.17832,Université Paris-Saclay,100.0,161154.0,14299421.0
69.0,Institut Polytechnique de Paris,France,"6,217",7.6,43%,23 : 77,71.64349999999999,71.8,62.4,70.9,99.1,95.1,2026,46103.0840855884,2.17832,Institut Polytechnique de Paris,100.0,9313.0,217256.0
76.0,Sorbonne University,France,"38,923",13.6,23%,61 : 39,70.394,67.6,59.2,81.6,73.1,78.4,2026,46103.0840855884,2.17832,Sorbonne Université,97.0,386477.0,35492979.0
192.0,Université Paris Cité,France,"66,075",18.2,22%,64 : 36,59.2905,44.4,38.0,89.9,68.0,73.1,2026,46103.0840855884,2.17832,Université Paris Cité,100.0,353440.0,38979313.0
315.0,École Normale Supérieure de Lyon,France,"1,934",7.1,11%,45 : 55,53.524,56.8,44.0,51.9,90.2,64.4,2026,46103.0840855884,2.17832,École Normale Supérieure de Lyon,100.0,52718.0,2515054.0
396.0,Université Grenoble Alpes,France,"48,893",17.9,19%,52 : 48,50.02499999999999,42.6,36.7,62.7,70.0,69.4,2026,46103.0840855884,2.17832,Université Grenoble Alpes,100.0,156914.0,10532602.0
401.0,Institut Agro,France,"2,565",8.8,17%,61 : 39,49.822,48.4,34.9,58.2,78.7,64.2,2026,46103.0840855884,2.17832,L'Institut Agro,93.0,4255.0,108476.0
403.0,Montpellier University,France,"39,869",19.9,15%,56 : 44,49.7355,39.5,33.5,68.7,68.7,66.8,2026,46103.0840855884,2.17832,Université de Montpellier,91.0,139101.0,9386133.0
430.0,IMT Atlantique,France,"1,295",7.5,37%,26 : 74,48.7405,47.3,35.5,48.3,97.8,81.2,2026,46103.0840855884,2.17832,IMT Atlantique,100.0,10587.0,361756.0
472.0,University of Bordeaux,France,"51,535",21.0,15%,60 : 40,47.133,36.8,28.0,68.6,68.3,64.6,2026,46103.0840855884,2.17832,Université de Bordeaux,88.0,120054.0,7986857.0
546.0,University of Toulouse,France,"110,552",22.0,16%,57 : 43,45.27799999999999,32.5,30.7,62.9,71.0,67.7,2026,46103.0840855884,2.17832,Université de Toulouse,88.0,0.0,0.0
612.0,Sciences Po,France,"14,675",49.1,41%,64 : 36,43.403000000000006,30.1,24.8,67.9,18.6,82.9,2026,46103.0840855884,2.17832,,,,
621.0,Centrale Nantes,France,"1,755",13.2,37%,23 : 77,43.1775,39.9,31.2,41.7,86.1,85.4,2026,46103.0840855884,2.17832,,,,
635.0,École Nationale des Travaux Publics de l'État (ENTPE),France,794,13.5,17%,43 : 57,42.6475,36.4,37.2,41.8,80.1,71.7,2026,46103.0840855884,2.17832,École Nationale des Travaux Publics de l'État,93.0,5153.0,151710.0
652.0,Université Côte d'Azur,France,"31,714",19.8,21%,57 : 43,42.31949999999999,30.9,20.8,61.4,65.8,81.6,2026,46103.0840855884,2.17832,Université Côte d'Azur,100.0,50196.0,4426125.0
676.0,University of Lille,France,"78,318",30.6,14%,61 : 39,41.8105,33.6,23.4,58.5,67.0,65.1,2026,46103.0840855884,2.17832,,,,
682.0,Claude Bernard University Lyon 1,France,"35,702",16.9,13%,56 : 44,41.72,27.0,26.4,62.6,70.1,60.2,2026,46103.0840855884,2.17832,Université Claude Bernard Lyon 1,98.0,205980.0,17182449.0
683.0,Nantes Université,France,"35,045",17.3,12%,57 : 43,41.7185,29.3,21.4,65.6,67.6,59.8,2026,46103.0840855884,2.17832,Nantes Université,100.0,81678.0,3595949.0
726.0,École des Mines de Saint-Étienne,France,"1,128",9.5,29%,27 : 73,40.6165,47.3,31.3,30.1,78.9,72.0,2026,46103.0840855884,2.17832,,,,
788.0,University of Rennes 1,France,"29,025",19.3,12%,55 : 45,39.4035,34.3,20.0,53.4,70.0,62.2,2026,46103.0840855884,2.17832,Université Rennes 1,90.0,0.0,0.0
830.0,Panthéon-Sorbonne University – Paris 1,France,"36,234",29.2,21%,64 : 36,38.3325,36.9,34.0,38.0,35.8,63.4,2026,46103.0840855884,2.17832,Université Paris 1 Panthéon-Sorbonne,99.0,56106.0,489220.0
849.0,National Institute of Applied Sciences of Lyon (INSA Lyon),France,"6,160",12.6,26%,38 : 62,38.0195,38.7,22.9,36.7,93.3,69.6,2026,46103.0840855884,2.17832,,,,
887.0,Arts et Métiers,France,"6,012",16.6,14%,19 : 81,37.477,35.1,23.0,40.6,82.5,66.3,2026,46103.0840855884,2.17832,Arts et Métiers,100.0,14944.0,623259.0
977.0,Université de Bretagne Occidentale,France,"22,138",24.8,12%,59 : 41,35.9125,27.0,19.6,51.8,49.4,63.3,2026,46103.0840855884,2.17832,Université de Bretagne Occidentale,100.0,35956.0,1543923.0
978.0,Marie and Louis Pasteur University,France,"27,356",29.5,13%,54 : 46,35.873999999999995,22.7,20.4,51.9,64.6,68.1,2026,46103.0840855884,2.17832,Université Marie et Louis Pasteur,91.0,1603.0,3254.0
990.0,National Veterinary School of Alfort (EnvA),France,872,5.9,0%,78 : 22,35.67,44.3,11.9,44.2,44.7,54.7,2026,46103.0840855884,2.17832,,,,
995.0,École Centrale de Lyon,France,"2,251",15.6,25%,29 : 71,35.5785,37.2,22.8,29.5,85.5,76.3,2026,46103.0840855884,2.17832,École Centrale de Lyon,100.0,12680.0,564585.0
1001.0,IMT Nord Europe,France,"1,621",18.0,21%,23 : 77,35.4715,32.9,31.0,28.8,68.4,72.0,2026,46103.0840855884,2.17832,IMT Nord Europe,100.0,2970.0,71869.0
1013.0,University of Angers,France,"25,244",26.0,14%,65 : 35,35.23650000000001,18.8,23.1,51.1,58.6,70.9,2026,46103.0840855884,2.17832,Université d'Angers,89.0,30791.0,1597996.0
1034.0,Université Bourgogne Europe,France,"33,421",28.3,12%,58 : 42,34.8565,19.5,16.0,58.8,61.1,58.4,2026,46103.0840855884,2.17832,Université Bourgogne Europe,100.0,1761.0,1299.0
1040.0,University of Savoie Mont Blanc,France,"14,444",24.6,11%,50 : 50,34.7965,17.8,17.6,58.4,55.1,62.9,2026,46103.0840855884,2.17832,Université Savoie Mont Blanc,93.0,32111.0,3716833.0
1075.0,CY Cergy Paris University,France,"16,674",16.0,27%,50 : 50,34.151,26.3,20.5,38.1,56.5,90.1,2026,46103.0840855884,2.17832,CY Cergy Paris Université,98.0,20564.0,478469.0
1103.0,University of Clermont Auvergne,France,"35,429",19.9,15%,59 : 41,33.629000000000005,20.8,18.6,49.3,60.1,65.4,2026,46103.0840855884,2.17832,Université Clermont Auvergne,93.0,62132.0,4781391.0
1152.0,University of Tours,France,"29,179",18.1,13%,61 : 39,32.869499999999995,30.9,15.9,42.7,47.7,59.0,2026,46103.0840855884,2.17832,Université de Tours,86.0,37278.0,1932722.0
1212.0,Université d’Orléans,France,"18,607",19.8,15%,50 : 50,31.958,20.3,16.6,46.1,51.7,70.1,2026,46103.0840855884,2.17832,Université d'Orléans,100.0,30595.0,1387342.0
1345.0,Université de Poitiers,France,"28,005",17.7,13%,59 : 41,29.5315,27.5,20.9,30.5,39.7,61.6,2026,46103.0840855884,2.17832,Université de Poitiers,100.0,41891.0,1777869.0
1349.0,University of Technology of Compiègne,France,"4,377",16.0,18%,42 : 58,29.501,28.7,11.6,30.6,58.7,81.9,2026,46103.0840855884,2.17832,,,,
1370.0,University of Rouen Normandie,France,"31,367",23.8,14%,61 : 39,29.123,24.9,13.9,38.3,51.6,55.9,2026,46103.0840855884,2.17832,Université de Rouen Normandie,88.0,47268.0,2617571.0
1431.0,University of Reims Champagne-Ardenne,France,"25,691",18.5,11%,58 : 42,28.31,29.1,9.8,37.4,36.4,56.1,2026,46103.0840855884,2.17832,Université de Reims Champagne-Ardenne,93.0,34414.0,1505649.0
1539.0,University of Technology of Troyes,France,"2,898",17.9,24%,26 : 74,26.603,31.8,11.4,22.2,40.4,75.2,2026,46103.0840855884,2.17832,,,,
1592.0,University of La Rochelle,France,"7,760",19.8,10%,55 : 45,25.666,19.7,12.6,33.6,30.2,65.5,2026,46103.0840855884,2.17832,La Rochelle Université,91.0,10939.0,432121.0
1605.0,Université Polytechnique Hauts-de-France,France,"13,034",27.3,12%,48 : 52,25.553,17.4,8.3,35.3,57.7,68.2,2026,46103.0840855884,2.17832,Université Polytechnique Hauts-de-France,100.0,12078.0,253979.0
1626.0,Paris Nanterre University,France,"30,986",20.1,16%,65 : 35,25.297,21.5,16.6,27.0,35.7,61.5,2026,46103.0840855884,2.17832,Université Paris Nanterre,98.0,45420.0,316199.0
1630.0,Université Sorbonne Nouvelle,France,"14,218",20.2,23%,77 : 23,25.273499999999995,28.0,12.0,23.3,37.4,67.3,2026,46103.0840855884,2.17832,Université Sorbonne Nouvelle,100.0,28729.0,145667.0
1660.0,"National Institute of Applied Sciences, Strasbourg (INSA Strasbourg)",France,"1,980",16.9,13%,37 : 63,24.652,23.2,9.3,28.0,36.9,69.8,2026,46103.0840855884,2.17832,,,,
1718.0,University of Pau and Pays de l’Adour,France,"13,266",13.4,16%,53 : 47,23.806,24.4,12.5,20.0,31.7,76.2,2026,46103.0840855884,2.17832,,,,
1948.0,Jean Moulin University – Lyon 3,France,"27,662",38.2,21%,66 : 34,18.852,15.0,13.7,16.0,29.6,59.6,2026,46103.0840855884,2.17832,Université Jean Moulin Lyon III,92.0,16498.0,66149.0
55.0,Karolinska Institute,Sweden,"8,123",9.8,23%,70 : 30,74.99499999999998,59.6,66.0,95.5,94.7,77.8,2026,57117.4877440616,3.59978,Karolinska Institutet,98.0,231627.0,30011883.0
96.0,Lund University,Sweden,"23,748",10.2,22%,56 : 44,66.5655,49.1,56.7,85.7,99.7,79.2,2026,57117.4877440616,3.59978,Lund University,100.0,232043.0,21761777.0
99.0,KTH Royal Institute of Technology,Sweden,"15,263",18.2,28%,31 : 69,66.277,51.1,57.3,79.7,97.2,90.5,2026,57117.4877440616,3.59978,KTH Royal Institute of Technology,100.0,115276.0,8204418.0
128.0,Uppsala University,Sweden,"20,953",10.9,18%,59 : 41,63.45649999999999,47.4,54.9,81.3,95.0,71.5,2026,57117.4877440616,3.59978,Uppsala University,100.0,201843.0,17860034.0
204.0,Stockholm University,Sweden,"27,746",16.2,14%,,58.46,33.5,48.4,87.2,66.1,76.5,2026,57117.4877440616,3.59978,Stockholm University,100.0,128506.0,12172786.0
212.0,University of Gothenburg,Sweden,"20,756",10.9,13%,,57.9785,34.8,43.2,91.1,78.8,62.7,2026,57117.4877440616,3.59978,University of Gothenburg,100.0,142371.0,12434398.0
240.0,Chalmers University of Technology,Sweden,"10,245",11.9,18%,33 : 67,56.8745,42.6,45.9,71.2,97.1,76.7,2026,57117.4877440616,3.59978,Chalmers University of Technology,100.0,89262.0,5501721.0
241.0,Linköping University,Sweden,"15,130",14.5,18%,54 : 46,56.76499999999999,31.1,40.4,89.1,96.8,70.3,2026,57117.4877440616,3.59978,Linköping University,100.0,87542.0,6157500.0
366.0,Swedish University of Agricultural Sciences,Sweden,"4,207",4.3,8%,71 : 29,50.9115,35.5,34.8,76.0,87.8,53.8,2026,57117.4877440616,3.59978,Swedish University of Agricultural Sciences,100.0,63223.0,5239957.0
405.0,Umeå University,Sweden,"13,447",9.4,8%,62 : 38,49.6945,30.0,33.1,80.2,63.2,62.1,2026,57117.4877440616,3.59978,Umeå University,100.0,83791.0,7415713.0
640.0,Örebro University,Sweden,"9,943",16.6,6%,63 : 37,42.5915,19.3,25.2,78.3,50.5,54.4,2026,57117.4877440616,3.59978,Örebro University,100.0,21909.0,1021672.0
815.0,Jönköping University,Sweden,"6,586",13.8,12%,61 : 39,38.83849999999999,21.0,22.4,65.5,37.0,66.9,2026,57117.4877440616,3.59978,Jönköping University,100.0,10825.0,436595.0
940.0,Halmstad University,Sweden,"4,642",11.9,6%,62 : 38,36.56099999999999,20.4,16.7,64.8,29.0,68.0,2026,57117.4877440616,3.59978,Halmstad University,100.0,6904.0,244784.0
57.0,Delft University of Technology,Netherlands,"21,410",14.8,35%,32 : 68,74.246,64.1,75.1,75.5,100.0,92.1,2026,67520.4218956281,2.26719,Delft University of Technology,100.0,172219.0,10707724.0
62.0,University of Amsterdam,Netherlands,"31,035",12.6,39%,60 : 40,73.7445,55.4,63.6,96.6,76.0,92.5,2026,67520.4218956281,2.26719,University of Amsterdam,100.0,232488.0,24884161.0
66.0,Wageningen University & Research,Netherlands,"15,905",16.9,31%,54 : 46,72.19300000000001,58.6,58.4,90.4,99.5,91.6,2026,67520.4218956281,2.26719,Wageningen University & Research,100.0,123442.0,12153610.0
70.0,Leiden University,Netherlands,"34,441",17.6,22%,58 : 42,71.33449999999999,49.3,63.3,93.6,99.1,85.2,2026,67520.4218956281,2.26719,Leiden University,100.0,144345.0,11610481.0
83.0,University of Groningen,Netherlands,"33,098",23.4,28%,54 : 46,69.28949999999999,47.4,55.9,94.1,99.7,91.7,2026,67520.4218956281,2.26719,University of Groningen,100.0,179733.0,19926842.0
107.0,Erasmus University Rotterdam,Netherlands,"31,507",21.1,26%,54 : 46,65.569,38.5,52.9,95.9,89.2,87.1,2026,67520.4218956281,2.26719,Erasmus University Rotterdam,100.0,117098.0,12038654.0
131.0,Maastricht University,Netherlands,"21,903",16.4,60%,60 : 40,63.2565,41.4,46.1,88.3,98.3,96.7,2026,67520.4218956281,2.26719,Maastricht University,100.0,111852.0,10696429.0
155.0,Radboud University Nijmegen,Netherlands,"23,615",16.1,13%,58 : 42,61.537,38.5,49.7,89.3,82.1,75.9,2026,67520.4218956281,2.26719,Radboud University Nijmegen,100.0,204037.0,24333809.0
179.0,Vrije Universiteit Amsterdam,Netherlands,"31,949",15.8,20%,57 : 43,60.206,37.7,41.8,91.8,77.5,84.3,2026,67520.4218956281,2.26719,Vrije Universiteit Amsterdam,100.0,133306.0,11353698.0
191.0,University of Twente,Netherlands,"8,204",9.5,43%,37 : 63,59.3175,45.7,45.0,73.0,98.9,92.4,2026,67520.4218956281,2.26719,University of Twente,100.0,88248.0,5792241.0
194.0,Eindhoven University of Technology,Netherlands,"10,823",19.1,36%,30 : 70,59.1715,47.7,49.5,67.0,100.0,88.6,2026,67520.4218956281,2.26719,Eindhoven University of Technology,100.0,95056.0,6544137.0
330.0,Tilburg University,Netherlands,"12,796",19.9,24%,53 : 47,52.7115,29.1,42.9,73.8,78.9,85.2,2026,67520.4218956281,2.26719,Tilburg University,100.0,48287.0,2049413.0
59.0,Seoul National University,South Korea,"26,783",15.3,16%,,74.094,74.1,74.8,77.6,100.0,43.5,2026,,1.5,Seoul National University,100.0,240595.0,20816317.0
71.0,Korea Advanced Institute of Science and Technology (KAIST),South Korea,"10,728",11.9,11%,24 : 76,71.2865,66.7,67.5,82.4,100.0,44.2,2026,,1.5,Korea Advanced Institute of Science and Technology,94.0,114140.0,8872776.0
86.0,Yonsei University (Seoul campus),South Korea,"19,066",15.3,17%,51 : 49,68.47999999999999,58.7,57.4,87.8,100.0,55.7,2026,,1.5,Yonsei University Mirae Campus,87.0,0.0,0.0
87.0,Sungkyunkwan University (SKKU),South Korea,"19,012",15.8,22%,49 : 51,68.2645,60.2,57.5,83.4,99.7,64.3,2026,,1.5,Sungkyunkwan University,90.0,124858.0,10762604.0
142.0,Pohang University of Science and Technology (POSTECH),South Korea,"3,234",9.2,7%,,62.306,58.3,49.5,79.2,100.0,39.9,2026,,1.5,Pohang University of Science and Technology,91.0,54934.0,5700897.0
159.0,Korea University,South Korea,"21,728",17.5,38%,,61.406,52.4,51.3,73.3,99.9,67.8,2026,,1.5,Korea University,100.0,115195.0,9426650.0
243.0,Ulsan National Institute of Science and Technology (UNIST),South Korea,"3,868",12.0,8%,29 : 71,56.7145,47.4,39.5,81.3,98.1,39.5,2026,,1.5,Ulsan National Institute of Science and Technology,94.0,22749.0,2686408.0
254.0,Kyung Hee University,South Korea,"20,363",17.4,30%,54 : 46,56.2245,41.2,40.3,76.5,99.9,72.5,2026,,1.5,Kyung Hee University,100.0,74561.0,4623107.0
269.0,Sejong University,South Korea,"13,684",20.9,16%,46 : 54,55.719,33.6,33.6,92.6,83.7,65.8,2026,,1.5,Sejong University,100.0,31895.0,1700027.0
295.0,Hanyang University,South Korea,"19,402",13.6,27%,,54.3995,45.9,41.5,65.5,99.6,69.2,2026,,1.5,Hanyang University,100.0,91686.0,5559329.0
363.0,Daegu Gyeongbuk Institute of Science and Technology (DGIST),South Korea,942,6.7,4%,35 : 65,51.00999999999999,49.4,38.7,64.0,89.6,32.4,2026,,1.5,Daegu Gyeongbuk Institute of Science and Technology,94.0,10096.0,650083.0
402.0,Gwangju Institute of Science and Technology (GIST),South Korea,"1,773",9.3,9%,30 : 70,49.78799999999999,49.3,39.8,53.4,94.0,52.3,2026,,1.5,Gwangju Institute of Science and Technology,95.0,24247.0,1941158.0
456.0,Chung-Ang University,South Korea,"18,394",21.9,26%,,47.924,38.8,38.9,55.7,93.3,63.4,2026,,1.5,Chung-Ang University,100.0,46675.0,2062351.0
474.0,Ajou University,South Korea,"7,348",15.0,26%,39 : 61,47.1195,34.3,38.6,58.4,95.8,59.4,2026,,1.5,Ajou University,100.0,42869.0,2117024.0
529.0,Pusan National University,South Korea,"15,331",15.5,14%,53 : 47,45.6805,41.6,39.6,49.1,95.3,45.1,2026,,1.5,Pusan National University,100.0,67985.0,4094019.0
545.0,University of Ulsan,South Korea,"11,778",10.7,2%,45 : 55,45.287,30.6,27.6,75.8,92.9,24.0,2026,,1.5,University of Ulsan,100.0,63408.0,5459099.0
559.0,Konkuk University,South Korea,"11,274",25.4,22%,,45.0345,34.2,38.8,50.2,96.4,63.7,2026,,1.5,Konkuk University,100.0,36613.0,2601466.0
576.0,Kyungpook National University (KNU),South Korea,"17,162",15.8,17%,47 : 53,44.4975,34.8,38.5,51.0,96.1,52.3,2026,,1.5,Kyungpook National University,94.0,74331.0,5093444.0
583.0,Ewha Womans University,South Korea,"14,226",16.6,16%,100 : 0,44.246,36.9,37.3,50.3,90.9,50.9,2026,,1.5,Ewha Womans University,100.0,40992.0,2770382.0
592.0,Yeungnam University,South Korea,"19,201",15.4,6%,50 : 50,44.0375,25.1,22.9,75.3,62.8,65.2,2026,,1.5,Yeungnam University,100.0,40453.0,1991765.0
596.0,Gachon University,South Korea,"23,826",24.4,18%,50 : 50,43.91199999999999,34.9,24.1,63.8,70.0,62.5,2026,,1.5,Gachon University,100.0,26315.0,1025297.0
629.0,The Catholic University of Korea (CUK),South Korea,"7,349",18.6,15%,58 : 42,42.858,31.6,39.0,50.9,92.9,43.2,2026,,1.5,Catholic University of Korea,88.0,53264.0,3218883.0
862.0,Jeonbuk National University,South Korea,"18,726",20.3,10%,46 : 54,37.83,33.3,29.2,46.7,69.4,36.7,2026,,1.5,Jeonbuk National University,100.0,47112.0,2952322.0
865.0,Chonnam National University,South Korea,"16,714",12.6,8%,51 : 49,37.7795,34.5,29.6,47.0,60.7,33.2,2026,,1.5,Chonnam National University,100.0,47592.0,3500051.0
880.0,Inha University,South Korea,"14,163",17.0,8%,43 : 57,37.5615,31.6,28.2,46.2,83.6,38.1,2026,,1.5,Inha University,100.0,45183.0,2304797.0
906.0,Sogang University,South Korea,"10,317",25.0,18%,46 : 54,37.1445,30.9,31.4,42.6,73.7,42.6,2026,,1.5,Sogang University,100.0,18657.0,812087.0
1003.0,Chungbuk National University,South Korea,"11,274",13.3,11%,43 : 57,35.42399999999999,33.5,31.4,36.3,70.2,36.5,2026,,1.5,Chungbuk National University,100.0,36013.0,1632298.0
1086.0,University of Seoul,South Korea,"9,555",13.5,7%,44 : 56,34.015,31.8,28.3,38.5,50.3,38.2,2026,,1.5,University of Seoul,100.0,15822.0,1170336.0
1089.0,Chungnam National University,South Korea,"20,792",20.2,3%,47 : 53,33.9375,30.1,30.7,37.9,72.0,25.4,2026,,1.5,Chungnam National University,100.0,54691.0,2541426.0
1289.0,Soonchunhyang University,South Korea,"8,983",19.4,6%,50 : 50,30.5245,22.6,27.9,35.8,63.6,33.1,2026,,1.5,Soonchunhyang University,100.0,20781.0,890368.0
1291.0,Pukyong National University,South Korea,"16,710",18.1,8%,47 : 53,30.481,30.3,20.4,36.1,54.1,35.1,2026,,1.5,Pukyong National University,100.0,26784.0,1145443.0
1297.0,Seoul National University of Science and Technology (SeoulTech),South Korea,"8,106",11.8,13%,38 : 62,30.4305,30.3,21.7,35.1,52.6,34.2,2026,,1.5,Seoul National University of Science and Technology,91.0,17133.0,615266.0
1327.0,Hallym University,South Korea,"7,676",8.5,4%,,29.9245,26.8,19.9,39.7,62.5,24.5,2026,,1.5,Hallym University,100.0,22483.0,1301166.0
1346.0,Kangwon National University,South Korea,"20,621",20.1,3%,42 : 58,29.5195,24.6,24.9,36.6,54.1,25.3,2026,,1.5,Kangwon National University,100.0,34906.0,1717032.0
1375.0,Woosong University,South Korea,"10,350",15.4,21%,44 : 56,29.0435,19.1,10.4,43.2,24.2,86.2,2026,,1.5,Woosong University,100.0,2865.0,44422.0
1384.0,Jeju National University,South Korea,"10,335",15.0,4%,53 : 47,28.9005,25.3,20.2,38.6,44.1,29.8,2026,,1.5,Jeju National University,100.0,18145.0,848297.0
1385.0,Gyeongsang National University,South Korea,"16,298",12.6,2%,44 : 56,28.8265,27.8,19.5,36.0,55.7,25.9,2026,,1.5,Gyeongsang National University,100.0,34963.0,2108597.0
1457.0,Kookmin University,South Korea,"15,777",18.5,13%,49 : 51,27.9595,28.6,21.3,27.0,59.7,38.1,2026,,1.5,Kookmin University,100.0,13449.0,487426.0
1502.0,Incheon National University,South Korea,"17,160",21.2,3%,39 : 61,27.2595,19.4,18.4,38.7,48.2,35.5,2026,,1.5,Incheon National University,100.0,15496.0,479552.0
1507.0,Chosun University,South Korea,"19,223",25.1,2%,47 : 53,27.198,25.2,23.1,25.8,75.0,31.0,2026,,1.5,Chosun University,100.0,21314.0,792761.0
1741.0,Dankook University,South Korea,"26,277",16.6,5%,54 : 46,23.464,23.1,14.7,27.8,51.1,26.7,2026,,1.5,Dankook University,100.0,24025.0,966426.0
90.0,University of Copenhagen,Denmark,"31,425",4.2,14%,63 : 37,67.11849999999998,51.3,52.2,91.3,92.8,76.6,2026,71026.4832271897,3.04841,University of Copenhagen,100.0,283370.0,26509203.0
101.0,Aarhus University,Denmark,"25,370",12.8,12%,60 : 40,66.1985,48.6,58.8,83.9,99.8,75.3,2026,71026.4832271897,3.04841,Aarhus University,100.0,221890.0,12614488.0
121.0,Technical University of Denmark,Denmark,"11,254",8.8,37%,34 : 66,64.34,51.2,46.5,82.6,99.9,93.0,2026,71026.4832271897,3.04841,Technical University of Denmark,100.0,147310.0,11718570.0
259.0,Aalborg University,Denmark,"16,050",13.9,13%,,56.063,33.6,44.9,80.6,88.0,72.4,2026,71026.4832271897,3.04841,Aalborg University,100.0,111910.0,4433654.0
281.0,University of Southern Denmark,Denmark,"17,548",9.5,15%,54 : 46,55.207,30.4,36.0,87.3,98.1,75.8,2026,71026.4832271897,3.04841,University of Southern Denmark,100.0,90615.0,5399534.0
479.0,Roskilde University,Denmark,"5,248",14.0,17%,66 : 34,46.968,25.9,34.1,74.6,73.9,54.7,2026,71026.4832271897,3.04841,Roskilde University,100.0,31636.0,610920.0
95.0,University of Vienna,Austria,"30,228",36.6,34%,65 : 35,66.601,50.0,60.9,79.8,80.0,94.0,2026,58268.8787651601,3.25517,University of Vienna,100.0,165692.0,10183268.0
183.0,Medical University of Vienna,Austria,"7,531",17.9,30%,54 : 46,59.87650000000001,36.3,36.8,94.2,99.9,83.2,2026,58268.8787651601,3.25517,Medical University of Vienna,100.0,100908.0,9770757.0
246.0,Medical University of Innsbruck,Austria,"3,619",14.0,45%,57 : 43,56.5685,33.8,30.1,90.9,99.4,88.3,2026,58268.8787651601,3.25517,Innsbruck Medical University,95.0,37994.0,4145711.0
248.0,Medical University of Graz,Austria,"4,494",19.5,30%,56 : 44,56.55399999999999,29.7,35.1,92.0,97.9,81.3,2026,58268.8787651601,3.25517,Medical University of Graz,100.0,39106.0,3732604.0
270.0,Central European University,Austria,"1,453",7.8,96%,58 : 42,55.693,50.0,34.4,76.3,28.3,92.6,2026,58268.8787651601,3.25517,Central European University,100.0,7288.0,120824.0
308.0,TU Wien,Austria,"11,068",19.8,35%,31 : 69,53.7705,44.2,47.2,55.5,99.9,85.3,2026,58268.8787651601,3.25517,TU Wien,100.0,105710.0,5047684.0
332.0,University of Innsbruck,Austria,"13,992",21.5,52%,54 : 46,52.623000000000005,35.7,36.8,69.6,87.8,93.7,2026,58268.8787651601,3.25517,Universität Innsbruck,88.0,95528.0,6876814.0
419.0,Johannes Kepler University of Linz,Austria,"6,857",20.5,23%,49 : 51,49.1225,36.7,35.4,61.4,98.5,75.6,2026,58268.8787651601,3.25517,Johannes Kepler University of Linz,100.0,36161.0,1571395.0
585.0,University of Graz,Austria,"10,958",10.8,19%,65 : 35,44.2375,32.3,24.1,65.3,51.0,81.2,2026,58268.8787651601,3.25517,University of Graz,100.0,70491.0,3313445.0
633.0,Graz University of Technology,Austria,"6,734",8.7,26%,27 : 73,42.66049999999999,41.9,22.7,46.5,95.3,79.4,2026,58268.8787651601,3.25517,Graz University of Technology,100.0,70695.0,2805740.0
637.0,University of Klagenfurt,Austria,"3,377",8.7,33%,66 : 34,42.63699999999999,34.4,19.6,60.5,49.5,89.0,2026,58268.8787651601,3.25517,University of Klagenfurt,100.0,12135.0,352403.0
740.0,Paris Lodron Universität Salzburg,Austria,"6,302",8.5,40%,68 : 32,40.282,32.3,21.8,51.8,49.6,92.1,2026,58268.8787651601,3.25517,,,,
885.0,Montanuniversität Leoben,Austria,"1,970",6.3,20%,26 : 74,37.5275,40.7,21.3,34.6,78.6,77.6,2026,58268.8787651601,3.25517,Montanuniversität Leoben,100.0,15804.0,646706.0
104.0,University of Helsinki,Finland,"22,974",15.8,7%,68 : 32,65.738,50.4,57.3,90.1,70.7,58.6,2026,53149.7671934051,3.0938,University of Helsinki,100.0,218490.0,21400921.0
196.0,Aalto University,Finland,"15,131",21.3,26%,39 : 61,59.017,44.3,43.4,78.9,91.0,80.7,2026,53149.7671934051,3.0938,Aalto University,100.0,63021.0,3401507.0
272.0,University of Oulu,Finland,"11,334",22.0,10%,56 : 44,55.6275,36.7,39.5,85.8,70.9,63.6,2026,53149.7671934051,3.0938,University of Oulu,100.0,74081.0,5780225.0
301.0,LUT University,Finland,"6,341",33.6,25%,35 : 65,54.27,31.6,35.3,87.9,75.4,71.0,2026,53149.7671934051,3.0938,Aalto University,87.0,63021.0,3401507.0
344.0,University of Turku,Finland,"13,966",15.4,7%,64 : 36,52.018,34.2,35.6,83.4,66.0,52.6,2026,53149.7671934051,3.0938,University of Turku,100.0,90806.0,6401600.0
346.0,Tampere University,Finland,"17,284",19.2,10%,53 : 47,51.92999999999999,31.2,38.7,80.2,85.2,53.8,2026,53149.7671934051,3.0938,Tampere University,100.0,55348.0,2956281.0
429.0,University of Vaasa,Finland,"4,302",18.3,6%,50 : 50,48.7695,23.7,28.1,90.5,35.6,67.4,2026,53149.7671934051,3.0938,University of Vaasa,100.0,8108.0,251590.0
444.0,University of Jyväskylä,Finland,"11,150",13.1,4%,64 : 36,48.1555,31.9,34.4,77.2,49.1,48.6,2026,53149.7671934051,3.0938,University of Jyväskylä,100.0,47630.0,3105853.0
482.0,University of Eastern Finland,Finland,"12,849",17.1,7%,68 : 32,46.86749999999999,28.6,31.1,76.6,67.6,49.7,2026,53149.7671934051,3.0938,University of Eastern Finland,100.0,56408.0,5200197.0
114.0,University of Oslo,Norway,"20,102",11.7,18%,64 : 36,65.16149999999999,47.8,52.5,90.3,75.2,76.5,2026,86785.4334489176,1.85142,University of Oslo,100.0,187184.0,15441231.0
287.0,University of Bergen,Norway,"15,304",13.0,13%,62 : 38,54.9005,35.3,36.4,84.1,75.4,75.8,2026,86785.4334489176,1.85142,University of Bergen,100.0,210069.0,9010802.0
331.0,Norwegian University of Science and Technology,Norway,"38,384",15.0,9%,51 : 49,52.636500000000005,36.7,39.1,75.9,71.4,64.6,2026,86785.4334489176,1.85142,Norwegian University of Science and Technology,100.0,135121.0,7412954.0
669.0,UiT The Arctic University of Norway,Norway,"15,308",10.6,10%,62 : 38,41.938500000000005,27.3,23.1,67.6,48.9,66.0,2026,86785.4334489176,1.85142,UiT The Arctic University of Norway,100.0,60871.0,4152437.0
863.0,Norwegian University of Life Sciences,Norway,"8,193",8.4,7%,57 : 43,37.8205,32.0,15.4,58.4,40.8,63.5,2026,86785.4334489176,1.85142,Norwegian University of Life Sciences,100.0,28319.0,1867856.0
130.0,University of Bologna,Italy,"75,831",22.4,16%,58 : 42,63.28549999999999,54.2,50.1,83.3,82.5,59.7,2026,40385.3413957669,1.37935,University of Bologna,100.0,215871.0,18092439.0
138.0,Scuola Normale Superiore di Pisa,Italy,700,8.8,11%,30 : 70,62.7635,58.6,46.9,86.4,37.7,59.3,2026,40385.3413957669,1.37935,Scuola Normale Superiore,86.0,18958.0,2948892.0
172.0,Sapienza University of Rome,Italy,"60,428",27.3,7%,61 : 39,60.651,55.9,53.5,73.4,85.2,42.9,2026,40385.3413957669,1.37935,Sapienza University of Rome,100.0,247218.0,19812642.0
216.0,Politecnico di Milano,Italy,"39,793",21.8,23%,36 : 64,57.8525,46.2,51.9,67.8,98.0,65.5,2026,40385.3413957669,1.37935,Politecnico di Milano,100.0,253532.0,5648213.0
231.0,Sant’Anna School of Advanced Studies – Pisa,Italy,807,6.4,20%,43 : 57,57.17399999999999,50.2,38.3,77.5,93.7,56.8,2026,40385.3413957669,1.37935,,,,
242.0,University of Padua,Italy,"49,946",30.1,11%,58 : 42,56.724,46.4,41.0,80.0,78.9,53.2,2026,40385.3413957669,1.37935,University of Padua,100.0,208544.0,19265586.0
257.0,Vita-Salute San Raffaele University,Italy,"4,573",27.6,6%,64 : 36,56.118,34.3,34.0,98.8,66.3,51.3,2026,40385.3413957669,1.37935,Vita-Salute San Raffaele University,100.0,42393.0,4411953.0
258.0,Humanitas University,Italy,"2,475",15.9,18%,58 : 42,56.117,36.6,29.0,98.5,64.0,64.0,2026,40385.3413957669,1.37935,Humanitas University,100.0,21651.0,1537493.0
298.0,Università Cattolica del Sacro Cuore,Italy,"23,548",32.3,6%,66 : 34,54.315,37.4,32.9,89.6,81.9,47.8,2026,40385.3413957669,1.37935,Università Cattolica del Sacro Cuore,100.0,76800.0,5905354.0
323.0,University of Milan,Italy,"44,429",17.4,7%,60 : 40,53.11849999999999,38.9,32.5,86.1,71.2,47.2,2026,40385.3413957669,1.37935,University of Milan,100.0,371356.0,18058213.0
337.0,University of Rome II – Tor Vergata,Italy,"17,464",23.7,21%,62 : 38,52.264500000000005,40.4,36.1,71.7,86.0,65.7,2026,40385.3413957669,1.37935,University of Rome Tor Vergata,95.0,93291.0,7617455.0
348.0,University of Naples Federico II,Italy,"53,650",17.5,3%,57 : 43,51.732,40.0,31.8,83.9,72.5,35.2,2026,40385.3413957669,1.37935,University of Naples Federico II,100.0,148665.0,12029955.0
355.0,University of Florence,Italy,"42,558",22.9,9%,60 : 40,51.42349999999999,37.6,37.9,75.9,76.7,46.7,2026,40385.3413957669,1.37935,University of Florence,100.0,141176.0,10424340.0
360.0,University of Trento,Italy,"14,183",16.6,9%,53 : 47,51.0595,34.6,35.2,77.4,70.3,61.5,2026,40385.3413957669,1.37935,University of Trento,100.0,60768.0,3858404.0
368.0,University of Pavia,Italy,"17,543",30.2,12%,59 : 41,50.8975,38.9,31.9,77.0,78.9,52.2,2026,40385.3413957669,1.37935,University of Pavia,100.0,93136.0,7664328.0
371.0,University of Siena,Italy,"10,480",16.8,9%,63 : 37,50.795,39.3,35.1,75.0,75.5,46.7,2026,40385.3413957669,1.37935,University of Siena,100.0,59842.0,4701043.0
391.0,University of Brescia,Italy,"10,190",24.3,5%,52 : 48,50.126000000000005,35.4,24.7,88.0,72.0,43.2,2026,40385.3413957669,1.37935,University of Brescia,100.0,47521.0,3711659.0
394.0,University of Pisa,Italy,"29,834",17.2,7%,52 : 48,50.0295,36.3,34.7,77.7,67.7,43.2,2026,40385.3413957669,1.37935,University of Pisa,100.0,133772.0,12268660.0
398.0,Verona University,Italy,"21,809",25.6,5%,64 : 36,49.925,34.6,31.1,81.6,71.1,45.0,2026,40385.3413957669,1.37935,University of Verona,92.0,62582.0,5041485.0
410.0,University of Genoa,Italy,"20,218",16.4,9%,58 : 42,49.5295,39.4,30.9,74.6,76.2,46.9,2026,40385.3413957669,1.37935,University of Genoa,100.0,99342.0,7426284.0
432.0,Free University of Bozen-Bolzano,Italy,"4,032",10.4,17%,65 : 35,48.641,31.4,21.9,83.7,51.3,78.2,2026,40385.3413957669,1.37935,Free University of Bozen-Bolzano,100.0,14826.0,512551.0
457.0,University of Milan-Bicocca,Italy,"28,650",24.9,5%,61 : 39,47.76999999999999,25.1,27.1,87.7,68.1,46.3,2026,40385.3413957669,1.37935,University of Milano-Bicocca,98.0,74167.0,5264950.0
468.0,University of Turin,Italy,"60,028",25.4,6%,62 : 38,47.212,24.3,31.9,81.7,74.0,44.3,2026,40385.3413957669,1.37935,University of Turin,100.0,141734.0,11461537.0
475.0,Polytechnic University of Turin,Italy,"30,286",25.8,20%,32 : 68,47.035,31.6,30.0,71.0,86.7,56.6,2026,40385.3413957669,1.37935,,,,
495.0,Marche Polytechnic University,Italy,"9,267",23.2,3%,50 : 50,46.4335,35.8,26.4,75.9,72.6,33.9,2026,40385.3413957669,1.37935,Marche Polytechnic University,100.0,39123.0,2559408.0
509.0,University of Trieste,Italy,"18,016",24.3,8%,58 : 42,45.993,34.3,27.7,72.4,57.6,50.9,2026,40385.3413957669,1.37935,University of Trieste,100.0,59104.0,5114957.0
534.0,University of Modena and Reggio Emilia,Italy,"18,479",18.9,4%,54 : 46,45.593,34.7,25.7,72.9,77.9,38.9,2026,40385.3413957669,1.37935,University of Modena and Reggio Emilia,100.0,62599.0,4423953.0
535.0,Ca’ Foscari University of Venice,Italy,"11,178",20.3,13%,64 : 36,45.5845,38.0,38.0,53.2,61.3,65.9,2026,40385.3413957669,1.37935,Ca' Foscari University of Venice,100.0,30503.0,771064.0
538.0,University of Messina,Italy,"14,308",22.7,6%,63 : 37,45.508,35.6,28.1,71.8,64.3,36.6,2026,40385.3413957669,1.37935,University of Messina,100.0,53558.0,3645685.0
539.0,Campus Bio-Medico University of Rome,Italy,"2,820",16.1,2%,62 : 38,45.4475,36.9,27.2,73.3,54.1,33.6,2026,40385.3413957669,1.37935,Università Campus Bio-Medico,86.0,18772.0,1295440.0
551.0,University of Catania,Italy,"30,470",20.0,5%,56 : 44,45.153,31.4,22.0,78.7,59.0,47.2,2026,40385.3413957669,1.37935,University of Catania,100.0,75351.0,4733417.0
561.0,University of Salerno,Italy,"20,506",25.6,4%,57 : 43,44.8865,30.6,30.2,72.7,63.1,36.9,2026,40385.3413957669,1.37935,University of Salerno,100.0,55441.0,3415445.0
574.0,Polytechnic University of Bari,Italy,"10,542",43.2,2%,31 : 69,44.5325,27.0,31.1,72.8,73.9,36.7,2026,40385.3413957669,1.37935,Polytechnic University of Bari,100.0,21300.0,2070740.0
582.0,University of Ferrara,Italy,"23,862",33.5,5%,63 : 37,44.31249999999999,31.9,26.8,70.3,68.5,44.0,2026,40385.3413957669,1.37935,University of Ferrara,100.0,53501.0,4619598.0
600.0,University of Palermo,Italy,"28,637",32.9,2%,58 : 42,43.6415,33.3,30.5,66.7,54.7,37.0,2026,40385.3413957669,1.37935,University of Palermo,100.0,77500.0,4866333.0
654.0,University of Calabria,Italy,"10,386",15.7,8%,54 : 46,42.299,39.5,21.9,62.4,59.7,42.5,2026,40385.3413957669,1.37935,University of Calabria,100.0,41496.0,3265564.0
656.0,University of L’Aquila,Italy,"19,246",25.5,6%,53 : 47,42.24699999999999,32.8,22.4,66.6,78.5,39.4,2026,40385.3413957669,1.37935,University of L'Aquila,100.0,43610.0,2369990.0
666.0,University of Udine,Italy,"11,915",16.7,5%,56 : 44,41.9795,32.8,20.9,69.4,58.5,41.1,2026,40385.3413957669,1.37935,University of Udine,100.0,39942.0,3753491.0
681.0,University of Cagliari,Italy,"14,312",15.0,2%,62 : 38,41.7665,33.8,24.0,64.3,62.7,40.5,2026,40385.3413957669,1.37935,University of Cagliari,100.0,51803.0,3371398.0
688.0,Amedeo Avogadro University of Eastern Piedmont,Italy,"15,817",35.5,10%,61 : 39,41.62499999999999,25.6,24.8,70.6,52.9,47.8,2026,40385.3413957669,1.37935,,,,
699.0,University of Tuscia,Italy,"6,305",24.0,12%,49 : 51,41.477,23.8,28.7,66.5,59.7,50.6,2026,40385.3413957669,1.37935,University of Turin,87.0,141734.0,11461537.0
709.0,University of Insubria,Italy,"9,546",23.1,5%,56 : 44,41.306,19.0,23.7,79.3,48.7,41.2,2026,40385.3413957669,1.37935,University of Insubria,100.0,26962.0,1758987.0
746.0,University of Bari Aldo Moro,Italy,"29,256",18.5,2%,62 : 38,40.2435,20.0,25.8,71.4,64.6,38.1,2026,40385.3413957669,1.37935,University of Bari Aldo Moro,100.0,81274.0,6366820.0
769.0,University of Parma,Italy,"31,624",31.5,9%,59 : 41,39.65849999999999,20.9,23.9,70.1,64.8,39.2,2026,40385.3413957669,1.37935,University of Parma,100.0,63921.0,4700576.0
772.0,Parthenope University of Naples,Italy,"14,020",36.4,3%,43 : 57,39.6345,18.9,22.8,78.0,34.8,35.4,2026,40385.3413957669,1.37935,Parthenope University of Naples,100.0,13720.0,539038.0
883.0,University of Salento,Italy,"14,502",23.5,3%,62 : 38,37.552,27.2,21.4,61.4,55.8,35.6,2026,40385.3413957669,1.37935,University of Salento,100.0,25683.0,1707290.0
957.0,University of Rome III,Italy,"36,386",48.1,6%,61 : 39,36.2235,22.7,25.6,54.7,63.2,42.2,2026,40385.3413957669,1.37935,,,,
998.0,University of Foggia,Italy,"9,947",34.9,1%,66 : 34,35.511,16.8,26.0,63.6,38.0,32.2,2026,40385.3413957669,1.37935,University of Foggia,100.0,19003.0,1113651.0
1000.0,Gabriele d‘Annunzio University,Italy,"21,794",28.5,3%,65 : 35,35.475500000000004,17.6,20.9,63.6,56.0,38.7,2026,40385.3413957669,1.37935,,,,
1012.0,University of Campania Luigi Vanvitelli,Italy,"33,016",27.1,2%,55 : 45,35.2385,18.4,10.0,75.0,51.2,31.5,2026,40385.3413957669,1.37935,"University of Campania ""Luigi Vanvitelli""",100.0,39913.0,3064921.0
1044.0,University of Sannio,Italy,"2,637",12.9,4%,47 : 53,34.7295,30.4,16.8,56.5,42.8,29.7,2026,40385.3413957669,1.37935,University of Sannio,100.0,11208.0,898172.0
1060.0,University of Camerino (Unicam),Italy,"7,780",26.1,13%,51 : 49,34.441,21.7,18.3,54.2,58.5,55.1,2026,40385.3413957669,1.37935,,,,
1191.0,Kore University of Enna,Italy,"6,035",16.8,1%,72 : 28,32.222500000000004,17.8,16.6,57.8,43.0,41.3,2026,40385.3413957669,1.37935,,,,
1294.0,University of Urbino Carlo Bo,Italy,"15,123",38.0,6%,65 : 35,30.4525,17.6,19.9,47.6,36.3,50.1,2026,40385.3413957669,1.37935,,,,
133.0,Lomonosov Moscow State University,Russian Federation,"31,603",9.7,38%,51 : 49,63.0545,80.9,69.7,32.9,93.4,71.6,2026,14889.0185546875,0.93706,Lomonosov Moscow State University,100.0,201422.0,8866543.0
340.0,Bauman Moscow State Technical University,Russian Federation,"15,623",6.9,20%,45 : 55,52.136,68.4,42.8,43.0,54.4,59.6,2026,14889.0185546875,0.93706,Bauman Moscow State Technical University,100.0,24030.0,235324.0
370.0,Moscow Institute of Physics and Technology (MIPT),Russian Federation,"6,567",11.5,20%,,50.845,57.8,44.3,42.5,80.8,66.2,2026,14889.0185546875,0.93706,Moscow Institute of Physics and Technology,94.0,33226.0,945492.0
524.0,HSE University,Russian Federation,"36,414",18.8,13%,62 : 38,45.7225,31.7,43.7,54.6,90.7,49.2,2026,14889.0185546875,0.93706,,,,
668.0,Tomsk State University,Russian Federation,"7,985",11.7,37%,,41.94299999999999,50.5,38.3,27.0,55.9,74.7,2026,14889.0185546875,0.93706,,,,
702.0,National Research Nuclear University MEPhI,Russian Federation,"5,352",10.1,28%,49 : 51,41.4345,49.3,35.0,29.2,63.4,72.6,2026,14889.0185546875,0.93706,National Research Nuclear University MEPhI,100.0,29831.0,2614899.0
825.0,RUDN University,Russian Federation,"27,303",17.8,34%,59 : 41,38.509,39.9,27.8,40.2,36.6,68.7,2026,14889.0185546875,0.93706,,,,
852.0,Empress Catherine II Saint Petersburg Mining University,Russian Federation,"10,462",16.1,17%,43 : 57,37.996500000000005,28.7,17.9,62.8,51.6,45.8,2026,14889.0185546875,0.93706,,,,
855.0,National University of Science and Technology (MISiS),Russian Federation,"7,305",12.6,19%,42 : 58,37.9115,40.2,29.8,34.5,74.7,54.3,2026,14889.0185546875,0.93706,National University of Science and Technology,94.0,15521.0,675356.0
956.0,Ural Federal University,Russian Federation,"29,855",15.7,15%,52 : 48,36.239,25.7,29.2,44.4,58.3,60.5,2026,14889.0185546875,0.93706,Ural Federal University,100.0,39602.0,690762.0
964.0,Peter the Great St Petersburg Polytechnic University,Russian Federation,"16,730",9.9,32%,43 : 57,36.1075,35.7,23.0,38.0,71.4,62.0,2026,14889.0185546875,0.93706,Peter the Great St. Petersburg Polytechnic University,100.0,31393.0,575216.0
967.0,Tomsk Polytechnic University,Russian Federation,"9,179",11.0,35%,33 : 67,36.082,40.9,25.1,29.8,63.5,70.1,2026,14889.0185546875,0.93706,Tomsk Polytechnic University,100.0,27623.0,626187.0
968.0,Innopolis University,Russian Federation,"1,248",13.7,21%,19 : 81,36.0775,23.9,24.5,45.3,58.3,80.0,2026,14889.0185546875,0.93706,Innopolis University,100.0,2727.0,58969.0
986.0,Siberian Federal University,Russian Federation,"8,610",19.0,13%,47 : 53,35.746500000000005,34.2,26.9,36.6,61.1,59.1,2026,14889.0185546875,0.93706,Siberian Federal University,100.0,15682.0,272276.0
989.0,Kazan Federal University,Russian Federation,"22,575",11.1,33%,66 : 34,35.684,46.6,22.1,27.7,52.2,68.4,2026,14889.0185546875,0.93706,Kazan Federal University,100.0,39423.0,851564.0
1018.0,ITMO University,Russian Federation,"14,352",17.8,17%,32 : 68,35.1055,30.4,29.9,33.0,80.6,57.9,2026,14889.0185546875,0.93706,ITMO University,100.0,27678.0,775388.0
1120.0,Sechenov University,Russian Federation,"21,906",11.3,23%,65 : 35,33.3605,30.2,19.4,43.6,40.7,54.9,2026,14889.0185546875,0.93706,Sechenov University,100.0,40681.0,903455.0
1136.0,Novosibirsk State University,Russian Federation,"7,300",6.6,23%,,33.0895,38.4,29.6,24.0,57.0,49.3,2026,14889.0185546875,0.93706,Novosibirsk State University,100.0,39367.0,1913209.0
1173.0,Moscow Technical University of Communications and Informatics,Russian Federation,"6,443",24.5,6%,21 : 79,32.5755,14.3,11.6,71.0,47.7,23.8,2026,14889.0185546875,0.93706,Moscow Technical University of Communication and Informatics,99.0,2653.0,28895.0
1198.0,Financial University under the Government of the Russian Federation,Russian Federation,"16,514",13.7,13%,57 : 43,32.1495,30.0,21.1,42.5,35.2,40.3,2026,14889.0185546875,0.93706,,,,
1363.0,Immanuel Kant Baltic Federal University,Russian Federation,"6,711",16.3,19%,58 : 42,29.277500000000003,37.1,22.1,20.3,37.1,58.0,2026,14889.0185546875,0.93706,Immanuel Kant Baltic Federal University,100.0,6995.0,107093.0
1458.0,Reshetnev Siberian State University of Science and Technology,Russian Federation,"9,412",11.3,4%,34 : 66,27.9545,21.1,9.2,53.0,37.8,22.0,2026,14889.0185546875,0.93706,,,,
1542.0,Pirogov Russian National Research Medical University,Russian Federation,"13,377",7.8,11%,70 : 30,26.5555,44.2,14.5,18.2,40.6,29.7,2026,14889.0185546875,0.93706,Pirogov Russian National Research Medical University,100.0,21102.0,349009.0
1550.0,Moscow Polytechnic University,Russian Federation,"12,752",17.2,10%,38 : 62,26.311,15.8,12.4,49.5,26.1,28.8,2026,14889.0185546875,0.93706,Moscow Polytechnic University,100.0,6447.0,32945.0
1598.0,Moscow Aviation Institute,Russian Federation,"15,797",16.6,12%,27 : 73,25.62,33.1,16.2,22.5,53.0,30.5,2026,14889.0185546875,0.93706,Moscow Aviation Institute,100.0,16284.0,143774.0
1664.0,Far Eastern Federal University,Russian Federation,"18,054",15.6,21%,59 : 41,24.59,29.1,18.4,16.4,30.3,60.5,2026,14889.0185546875,0.93706,Far Eastern Federal University,100.0,13157.0,226539.0
1688.0,Southern Federal University,Russian Federation,"18,741",12.8,15%,57 : 43,24.246,23.8,16.3,24.6,38.7,47.6,2026,14889.0185546875,0.93706,Southern Federal University,100.0,26975.0,509940.0
1700.0,National Research University of Electronic Technology (MIET),Russian Federation,"5,805",10.5,4%,26 : 74,24.074,45.5,15.5,7.9,52.1,22.7,2026,14889.0185546875,0.93706,National Research University of Electronic Technology,95.0,4216.0,47889.0
1737.0,Plekhanov Russian University of Economics,Russian Federation,"13,681",8.5,14%,55 : 45,23.51,26.8,13.3,25.0,23.3,44.2,2026,14889.0185546875,0.93706,Plekhanov Russian University of Economics,100.0,12473.0,71893.0
1766.0,Russian Presidential Academy of National Economy and Public Administration,Russian Federation,"21,295",17.1,4%,66 : 34,22.8875,23.9,22.5,21.3,27.3,24.4,2026,14889.0185546875,0.93706,,,,
1767.0,Bashkir State Medical University,Russian Federation,"14,567",9.8,36%,47 : 53,22.887,28.3,10.3,23.5,20.1,49.3,2026,14889.0185546875,0.93706,Bashkir State Medical University,100.0,4677.0,57452.0
1772.0,Moscow Power Engineering Institute,Russian Federation,"14,453",18.5,15%,34 : 66,22.786,23.2,15.9,20.6,56.4,38.6,2026,14889.0185546875,0.93706,Moscow Power Engineering Institute,100.0,18915.0,184500.0
1796.0,Altai State University,Russian Federation,"9,271",18.5,27%,56 : 44,22.3405,23.0,16.4,17.1,25.3,62.1,2026,14889.0185546875,0.93706,Altai State University,100.0,17201.0,54292.0
1797.0,Kazan State Medical University,Russian Federation,"5,835",12.2,36%,54 : 46,22.3365,39.5,11.9,10.1,20.7,45.0,2026,14889.0185546875,0.93706,Kazan State Medical University,100.0,7471.0,83388.0
1825.0,Lobachevsky State University of Nizhni Novgorod,Russian Federation,"20,444",10.5,13%,51 : 49,21.553,31.5,13.9,13.8,35.3,35.7,2026,14889.0185546875,0.93706,N. I. Lobachevsky State University of Nizhny Novgorod,94.0,14952.0,300233.0
1834.0,St Petersburg Electrotechnical University (LETI),Russian Federation,"9,024",14.2,19%,31 : 69,21.3675,22.2,15.2,19.7,39.2,39.1,2026,14889.0185546875,0.93706,Saint Petersburg State Electrotechnical University,85.0,11225.0,135713.0
1845.0,Pavlov First Saint Petersburg State Medical University,Russian Federation,"5,569",9.0,12%,74 : 26,21.230500000000003,31.7,12.8,15.2,32.8,30.6,2026,14889.0185546875,0.93706,First Pavlov State Medical University of St. Petersburg,94.0,10258.0,189578.0
1846.0,Samara State Medical University,Russian Federation,"8,007",9.3,12%,59 : 41,21.227,42.8,10.7,6.0,33.2,31.6,2026,14889.0185546875,0.93706,Samara State Medical University,100.0,6004.0,41618.0
1854.0,Tomsk State University of Control Systems and Radioelectronics,Russian Federation,"6,402",12.2,16%,26 : 74,21.085,22.9,16.9,15.0,52.9,37.5,2026,14889.0185546875,0.93706,Tomsk State University of Control Systems and Radio-Electronics,86.0,5348.0,64463.0
1872.0,Samara National Research University (Samara University),Russian Federation,"9,427",10.4,10%,46 : 54,20.6815,27.1,14.1,16.2,34.2,31.6,2026,14889.0185546875,0.93706,,,,
1928.0,Mendeleev University of Chemical Technology,Russian Federation,"8,593",12.6,8%,51 : 49,19.1635,22.7,17.2,13.1,39.6,26.2,2026,14889.0185546875,0.93706,D. Mendeleyev University of Chemical Technology of Russia,87.0,10093.0,170430.0
1939.0,Belgorod State National Research University,Russian Federation,"17,325",21.2,22%,57 : 43,18.958,21.8,16.4,11.1,34.9,40.6,2026,14889.0185546875,0.93706,Belgorod National Research University,92.0,9314.0,168599.0
1952.0,Don State Technical University,Russian Federation,"26,083",13.9,12%,54 : 46,18.7465,20.9,10.3,21.0,24.6,30.8,2026,14889.0185546875,0.93706,Don State Technical University,100.0,11629.0,99863.0
1967.0,Irkutsk National Research Technical University,Russian Federation,"9,686",10.1,13%,37 : 63,18.501,23.0,10.2,16.7,29.2,34.4,2026,14889.0185546875,0.93706,Irkutsk National Research Technical University,100.0,5650.0,40327.0
1988.0,Perm National Research Polytechnic University,Russian Federation,"10,691",13.2,6%,46 : 54,18.0575,21.1,16.0,10.6,51.2,26.2,2026,14889.0185546875,0.93706,Perm National Research Polytechnic University,100.0,6957.0,52749.0
2007.0,Petersburg State Transport University,Russian Federation,"9,137",22.2,18%,28 : 72,17.6255,16.6,11.4,15.0,49.0,39.5,2026,14889.0185546875,0.93706,Petersburg State Transport University,100.0,3448.0,24088.0
2012.0,Novosibirsk State Technical University,Russian Federation,"14,178",16.5,20%,37 : 63,17.525000000000002,18.1,12.9,14.3,32.8,37.9,2026,14889.0185546875,0.93706,Novosibirsk State Technical University,100.0,12887.0,156882.0
2022.0,North-Caucasus Federal University,Russian Federation,"18,686",7.7,9%,45 : 55,17.3795,28.1,8.7,11.3,19.8,31.8,2026,14889.0185546875,0.93706,North-Caucasus Federal University,100.0,5517.0,55779.0
2031.0,North-Eastern Federal University,Russian Federation,"12,430",13.4,6%,53 : 47,17.084500000000002,24.3,11.6,12.9,16.8,26.8,2026,14889.0185546875,0.93706,North-Eastern Federal University,100.0,6966.0,66247.0
2038.0,Privolzhsky Research Medical University,Russian Federation,"5,990",8.3,34%,65 : 35,16.961000000000002,25.8,12.3,5.9,19.7,43.0,2026,14889.0185546875,0.93706,Privolzhsky Research Medical University,100.0,4174.0,104214.0
2039.0,Petrozavodsk State University,Russian Federation,"7,512",13.3,9%,51 : 49,16.893,18.2,12.2,14.7,35.4,28.8,2026,14889.0185546875,0.93706,Petrozavodsk State University,100.0,4745.0,44090.0
2041.0,Kazan National Research Technological University,Russian Federation,"13,472",12.3,16%,39 : 61,16.799,22.0,9.9,10.2,44.2,34.8,2026,14889.0185546875,0.93706,Irkutsk National Research Technical University,85.0,5650.0,40327.0
2043.0,North-Western State Medical University named after I.I. Mechnikov,Russian Federation,"6,780",6.2,12%,67 : 33,16.7505,25.9,10.7,10.1,19.3,29.4,2026,14889.0185546875,0.93706,North-Western State Medical University named after I.I. Mechnikov,100.0,7638.0,72426.0
2044.0,Volgograd State University,Russian Federation,"8,062",11.9,4%,53 : 47,16.749999999999996,21.0,12.1,15.4,16.4,23.6,2026,14889.0185546875,0.93706,Volgograd State University,100.0,5484.0,29209.0
2055.0,Saint Petersburg State Pediatric Medical University,Russian Federation,"6,843",11.6,18%,67 : 33,16.54,25.6,11.2,8.0,17.5,35.2,2026,14889.0185546875,0.93706,Saint Petersburg State Pediatric Medical University,100.0,6044.0,63356.0
2062.0,Herzen State Pedagogical University of Russia,Russian Federation,"17,884",16.0,21%,72 : 28,16.464,20.7,12.9,9.8,18.6,39.1,2026,14889.0185546875,0.93706,,,,
2073.0,Gubkin Russian State University of Oil and Gas,Russian Federation,"11,120",14.3,5%,33 : 67,16.109499999999997,21.4,10.7,10.3,44.9,24.1,2026,14889.0185546875,0.93706,Gubkin Russian State University of Oil and Gas,100.0,5396.0,85649.0
2075.0,Ufa State Petroleum Technological University,Russian Federation,"12,689",7.8,13%,39 : 61,16.0605,23.8,7.9,12.4,17.4,31.1,2026,14889.0185546875,0.93706,Ufa State Petroleum Technological University,100.0,6660.0,49123.0
2083.0,Ogarev Mordovia State University,Russian Federation,"16,100",14.0,16%,37 : 63,15.906,25.4,9.6,7.2,19.6,35.8,2026,14889.0185546875,0.93706,,,,
2091.0,Russian State University for the Humanities,Russian Federation,"17,097",19.6,5%,72 : 28,15.7175,15.2,13.9,16.2,16.0,22.7,2026,14889.0185546875,0.93706,Russian State University for the Humanities,100.0,4392.0,19005.0
2094.0,Voronezh State University,Russian Federation,"17,718",12.3,14%,50 : 50,15.617999999999997,23.5,11.0,7.1,18.7,34.9,2026,14889.0185546875,0.93706,Voronezh State University,100.0,12767.0,155539.0
2101.0,Volgograd State Medical University,Russian Federation,"9,367",8.2,27%,58 : 42,15.4285,24.1,9.3,6.0,18.3,41.2,2026,14889.0185546875,0.93706,Volgograd State Medical University,100.0,4737.0,44549.0
2118.0,Voronezh State Technical University,Russian Federation,"10,855",12.8,9%,37 : 63,14.8875,20.3,7.9,12.5,19.7,27.6,2026,14889.0185546875,0.93706,Voronezh State Technical University,100.0,4810.0,34208.0
2126.0,Volgograd State Technical University,Russian Federation,"12,434",13.5,14%,33 : 67,14.7595,19.0,9.9,10.5,18.9,31.7,2026,14889.0185546875,0.93706,Volgograd State Technical University,100.0,7455.0,56189.0
2127.0,Russian University of Transport (MIIT),Russian Federation,"21,334",24.7,9%,44 : 56,14.7245,18.1,12.1,8.0,37.4,26.4,2026,14889.0185546875,0.93706,Russian University of Transport,93.0,4803.0,23556.0
2131.0,MIREA - Russian Technological University,Russian Federation,"29,873",22.9,6%,25 : 75,14.607500000000002,15.9,12.5,8.8,47.8,23.2,2026,14889.0185546875,0.93706,MIREA - Russian Technological University,100.0,8125.0,66933.0
2134.0,Northern (Arctic) Federal University named after M.V. Lomonosov,Russian Federation,"9,359",15.1,9%,45 : 55,14.536,18.9,10.9,9.1,21.8,29.3,2026,14889.0185546875,0.93706,,,,
2142.0,Perm State University,Russian Federation,"10,895",14.5,9%,56 : 44,14.343,18.4,12.0,7.9,24.5,27.8,2026,14889.0185546875,0.93706,Perm State University,100.0,7541.0,72211.0
2145.0,Nizhny Novgorod State Technical University n.a. R.E. Alekseev,Russian Federation,"8,437",12.9,9%,24 : 76,14.3195,20.0,9.0,6.9,40.8,28.1,2026,14889.0185546875,0.93706,,,,
2150.0,Kazan State Power Engineering University,Russian Federation,"9,741",25.4,6%,32 : 68,14.212,13.1,9.8,15.3,24.7,25.7,2026,14889.0185546875,0.93706,Kazan State Power Engineering University,100.0,4177.0,26306.0
2155.0,Siberian State Medical University,Russian Federation,"8,785",11.6,16%,59 : 41,14.012499999999998,21.3,11.1,4.0,17.5,34.8,2026,14889.0185546875,0.93706,Siberian State Medical University,100.0,5679.0,77170.0
2167.0,Samara State Technical University,Russian Federation,"13,464",16.3,5%,35 : 65,13.5395,17.0,10.5,8.3,33.3,22.1,2026,14889.0185546875,0.93706,Samara State Technical University,100.0,8475.0,81063.0
2172.0,Kemerovo State University,Russian Federation,"15,000",23.1,7%,61 : 39,13.3555,15.5,11.2,9.9,18.0,24.6,2026,14889.0185546875,0.93706,Kemerovo State University,100.0,8086.0,95406.0
2180.0,Irkutsk State University,Russian Federation,"12,975",14.1,5%,66 : 34,12.865,18.6,9.8,6.0,17.4,27.2,2026,14889.0185546875,0.93706,Irkutsk State University,100.0,6897.0,163228.0
2181.0,Penza State University,Russian Federation,"17,808",14.9,14%,54 : 46,12.842,16.7,9.4,6.7,17.8,32.9,2026,14889.0185546875,0.93706,Penza State University,100.0,5293.0,34080.0
2182.0,Industrial University of Tyumen,Russian Federation,"11,584",11.2,7%,33 : 67,12.8235,20.2,7.9,6.7,18.9,24.1,2026,14889.0185546875,0.93706,Industrial University of Tyumen,100.0,4529.0,23087.0
2183.0,Ivanovo State University of Chemistry and Technology,Russian Federation,"3,876",19.4,8%,36 : 64,12.738499999999998,16.9,9.6,7.0,24.1,25.4,2026,14889.0185546875,0.93706,Ivanovo State University of Chemistry and Technology,100.0,3123.0,65208.0
2185.0,Chelyabinsk State University,Russian Federation,"13,208",23.4,2%,57 : 43,12.3565,12.9,10.6,9.6,17.3,25.4,2026,14889.0185546875,0.93706,Chelyabinsk State University,100.0,5761.0,54003.0
2189.0,Omsk State Technical University,Russian Federation,"13,819",17.6,8%,34 : 66,11.166,15.6,8.2,5.0,19.9,25.2,2026,14889.0185546875,0.93706,Omsk State Technical University,100.0,4861.0,31305.0
2191.0,Tula State University,Russian Federation,"18,611",19.5,6%,39 : 61,10.274,14.0,8.4,4.4,17.7,22.4,2026,14889.0185546875,0.93706,Tula State University,100.0,3414.0,36914.0
141.0,National Taiwan University (NTU),Taiwan,"18,743",9.7,24%,44 : 56,62.464,59.4,54.9,68.6,100.0,59.2,2026,,1.5,National Taiwan University,93.0,169123.0,12475562.0
324.0,"China Medical University, Taiwan",Taiwan,"7,217",15.5,7%,57 : 43,52.9175,28.2,32.5,91.7,95.4,51.3,2026,,1.5,China Medical University,87.0,48701.0,2891555.0
408.0,National Tsing Hua University,Taiwan,"14,807",22.9,14%,42 : 58,49.56199999999999,37.5,43.5,61.4,99.8,46.3,2026,,1.5,National Tsing Hua University,100.0,72325.0,4871044.0
418.0,Taipei Medical University,Taiwan,"6,154",8.8,11%,59 : 41,49.1855,46.3,32.2,63.6,86.6,48.6,2026,,1.5,Taipei Medical University,100.0,39095.0,2290758.0
436.0,National Yang Ming Chiao Tung University (NYCU Taiwan),Taiwan,"18,360",15.9,9%,37 : 63,48.444,42.3,42.7,55.3,100.0,39.9,2026,,1.5,National Yang Ming Chiao Tung University,87.0,129216.0,7987513.0
463.0,National Taiwan University of Science and Technology (Taiwan Tech),Taiwan,"9,244",19.0,16%,30 : 70,47.43299999999999,33.2,38.3,62.9,97.8,50.0,2026,,1.5,National Taiwan University of Science and Technology,90.0,37549.0,1861146.0
492.0,"Asia University, Taiwan",Taiwan,"10,858",29.9,3%,63 : 37,46.5825,16.6,34.9,82.8,75.3,49.5,2026,,1.5,National Taiwan University,88.0,169123.0,12475562.0
511.0,National Yunlin University of Science and Technology,Taiwan,"9,057",21.3,5%,39 : 61,45.9565,21.1,28.9,81.8,79.9,48.2,2026,,1.5,National Yunlin University of Science and Technology,100.0,16598.0,480199.0
532.0,National Cheng Kung University (NCKU),Taiwan,"21,726",19.9,11%,38 : 62,45.627,36.9,41.3,52.0,99.8,42.3,2026,,1.5,National Cheng Kung University,92.0,97825.0,5300519.0
570.0,National Taiwan Normal University,Taiwan,"11,067",12.4,17%,,44.5895,36.7,32.3,56.2,86.4,54.4,2026,,1.5,National Taiwan Normal University,100.0,24145.0,936210.0
744.0,Yuan Ze University,Taiwan,"6,717",20.4,11%,43 : 57,40.2605,19.7,27.3,62.5,79.8,61.2,2026,,1.5,Yuan Ze University,100.0,17301.0,597119.0
776.0,National Sun Yat-Sen University,Taiwan,"8,876",12.3,9%,43 : 57,39.614,31.5,35.1,43.6,89.0,46.7,2026,,1.5,National Sun Yat-sen University,100.0,41405.0,1740623.0
805.0,Chang Gung University,Taiwan,"7,142",12.4,5%,51 : 49,38.972,25.8,35.3,50.2,96.1,29.6,2026,,1.5,Chang Gung University,100.0,55066.0,4305609.0
866.0,Kaohsiung Medical University,Taiwan,"6,621",12.6,5%,59 : 41,37.779,26.6,34.3,46.9,89.0,31.4,2026,,1.5,Kaohsiung Medical University,100.0,36988.0,2489592.0
1053.0,Ming Chi University of Technology,Taiwan,"4,304",18.0,3%,27 : 73,34.5445,18.3,29.7,49.6,69.7,38.2,2026,,1.5,Ming Chi University of Technology,100.0,8146.0,254598.0
1158.0,National Central University,Taiwan,"11,391",10.1,7%,37 : 63,32.729,31.0,25.1,30.7,99.0,41.8,2026,,1.5,National Central University,100.0,44814.0,2876456.0
1251.0,National Taipei University of Technology,Taiwan,"10,608",12.4,5%,29 : 71,31.2825,26.4,22.5,36.5,82.8,36.1,2026,,1.5,National Taipei University of Technology,100.0,26024.0,1033482.0
1259.0,National Chung Hsing University,Taiwan,"16,156",13.0,9%,43 : 57,31.092,24.6,25.4,35.8,74.6,36.6,2026,,1.5,National Chung Hsing University,100.0,42515.0,2088986.0
1295.0,National Chengchi University,Taiwan,"13,230",15.7,16%,57 : 43,30.4405,27.1,28.9,25.1,62.5,53.8,2026,,1.5,National Chengchi University,100.0,11471.0,271036.0
1347.0,Chaoyang University of Technology,Taiwan,"13,390",34.9,6%,55 : 45,29.51,15.5,22.8,42.6,53.7,45.3,2026,,1.5,Chaoyang University of Technology,100.0,9032.0,224610.0
1364.0,Chung Yuan Christian University,Taiwan,"14,676",30.2,8%,47 : 53,29.2745,18.9,24.2,36.4,64.9,42.2,2026,,1.5,Chung Yuan Christian University,100.0,18314.0,830635.0
1368.0,National Kaohsiung University of Science and Technology,Taiwan,"28,069",32.6,2%,36 : 64,29.1595,17.0,22.8,41.7,71.0,29.1,2026,,1.5,National Kaohsiung First University of Science and Technology,95.0,4612.0,154406.0
1394.0,Fu Jen Catholic University,Taiwan,"19,288",25.9,5%,59 : 41,28.6825,23.1,27.6,28.5,76.6,30.0,2026,,1.5,Fu Jen Catholic University,100.0,17027.0,546134.0
1449.0,National Taiwan Ocean University,Taiwan,"8,418",16.1,8%,32 : 68,28.041,19.9,27.2,29.3,70.0,35.9,2026,,1.5,National Taiwan Ocean University,100.0,19903.0,756833.0
1471.0,I-Shou University,Taiwan,"10,364",26.8,15%,50 : 50,27.735,16.3,21.1,38.2,60.0,39.3,2026,,1.5,I-Shou University,100.0,14816.0,497175.0
1474.0,National Dong Hwa University,Taiwan,"10,094",18.4,10%,54 : 46,27.658,20.2,25.0,29.0,45.1,52.6,2026,,1.5,National Dong Hwa University,100.0,11799.0,456885.0
1488.0,National Chung Cheng University,Taiwan,"9,183",14.8,4%,46 : 54,27.412,21.4,24.8,28.4,77.3,30.6,2026,,1.5,National Chung Cheng University,100.0,19831.0,772108.0
1500.0,Tzu Chi University,Taiwan,"3,102",9.2,7%,61 : 39,27.2685,25.7,26.0,24.7,66.3,27.8,2026,,1.5,Tzu Chi University,100.0,11968.0,486762.0
1532.0,Tunghai University,Taiwan,"14,886",20.5,9%,55 : 45,26.7355,15.7,15.4,40.8,44.2,48.4,2026,,1.5,Tunghai University,100.0,10595.0,354973.0
1577.0,Chung Shan Medical University,Taiwan,"7,085",17.5,3%,65 : 35,25.8895,20.3,21.4,31.7,63.0,22.2,2026,,1.5,Chung Shan Medical University,100.0,16189.0,946172.0
1587.0,Tamkang University,Taiwan,"21,955",20.1,7%,46 : 54,25.7405,16.1,12.4,40.1,50.5,44.6,2026,,1.5,Tamkang University,100.0,16110.0,614465.0
1640.0,National Chin-Yi University of Technology,Taiwan,"7,667",22.4,12%,31 : 69,25.0785,15.0,26.6,27.3,50.3,36.5,2026,,1.5,National Chin-Yi University of Technology,100.0,6875.0,158675.0
1678.0,Chang Gung University of Science and Technology,Taiwan,"6,113",18.6,0%,89 : 11,24.3445,16.1,15.2,39.8,41.8,21.0,2026,,1.5,Chang Gung University of Science and Technology,100.0,8389.0,323042.0
1760.0,Feng Chia University,Taiwan,"20,114",23.0,6%,41 : 59,23.0215,16.9,18.2,24.2,70.7,35.6,2026,,1.5,Feng Chia University,100.0,20334.0,565421.0
1786.0,National Changhua University of Education,Taiwan,"9,029",25.2,9%,49 : 51,22.593,21.6,20.7,20.4,47.7,29.2,2026,,1.5,National Changhua University of Education,100.0,8816.0,310463.0
1882.0,National Taipei University,Taiwan,"8,630",15.6,6%,54 : 46,20.4655,19.4,15.4,19.5,51.6,31.5,2026,,1.5,National Taipei University,100.0,19312.0,766055.0
1898.0,"Soochow University, Taiwan",Taiwan,"15,287",35.9,3%,59 : 41,20.1405,14.6,18.0,23.0,27.4,34.9,2026,,1.5,Taiwan Shoufu University,86.0,531.0,13859.0
1904.0,National Chi Nan University,Taiwan,"6,145",16.5,10%,52 : 48,19.8055,19.8,16.0,13.9,66.8,33.1,2026,,1.5,National Chi Nan University,100.0,6359.0,210035.0
1915.0,National Pingtung University of Science and Technology,Taiwan,"10,630",18.3,5%,44 : 56,19.489,16.4,14.3,20.7,49.6,30.8,2026,,1.5,National Pingtung University of Science and Technology,100.0,8591.0,345510.0
1921.0,Ming Chuan University,Taiwan,"17,030",21.6,12%,59 : 41,19.403,14.1,13.6,22.7,42.3,37.3,2026,,1.5,Ming Chuan University,100.0,6073.0,164415.0
1931.0,National Chiayi University,Taiwan,"11,582",23.8,3%,48 : 52,19.118,15.1,14.3,21.2,60.6,23.1,2026,,1.5,National Chiayi University,100.0,8589.0,278434.0
1933.0,University of Taipei,Taiwan,"7,717",16.7,2%,61 : 39,19.068,17.5,19.1,16.1,27.1,32.7,2026,,1.5,University of Taipei,100.0,2985.0,54729.0
1975.0,National Ilan University,Taiwan,"5,592",23.2,2%,36 : 64,18.4,14.3,14.1,19.5,47.0,31.5,2026,,1.5,National Ilan University,100.0,5602.0,185558.0
2015.0,National University of Kaohsiung,Taiwan,"6,145",26.7,4%,41 : 59,17.506,13.1,19.5,13.3,37.1,33.5,2026,,1.5,National University of Kaohsiung,100.0,7865.0,190851.0
2060.0,National United University,Taiwan,"7,848",22.1,1%,29 : 71,16.4945,13.3,12.7,16.8,54.2,22.4,2026,,1.5,National United University,100.0,6605.0,252253.0
2070.0,Chinese Culture University,Taiwan,"18,673",21.2,7%,48 : 52,16.175,14.8,11.9,15.8,34.2,30.0,2026,,1.5,Chinese Culture University,100.0,6294.0,205656.0
2157.0,National Formosa University,Taiwan,"11,694",19.0,2%,22 : 78,13.8625,15.0,11.7,8.9,46.3,20.3,2026,,1.5,National Formosa University,100.0,7134.0,163024.0
147.0,University of Macau,Macao,"12,258",19.4,51%,53 : 47,62.0075,40.2,40.9,92.9,87.0,92.5,2026,,1.5,University of Macau,100.0,45879.0,2318320.0
260.0,Macau University of Science and Technology,Macao,"18,264",44.6,94%,57 : 43,56.045,34.2,38.8,81.1,84.6,93.2,2026,,1.5,Macau University of Science and Technology,100.0,21835.0,1056168.0
766.0,City University of Macau,Macao,"8,701",16.6,64%,53 : 47,39.7235,30.8,17.1,59.7,18.9,93.5,2026,,1.5,City University of Macau,100.0,12842.0,256261.0
150.0,University of Barcelona,Spain,"45,016",14.9,12%,64 : 36,61.93299999999999,44.0,47.8,88.5,92.4,64.6,2026,35326.7683069278,1.49362,Universitat de Barcelona,85.0,187483.0,16497060.0
184.0,Universitat Autònoma de Barcelona (UAB),Spain,"33,006",13.5,16%,60 : 40,59.76199999999999,44.9,44.8,84.6,73.3,69.5,2026,35326.7683069278,1.49362,Universitat Autònoma de Barcelona,94.0,150788.0,11423600.0
189.0,Pompeu Fabra University,Spain,"12,225",21.3,17%,62 : 38,59.4555,36.6,45.3,87.5,81.6,80.1,2026,35326.7683069278,1.49362,Universitat Pompeu Fabra,94.0,50811.0,4239292.0
293.0,University of Navarra,Spain,"12,748",15.3,30%,56 : 44,54.641,37.2,34.1,81.9,90.7,74.4,2026,35326.7683069278,1.49362,,,,
384.0,Autonomous University of Madrid,Spain,"29,772",13.0,14%,62 : 38,50.303,41.8,31.3,73.4,66.5,56.2,2026,35326.7683069278,1.49362,,,,
505.0,Complutense University of Madrid,Spain,"57,684",10.0,16%,63 : 37,46.123000000000005,43.7,34.5,57.6,56.6,49.1,2026,35326.7683069278,1.49362,,,,
543.0,University of Valencia,Spain,"48,963",13.1,14%,64 : 36,45.369,31.8,27.7,70.9,68.5,52.6,2026,35326.7683069278,1.49362,,,,
642.0,University of Granada,Spain,"51,046",14.3,11%,61 : 39,42.5495,31.3,29.7,60.9,60.7,53.4,2026,35326.7683069278,1.49362,,,,
670.0,Universitat Politècnica de Catalunya,Spain,"24,055",10.3,13%,30 : 70,41.9125,34.2,22.6,58.7,75.8,61.7,2026,35326.7683069278,1.49362,Universitat Politècnica de Catalunya,100.0,96899.0,4909008.0
714.0,Rovira i Virgili University,Spain,"14,226",13.2,12%,60 : 40,40.968,28.2,25.1,62.5,57.5,57.6,2026,35326.7683069278,1.49362,Universitat Rovira i Virgili,95.0,35954.0,2573679.0
734.0,University of the Basque Country,Spain,"39,279",11.6,6%,56 : 44,40.3505,31.1,21.9,63.3,61.5,45.0,2026,35326.7683069278,1.49362,University of the Basque Country,100.0,94863.0,5224610.0
755.0,Polytechnic University of Valencia,Spain,"30,641",15.8,16%,58 : 42,40.0085,32.3,26.2,50.4,86.8,57.2,2026,35326.7683069278,1.49362,,,,
777.0,University of Santiago de Compostela,Spain,"24,821",14.1,8%,62 : 38,39.613,30.8,23.1,60.9,48.2,48.4,2026,35326.7683069278,1.49362,Universidade de Santiago de Compostela,86.0,76443.0,5442352.0
827.0,University of Jaén,Spain,"13,280",13.9,10%,58 : 42,38.48649999999999,23.9,20.7,67.0,39.2,50.2,2026,35326.7683069278,1.49362,,,,
841.0,University of Seville,Spain,"60,471",19.0,12%,57 : 43,38.1475,24.9,27.9,55.8,60.4,47.4,2026,35326.7683069278,1.49362,,,,
860.0,University of Córdoba,Spain,"17,571",11.8,11%,59 : 41,37.833,27.4,20.7,60.4,45.8,50.6,2026,35326.7683069278,1.49362,University of Córdoba,100.0,33207.0,2505114.0
879.0,University of Vigo,Spain,"17,290",14.6,7%,51 : 49,37.585,25.2,19.8,60.9,60.1,49.8,2026,35326.7683069278,1.49362,,,,
900.0,Universitat Ramon Llull,Spain,"16,683",22.0,24%,53 : 47,37.18750000000001,20.8,17.6,63.2,36.5,73.7,2026,35326.7683069278,1.49362,Universitat Ramon Llull,100.0,12352.0,478013.0
912.0,Carlos III University of Madrid,Spain,"18,403",10.9,18%,48 : 52,36.983,32.6,21.7,45.7,66.7,62.6,2026,35326.7683069278,1.49362,,,,
915.0,Open University of Catalonia,Spain,"34,578",96.6,6%,57 : 43,36.9545,18.5,20.5,68.3,32.8,50.0,2026,35326.7683069278,1.49362,,,,
916.0,University of Salamanca,Spain,"25,749",14.6,16%,61 : 39,36.95349999999999,32.0,24.8,47.9,46.6,54.5,2026,35326.7683069278,1.49362,,,,
927.0,University of Vic – Central University of Catalonia,Spain,"7,881",12.7,17%,61 : 39,36.771,21.4,14.1,70.8,23.6,55.8,2026,35326.7683069278,1.49362,,,,
951.0,University of Lleida,Spain,"9,739",17.0,9%,59 : 41,36.3145,23.2,20.3,59.6,61.4,43.3,2026,35326.7683069278,1.49362,University of Almería,85.0,24435.0,1203579.0
958.0,University of Alcalá,Spain,"16,459",10.1,22%,67 : 33,36.216,29.2,17.0,54.3,47.8,59.6,2026,35326.7683069278,1.49362,University of Alicante,88.0,49628.0,2116375.0
982.0,Pablo de Olavide University,Spain,"12,155",14.2,16%,61 : 39,35.806999999999995,23.2,19.4,57.3,55.8,52.2,2026,35326.7683069278,1.49362,Universidad Pablo de Olavide,91.0,20113.0,743896.0
996.0,University of the Balearic Islands,Spain,"12,091",9.2,8%,58 : 42,35.555,27.9,16.9,56.6,38.4,52.1,2026,35326.7683069278,1.49362,,,,
1014.0,University of Girona,Spain,"14,130",21.4,14%,58 : 42,35.166500000000006,21.2,24.6,51.5,53.4,55.9,2026,35326.7683069278,1.49362,University of Córdoba,85.0,33207.0,2505114.0
1031.0,University of Zaragoza,Spain,"27,923",11.2,8%,54 : 46,34.911500000000004,29.0,20.6,47.9,71.0,42.3,2026,35326.7683069278,1.49362,,,,
1045.0,University of Murcia,Spain,"26,754",15.2,5%,63 : 37,34.6795,25.6,19.4,55.2,55.1,36.5,2026,35326.7683069278,1.49362,University of Almería,85.0,24435.0,1203579.0
1071.0,Jaume I University,Spain,"12,039",14.3,11%,58 : 42,34.242999999999995,25.7,21.9,50.4,46.7,44.3,2026,35326.7683069278,1.49362,Universitat Jaume I,92.0,29764.0,1561653.0
1072.0,European University of Madrid,Spain,"15,141",8.2,38%,51 : 49,34.228500000000004,24.8,10.0,61.2,18.5,65.5,2026,35326.7683069278,1.49362,,,,
1082.0,University of Oviedo,Spain,"18,268",9.0,7%,53 : 47,34.0575,30.3,19.8,48.0,48.3,40.6,2026,35326.7683069278,1.49362,,,,
1084.0,Technical University of Madrid,Spain,"39,646",15.7,16%,34 : 66,34.043,27.8,18.1,45.7,71.2,53.8,2026,35326.7683069278,1.49362,,,,
1085.0,University of Alicante,Spain,"21,841",13.4,9%,59 : 41,34.0315,27.6,21.2,47.9,56.1,41.7,2026,35326.7683069278,1.49362,University of Alicante,100.0,49628.0,2116375.0
1104.0,University of Castilla-La Mancha,Spain,"25,421",13.5,10%,57 : 43,33.626,24.0,17.9,52.8,53.5,45.0,2026,35326.7683069278,1.49362,University of Castilla-La Mancha,100.0,44423.0,2146046.0
1127.0,University of La Laguna,Spain,"18,459",12.8,5%,57 : 43,33.2775,23.4,16.1,55.2,36.2,49.3,2026,35326.7683069278,1.49362,,,,
1149.0,University of Almería,Spain,"13,100",16.9,12%,56 : 44,32.8995,22.7,21.2,51.0,34.5,45.0,2026,35326.7683069278,1.49362,University of Almería,100.0,24435.0,1203579.0
1200.0,Universitat Internacional de Catalunya,Spain,"5,729",4.5,32%,65 : 35,32.102,26.1,11.2,50.2,21.3,69.9,2026,35326.7683069278,1.49362,Universitat Internacional de Catalunya,100.0,7785.0,268028.0
1211.0,Public University of Navarre,Spain,"8,824",11.4,9%,52 : 48,31.97,25.5,15.2,49.2,43.3,47.3,2026,35326.7683069278,1.49362,,,,
1213.0,University of Deusto,Spain,"10,138",18.7,11%,56 : 44,31.9165,20.7,20.6,49.3,39.9,46.0,2026,35326.7683069278,1.49362,,,,
1248.0,University of Las Palmas de Gran Canaria,Spain,"16,681",18.2,8%,57 : 43,31.3515,21.4,26.9,42.7,32.5,41.7,2026,35326.7683069278,1.49362,Universidad de Las Palmas de Gran Canaria,86.0,24226.0,1094026.0
1260.0,University of A Coruña,Spain,"15,460",12.6,6%,52 : 48,31.055000000000003,24.1,18.6,46.1,46.6,38.1,2026,35326.7683069278,1.49362,,,,
1302.0,Miguel Hernández University of Elche,Spain,"11,551",15.2,11%,52 : 48,30.395,22.0,18.4,42.9,62.6,42.6,2026,35326.7683069278,1.49362,,,,
1339.0,University of León,Spain,"9,699",10.9,5%,54 : 46,29.6965,24.9,15.9,41.8,61.0,36.8,2026,35326.7683069278,1.49362,University of Almería,86.0,24435.0,1203579.0
1371.0,University of Cadiz,Spain,"18,319",15.7,10%,61 : 39,29.122,21.2,18.3,42.7,37.4,43.4,2026,35326.7683069278,1.49362,,,,
1372.0,University of Valladolid,Spain,"21,685",12.1,8%,57 : 43,29.1075,24.8,16.7,40.7,44.4,39.5,2026,35326.7683069278,1.49362,,,,
1373.0,University of Malaga,Spain,"36,545",13.6,6%,54 : 46,29.086,21.1,17.1,42.1,54.0,41.5,2026,35326.7683069278,1.49362,University of Almería,85.0,24435.0,1203579.0
1381.0,University Rey Juan Carlos,Spain,"39,309",17.3,6%,57 : 43,28.921499999999995,18.7,15.3,47.4,46.7,38.4,2026,35326.7683069278,1.49362,Universidad Rey Juan Carlos,91.0,36469.0,1359196.0
1400.0,University of Burgos,Spain,"8,300",14.2,5%,56 : 44,28.6265,21.8,16.7,44.9,29.0,36.3,2026,35326.7683069278,1.49362,,,,
1469.0,National University of Distance Education (UNED),Spain,"64,730",50.0,4%,58 : 42,27.7455,17.2,19.4,41.8,50.2,33.3,2026,35326.7683069278,1.49362,,,,
1494.0,Universidad Católica San Antonio de Murcia (UCAM),Spain,"12,966",20.1,18%,56 : 44,27.3155,19.1,18.2,35.1,39.2,57.4,2026,35326.7683069278,1.49362,,,,
1538.0,Technical University of Cartagena,Spain,"4,546",10.4,10%,28 : 72,26.619,28.6,13.8,31.2,41.0,42.4,2026,35326.7683069278,1.49362,,,,
1540.0,Universidad Loyola,Spain,"5,635",17.8,5%,57 : 43,26.5945,16.2,16.5,41.9,20.2,48.7,2026,35326.7683069278,1.49362,,,,
1570.0,Universidad Francisco de Vitoria,Spain,"14,642",21.2,8%,45 : 55,25.975,15.5,12.7,46.3,18.3,41.3,2026,35326.7683069278,1.49362,Universidad Francisco de Vitoria,100.0,6261.0,112940.0
1624.0,University of Huelva,Spain,"10,926",13.7,3%,46 : 54,25.305,23.2,16.6,32.6,28.8,36.2,2026,35326.7683069278,1.49362,,,,
1650.0,CEU Universities,Spain,"21,391",12.6,20%,64 : 36,24.8435,21.9,11.8,33.9,26.4,49.8,2026,35326.7683069278,1.49362,,,,
1695.0,UNIR – International University of La Rioja,Spain,"53,424",46.1,34%,63 : 37,24.14,12.6,15.6,35.9,20.6,57.4,2026,35326.7683069278,1.49362,,,,
158.0,University of Auckland,New Zealand,"33,639",23.3,33%,55 : 45,61.428,40.4,46.8,85.7,92.2,87.2,2026,49205.1792146792,1.54848,University of Auckland,100.0,140316.0,9699380.0
377.0,University of Otago,New Zealand,"18,703",19.9,18%,60 : 40,50.581,34.1,34.3,72.4,69.3,81.1,2026,49205.1792146792,1.54848,University of Otago,100.0,90886.0,6403349.0
434.0,Victoria University of Wellington,New Zealand,"15,728",17.4,12%,59 : 41,48.521,29.0,33.5,73.7,62.9,75.0,2026,49205.1792146792,1.54848,Victoria University of Wellington,100.0,61640.0,1920417.0
461.0,University of Waikato,New Zealand,"10,521",20.7,31%,61 : 39,47.526,24.1,31.5,72.3,74.6,88.1,2026,49205.1792146792,1.54848,University of Waikato,100.0,30417.0,1380315.0
519.0,Massey University,New Zealand,"15,413",16.5,30%,64 : 36,45.7665,30.1,29.2,62.3,81.6,86.2,2026,49205.1792146792,1.54848,Massey University,100.0,53640.0,2763597.0
587.0,Auckland University of Technology,New Zealand,"17,420",17.0,49%,59 : 41,44.19849999999999,22.6,22.8,73.6,49.8,91.3,2026,49205.1792146792,1.54848,Auckland University of Technology,100.0,34043.0,7980330.0
603.0,Lincoln University (New Zealand),New Zealand,"3,123",15.0,42%,55 : 45,43.6335,29.1,25.6,62.2,53.5,91.0,2026,49205.1792146792,1.54848,,,,
632.0,University of Canterbury,New Zealand,"14,857",19.1,18%,50 : 50,42.7575,26.6,28.3,59.9,64.4,82.1,2026,49205.1792146792,1.54848,University of Canterbury,100.0,52272.0,2516011.0
166.0,University of Cape Town,South Africa,"20,094",12.6,12%,56 : 44,60.7405,39.4,46.7,87.8,84.8,77.9,2026,6267.186814093,0.61479,University of Cape Town,100.0,294315.0,7378119.0
318.0,University of the Witwatersrand,South Africa,"26,928",22.4,6%,60 : 40,53.271,34.9,43.1,70.8,91.6,74.3,2026,6267.186814093,0.61479,University of the Witwatersrand,100.0,101661.0,5095248.0
326.0,Stellenbosch University,South Africa,"25,956",26.8,7%,58 : 42,52.815,34.8,40.8,75.5,91.8,58.6,2026,6267.186814093,0.61479,Stellenbosch University,100.0,86248.0,4036799.0
388.0,University of Johannesburg,South Africa,"32,659",26.5,14%,56 : 44,50.20249999999999,29.5,38.4,69.9,81.1,82.0,2026,6267.186814093,0.61479,University of Johannesburg,100.0,109617.0,1863903.0
566.0,University of KwaZulu-Natal,South Africa,"33,675",30.7,2%,62 : 38,44.78549999999999,31.4,37.9,61.5,49.1,54.9,2026,6267.186814093,0.61479,University of KwaZulu-Natal,100.0,80813.0,3794867.0
588.0,University of Pretoria,South Africa,"34,827",18.4,7%,61 : 39,44.1755,32.3,34.7,57.5,61.1,65.2,2026,6267.186814093,0.61479,University of Pretoria,100.0,94811.0,3099753.0
753.0,University of the Western Cape,South Africa,"24,431",34.2,4%,63 : 37,40.0635,22.9,24.8,68.3,24.4,62.0,2026,6267.186814093,0.61479,University of the Western Cape,100.0,27093.0,931853.0
898.0,North-West University,South Africa,"41,784",24.1,2%,63 : 37,37.2045,22.3,18.8,63.8,45.1,56.4,2026,6267.186814093,0.61479,North-West University,100.0,45418.0,1508729.0
1171.0,University of the Free State,South Africa,"31,599",30.9,2%,64 : 36,32.596,23.1,20.0,49.6,30.6,51.7,2026,6267.186814093,0.61479,University of the Free State,100.0,38908.0,918988.0
1276.0,University of South Africa,South Africa,"207,954",84.5,2%,75 : 25,30.6545,19.7,17.8,51.0,30.4,42.2,2026,6267.186814093,0.61479,University of South Africa,100.0,47900.0,883061.0
1396.0,Nelson Mandela University,South Africa,"24,272",34.8,2%,60 : 40,28.6425,20.9,16.8,43.2,34.0,43.8,2026,6267.186814093,0.61479,Nelson Mandela University,100.0,18384.0,403337.0
1441.0,Sefako Makgatho Health Sciences University,South Africa,"5,570",7.1,2%,65 : 35,28.217,26.0,11.1,42.7,19.2,50.0,2026,6267.186814093,0.61479,Sefako Makgatho Health Sciences University,100.0,6385.0,120374.0
1599.0,Durban University of Technology,South Africa,"27,036",31.4,1%,56 : 44,25.6105,17.9,14.0,38.1,25.0,51.2,2026,6267.186814093,0.61479,Durban University of Technology,100.0,13237.0,328726.0
175.0,Trinity College Dublin,Ireland,"20,188",19.4,40%,62 : 38,60.495000000000005,42.8,44.9,83.2,76.2,91.2,2026,112894.953240805,1.58829,Trinity College Dublin,100.0,94717.0,7724830.0
223.0,University College Dublin,Ireland,"25,252",19.1,35%,,57.4665,35.5,41.7,84.0,74.9,89.4,2026,112894.953240805,1.58829,University College Dublin,100.0,104499.0,6734741.0
288.0,RCSI University of Medicine and Health Sciences,Ireland,"2,839",23.9,68%,,54.854,32.2,37.0,82.1,78.5,91.4,2026,112894.953240805,1.58829,,,,
310.0,Dublin City University,Ireland,"14,712",27.3,13%,58 : 42,53.694,28.5,36.6,88.6,69.0,71.1,2026,112894.953240805,1.58829,Dublin City University,100.0,32686.0,1479493.0
356.0,University of Galway,Ireland,"15,340",24.1,20%,60 : 40,51.33,30.2,34.7,76.9,86.7,77.6,2026,112894.953240805,1.58829,,,,
367.0,University College Cork,Ireland,"19,075",20.2,23%,59 : 41,50.9105,29.3,33.2,78.7,77.6,79.0,2026,112894.953240805,1.58829,University College Cork,100.0,61874.0,4476226.0
537.0,University of Limerick,Ireland,"14,691",27.1,18%,52 : 48,45.53,28.6,34.6,61.7,73.1,75.0,2026,112894.953240805,1.58829,University of Limerick,100.0,37112.0,1487252.0
550.0,Maynooth University,Ireland,"12,263",25.7,15%,57 : 43,45.1635,23.5,34.4,68.7,50.5,75.0,2026,112894.953240805,1.58829,,,,
1256.0,Technological University Dublin,Ireland,"19,364",17.0,22%,43 : 57,31.1205,17.6,14.7,48.8,54.7,64.5,2026,112894.953240805,1.58829,Technological University Dublin,100.0,10472.0,203261.0
186.0,King Fahd University of Petroleum and Minerals,Saudi Arabia,"5,960",8.3,28%,26 : 74,59.690000000000005,36.3,43.2,85.7,94.4,92.9,2026,35121.6628687742,0.63522,King Fahd University of Petroleum and Minerals,100.0,45778.0,2066275.0
266.0,King Saud University,Saudi Arabia,"42,846",11.0,11%,46 : 54,55.745,38.2,33.8,82.7,89.1,84.0,2026,35121.6628687742,0.63522,King Saud University,100.0,145911.0,6194782.0
302.0,King Khalid University,Saudi Arabia,"29,832",7.1,15%,55 : 45,54.269,41.2,31.6,80.0,58.4,88.2,2026,35121.6628687742,0.63522,King Khalid University,100.0,48248.0,1129817.0
352.0,Prince Mohammad Bin Fahd University,Saudi Arabia,"2,470",10.8,17%,47 : 53,51.6155,32.0,33.3,78.5,56.4,89.5,2026,35121.6628687742,0.63522,Prince Mohammad bin Fahd University,100.0,6106.0,123709.0
390.0,Prince Sultan University (PSU),Saudi Arabia,"5,837",18.0,8%,54 : 46,50.1375,19.2,29.6,92.2,51.8,82.1,2026,35121.6628687742,0.63522,Prince Sultan University,92.0,13216.0,317075.0
399.0,King Abdulaziz University,Saudi Arabia,"56,251",12.5,5%,57 : 43,49.876,29.8,22.9,87.1,67.6,74.8,2026,35121.6628687742,0.63522,King Abdulaziz University,100.0,94901.0,4937676.0
440.0,Prince Sattam Bin Abdulaziz University,Saudi Arabia,"24,820",10.8,6%,67 : 33,48.37049999999999,25.4,28.8,80.8,57.7,79.7,2026,35121.6628687742,0.63522,Prince Sattam Bin Abdulaziz University,100.0,32318.0,673973.0
491.0,Umm Al-Qura University,Saudi Arabia,"34,462",13.3,6%,47 : 53,46.61000000000001,35.4,25.3,75.7,34.5,63.2,2026,35121.6628687742,0.63522,Umm al-Qura University,100.0,29307.0,637274.0
504.0,Princess Nourah bint Abdulrahman University,Saudi Arabia,"20,015",11.0,12%,100 : 0,46.2145,29.3,21.8,78.5,33.1,85.0,2026,35121.6628687742,0.63522,Princess Nourah bint Abdulrahman University,100.0,32152.0,519362.0
562.0,Imam Abdulrahman Bin Faisal University,Saudi Arabia,"25,111",11.0,5%,89 : 11,44.8695,33.4,19.5,75.4,26.6,75.7,2026,35121.6628687742,0.63522,Imam Abdulrahman Bin Faisal University,100.0,21982.0,779240.0
586.0,Alfaisal University,Saudi Arabia,"3,443",11.3,37%,58 : 42,44.21,24.2,19.5,73.7,50.4,97.2,2026,35121.6628687742,0.63522,Alfaisal University,100.0,12308.0,395406.0
613.0,Imam Mohammad Ibn Saud Islamic University,Saudi Arabia,"38,256",11.2,15%,50 : 50,43.3695,33.2,22.1,64.9,36.6,83.1,2026,35121.6628687742,0.63522,Imam Mohammad ibn Saud Islamic University,100.0,18624.0,300147.0
671.0,Majmaah University,Saudi Arabia,"11,910",9.9,3%,47 : 53,41.899,32.2,25.4,59.7,35.6,76.0,2026,35121.6628687742,0.63522,Majmaah University,100.0,10416.0,231758.0
700.0,King Faisal University,Saudi Arabia,"22,366",10.4,6%,65 : 35,41.45,25.6,14.8,73.7,40.4,78.4,2026,35121.6628687742,0.63522,King Faisal University,100.0,24927.0,645938.0
730.0,Jouf University,Saudi Arabia,"11,978",9.6,2%,47 : 53,40.5015,23.8,17.6,72.3,25.6,75.5,2026,35121.6628687742,0.63522,Jouf University,100.0,15707.0,395573.0
767.0,University of Ha’il,Saudi Arabia,"20,652",10.9,5%,62 : 38,39.70049999999999,22.1,12.2,75.5,26.7,79.0,2026,35121.6628687742,0.63522,University of Ha'il,100.0,15505.0,376868.0
780.0,University of Tabuk,Saudi Arabia,"20,099",10.3,3%,41 : 59,39.551,25.1,14.5,70.3,30.1,75.3,2026,35121.6628687742,0.63522,University of Tabuk,100.0,15582.0,358806.0
782.0,Taif University,Saudi Arabia,"38,212",16.7,3%,58 : 42,39.4995,16.2,16.4,77.7,23.3,76.3,2026,35121.6628687742,0.63522,Taif University,100.0,31310.0,741711.0
787.0,Jazan University,Saudi Arabia,"21,894",11.6,3%,68 : 32,39.42,22.5,12.4,75.4,21.1,76.3,2026,35121.6628687742,0.63522,Jazan University,100.0,20904.0,523748.0
808.0,Qassim University,Saudi Arabia,"29,826",9.5,11%,45 : 55,38.9425,30.5,19.3,56.2,29.7,84.0,2026,35121.6628687742,0.63522,Qassim University,100.0,27978.0,569923.0
844.0,King Saud bin Abdulaziz University for Health Sciences,Saudi Arabia,"8,509",10.9,0%,53 : 47,38.136,44.6,19.6,44.5,45.5,55.0,2026,35121.6628687742,0.63522,King Saud bin Abdulaziz University for Health Sciences,100.0,17979.0,713171.0
857.0,Najran University,Saudi Arabia,"16,538",13.3,6%,57 : 43,37.865,16.7,11.9,76.1,18.5,78.9,2026,35121.6628687742,0.63522,Najran University,100.0,9772.0,302023.0
911.0,Northern Border University,Saudi Arabia,"7,128",8.6,2%,63 : 37,36.997,26.5,15.8,59.7,26.0,75.3,2026,35121.6628687742,0.63522,Northern Border University,100.0,10248.0,137146.0
1019.0,Islamic University of Madinah,Saudi Arabia,"17,328",24.6,77%,2 : 98,35.102,29.7,10.0,53.6,17.7,88.7,2026,35121.6628687742,0.63522,Islamic University of Madinah,100.0,6445.0,89462.0
1081.0,Shaqra University,Saudi Arabia,"20,402",15.5,1%,59 : 41,34.0595,17.1,9.4,67.0,17.1,73.4,2026,35121.6628687742,0.63522,Shaqra University,100.0,8518.0,138179.0
1123.0,University of Hafr Al Batin,Saudi Arabia,"13,026",17.0,6%,59 : 41,33.331999999999994,19.9,14.8,54.3,24.8,78.5,2026,35121.6628687742,0.63522,University of Hafr Al-Batin,100.0,4058.0,71273.0
1168.0,Taibah University,Saudi Arabia,"45,990",19.5,2%,63 : 37,32.64,16.1,11.2,60.4,23.0,74.7,2026,35121.6628687742,0.63522,Taibah University,100.0,20924.0,516787.0
1182.0,University of Bisha,Saudi Arabia,"14,581",12.2,2%,63 : 37,32.403499999999994,19.4,8.8,59.5,16.9,74.7,2026,35121.6628687742,0.63522,University of Bisha,100.0,6022.0,91817.0
1208.0,University of Jeddah,Saudi Arabia,"30,321",16.0,2%,67 : 33,32.0265,16.8,11.0,59.1,21.2,70.7,2026,35121.6628687742,0.63522,University of Jeddah,100.0,16087.0,352748.0
1210.0,Saudi Electronic University,Saudi Arabia,"32,325",36.4,8%,46 : 54,31.98,10.6,9.6,65.4,19.1,75.8,2026,35121.6628687742,0.63522,Saudi Electronic University,100.0,4845.0,81271.0
1246.0,Al-Baha University,Saudi Arabia,"17,782",12.7,2%,55 : 45,31.3925,19.5,9.1,54.9,21.9,75.4,2026,35121.6628687742,0.63522,Al Baha University,100.0,8344.0,111329.0
205.0,Universiti Teknologi Petronas,Malaysia,"4,262",13.0,13%,38 : 62,58.37650000000001,41.6,40.3,82.4,94.5,78.9,2026,11874.4273684245,1.0121,Universiti Teknologi Petronas,100.0,24303.0,1121477.0
244.0,University of Malaya,Malaysia,"18,899",9.7,32%,61 : 39,56.656,47.8,38.8,72.8,65.2,91.4,2026,11874.4273684245,1.0121,University of Malaya,100.0,108478.0,5813669.0
307.0,Sunway University,Malaysia,"5,046",8.4,27%,53 : 47,54.00549999999999,27.2,34.2,90.1,58.4,89.3,2026,11874.4273684245,1.0121,Sunway University,100.0,14245.0,351261.0
347.0,Universiti Kebangsaan Malaysia,Malaysia,"20,341",11.4,31%,56 : 44,51.7855,47.5,32.4,65.7,61.8,82.6,2026,11874.4273684245,1.0121,Universiti Malaysia Kelantan,90.0,9364.0,149868.0
412.0,Universiti Sains Malaysia,Malaysia,"26,522",12.7,39%,63 : 37,49.49999999999999,42.9,30.3,65.8,64.5,76.5,2026,11874.4273684245,1.0121,Universiti Sains Malaysia,100.0,77781.0,3622011.0
437.0,Universiti Teknologi Malaysia,Malaysia,"16,724",10.1,28%,48 : 52,48.429,44.5,29.5,62.0,71.1,70.7,2026,11874.4273684245,1.0121,Universiti Teknologi MARA,89.0,76785.0,1348364.0
447.0,Universiti Utara Malaysia,Malaysia,"11,413",11.1,33%,65 : 35,48.104,41.1,30.2,66.2,30.1,82.1,2026,11874.4273684245,1.0121,,,,
552.0,Universiti Putra Malaysia,Malaysia,"20,358",12.8,40%,64 : 36,45.152,40.7,31.6,51.7,57.1,82.5,2026,11874.4273684245,1.0121,Universiti Putra Malaysia,100.0,83970.0,4341617.0
645.0,Universiti Pendidikan Sultan Idris,Malaysia,"5,754",8.9,28%,59 : 41,42.49999999999999,39.4,27.6,48.4,56.2,81.4,2026,11874.4273684245,1.0121,,,,
651.0,Universiti Malaysia Pahang Al-Sultan Abdullah (UMPSA),Malaysia,"7,584",12.4,10%,49 : 51,42.326,37.9,23.9,59.0,52.8,58.7,2026,11874.4273684245,1.0121,Universiti Malaysia Pahang Al-Sultan Abdullah,94.0,23787.0,850339.0
661.0,Management & Science University (MSU),Malaysia,"4,038",7.5,58%,61 : 39,42.1275,33.2,15.0,65.8,33.4,92.1,2026,11874.4273684245,1.0121,Management and Science University,88.0,5834.0,78735.0
673.0,Universiti Tenaga Nasional (UNITEN),Malaysia,"4,317",10.0,20%,33 : 67,41.888,26.1,16.3,72.8,68.1,65.3,2026,11874.4273684245,1.0121,Universiti Tenaga Nasional,88.0,13606.0,486758.0
992.0,Mahsa University,Malaysia,"6,044",13.8,13%,17 : 83,35.6135,19.6,8.7,68.5,16.9,81.1,2026,11874.4273684245,1.0121,Mahsa University,100.0,2768.0,58683.0
1017.0,Universiti Malaysia Terengganu (UMT),Malaysia,"9,037",13.7,11%,69 : 31,35.108999999999995,22.6,20.2,55.1,36.6,61.2,2026,11874.4273684245,1.0121,Universiti Malaysia Terengganu,94.0,19709.0,503496.0
1080.0,Universiti Sultan Zainal Abidin,Malaysia,"11,380",14.8,7%,66 : 34,34.061499999999995,26.0,13.6,58.8,22.5,52.1,2026,11874.4273684245,1.0121,Sultan Zainal Abidin University,97.0,11956.0,183093.0
1126.0,Multimedia University,Malaysia,"8,957",12.9,17%,45 : 55,33.2785,26.1,21.3,38.7,74.8,64.0,2026,11874.4273684245,1.0121,Multimedia University,100.0,17504.0,413930.0
1132.0,Universiti Tunku Abdul Rahman (UTAR),Malaysia,"15,730",12.9,13%,52 : 48,33.187999999999995,20.8,17.8,51.5,63.5,52.0,2026,11874.4273684245,1.0121,Universiti Tunku Abdul Rahman,92.0,14399.0,445237.0
1193.0,Universiti Malaysia Sarawak (UNIMAS),Malaysia,"11,981",15.5,14%,70 : 30,32.205,31.4,22.1,29.7,77.7,60.2,2026,11874.4273684245,1.0121,Universiti Malaysia Sarawak,89.0,17938.0,394518.0
1526.0,Universiti Tun Hussein Onn Malaysia (UTHM),Malaysia,"15,743",16.5,7%,45 : 55,26.874,23.2,15.3,36.3,30.2,46.6,2026,11874.4273684245,1.0121,Tun Hussein Onn University of Malaysia,87.0,24444.0,526486.0
1601.0,Universiti Malaysia Perlis,Malaysia,"10,470",13.0,3%,47 : 53,25.6015,23.5,13.9,34.2,35.2,39.6,2026,11874.4273684245,1.0121,Universiti Malaysia Perlis,100.0,23192.0,612978.0
1613.0,Universiti Teknologi MARA,Malaysia,"60,349",16.3,2%,66 : 34,25.478,21.2,17.1,33.9,46.5,29.8,2026,11874.4273684245,1.0121,Universiti Teknologi MARA,100.0,76785.0,1348364.0
1647.0,Universiti Malaysia Kelantan,Malaysia,"10,001",20.0,8%,70 : 30,24.9345,16.1,14.8,35.5,37.7,49.8,2026,11874.4273684245,1.0121,Universiti Malaysia Kelantan,100.0,9364.0,149868.0
1651.0,Lincoln University College,Malaysia,"3,727",6.7,52%,24 : 76,24.813,35.0,9.3,12.6,16.9,97.8,2026,11874.4273684245,1.0121,Lincoln University College,100.0,4386.0,33454.0
1668.0,Universiti Teknikal Malaysia Melaka,Malaysia,"9,543",13.0,6%,36 : 64,24.55,26.9,11.4,27.3,37.4,48.3,2026,11874.4273684245,1.0121,,,,
1747.0,Universiti Malaysia Sabah (UMS),Malaysia,"16,224",9.9,4%,66 : 34,23.328,23.9,12.2,28.1,28.8,42.1,2026,11874.4273684245,1.0121,Universiti of Malaysia Sabah,88.0,20971.0,477012.0
1900.0,Universiti Kuala Lumpur,Malaysia,"17,749",12.8,3%,44 : 56,20.0405,20.6,9.6,23.6,28.8,39.3,2026,11874.4273684245,1.0121,University of Kuala Lumpur,90.0,12609.0,219423.0
1972.0,Islamic Science University of Malaysia (USIM),Malaysia,"13,123",17.6,6%,64 : 36,18.4715,22.1,9.4,18.5,16.9,40.0,2026,11874.4273684245,1.0121,,,,
217.0,Tel Aviv University,Israel,"24,379",22.7,7%,57 : 43,57.835,41.8,50.1,79.9,75.0,53.4,2026,54176.6844383302,6.34589,Tel Aviv University,100.0,203440.0,16976508.0
261.0,Hebrew University of Jerusalem,Israel,"17,488",16.2,3%,58 : 42,55.982,48.1,47.2,72.6,77.3,43.1,2026,54176.6844383302,6.34589,Hebrew University of Jerusalem,100.0,146449.0,10964685.0
343.0,Technion Israel Institute of Technology,Israel,"15,310",21.6,14%,41 : 59,52.0575,43.9,41.7,62.9,73.1,69.6,2026,54176.6844383302,6.34589,Technion – Israel Institute of Technology,100.0,113146.0,7932540.0
607.0,University of Haifa,Israel,"16,297",17.5,3%,66 : 34,43.555,29.6,31.2,68.6,65.0,34.6,2026,54176.6844383302,6.34589,University of Haifa,100.0,48987.0,1941163.0
715.0,Bar-Ilan University,Israel,"19,887",20.6,4%,58 : 42,40.939,33.8,34.8,52.6,65.9,32.8,2026,54176.6844383302,6.34589,Bar-Ilan University,100.0,58856.0,3484339.0
738.0,Ben-Gurion University of the Negev,Israel,"16,196",12.0,2%,52 : 48,40.3075,35.5,25.3,57.3,65.2,36.0,2026,54176.6844383302,6.34589,Ben-Gurion University of the Negev,100.0,94516.0,5123003.0
999.0,Reichman University,Israel,"7,795",32.3,25%,55 : 45,35.501,15.0,18.7,65.1,46.2,57.0,2026,54176.6844383302,6.34589,Reichman University,100.0,5702.0,214875.0
1408.0,Ariel University,Israel,"12,587",18.4,1%,50 : 50,28.536,19.7,21.0,41.8,37.3,34.7,2026,54176.6844383302,6.34589,Ariel University,100.0,15030.0,345475.0
221.0,Qatar University,Qatar,"9,539",8.2,38%,,57.5885,32.4,38.1,89.1,79.1,94.5,2026,76688.6941743178,0.68058,Qatar University,100.0,40028.0,1704266.0
222.0,University of São Paulo,Brazil,"82,212",13.9,3%,48 : 52,57.585,61.6,55.6,53.9,96.6,43.4,2026,10310.5488778166,1.1938,,,,
379.0,University of Campinas,Brazil,"32,551",19.0,3%,47 : 53,50.468,51.7,48.0,50.2,78.1,41.5,2026,10310.5488778166,1.1938,,,,
723.0,Federal University of Rio de Janeiro,Brazil,"56,160",14.6,1%,56 : 44,40.681,42.6,36.2,38.1,84.9,37.2,2026,10310.5488778166,1.1938,Federal University of São João del-Rei,86.0,15181.0,397856.0
745.0,Universidade Estadual Paulista (Unesp),Brazil,"37,420",12.5,3%,52 : 48,40.249,45.6,35.6,36.8,62.7,39.0,2026,10310.5488778166,1.1938,Universidade Estadual Paulista (Unesp),100.0,200566.0,7055811.0
796.0,Universidade Federal do Rio Grande do Sul,Brazil,"40,018",14.4,1%,52 : 48,39.2215,38.9,23.2,53.6,56.7,35.6,2026,10310.5488778166,1.1938,Universidade Federal do Rio Grande do Sul,100.0,170302.0,6748310.0
814.0,Pontifical Catholic University of Rio de Janeiro (PUC-Rio),Brazil,"11,715",18.4,2%,50 : 50,38.8495,37.1,34.2,38.9,72.8,45.4,2026,10310.5488778166,1.1938,,,,
896.0,Federal University of Minas Gerais,Brazil,"43,267",14.9,2%,56 : 44,37.2165,41.6,25.3,42.4,53.0,36.9,2026,10310.5488778166,1.1938,,,,
919.0,Universidade Federal de São Paulo (UNIFESP),Brazil,"20,218",11.8,1%,60 : 40,36.9075,36.0,25.3,46.2,59.2,36.3,2026,10310.5488778166,1.1938,Universidade Federal de São Paulo,89.0,89356.0,4261260.0
1035.0,Universidade Federal de Santa Catarina,Brazil,"36,229",14.9,3%,50 : 50,34.839499999999994,36.3,22.4,40.8,65.5,37.0,2026,10310.5488778166,1.1938,Universidade Federal de Santa Catarina,100.0,106940.0,3122928.0
1163.0,Pontifical Catholic University of Rio Grande do Sul (PUCRS),Brazil,"13,166",23.8,1%,52 : 48,32.6755,33.6,19.6,40.2,57.8,36.1,2026,10310.5488778166,1.1938,,,,
1258.0,Federal University of São Carlos,Brazil,"20,250",14.2,1%,50 : 50,31.102,34.3,21.5,33.5,55.4,33.1,2026,10310.5488778166,1.1938,,,,
1324.0,Universidade Federal do Paraná (UFPR),Brazil,"33,204",12.2,8%,50 : 50,29.98,37.2,18.5,29.7,51.9,35.4,2026,10310.5488778166,1.1938,Universidade Federal do Paraná,92.0,103485.0,2516552.0
1443.0,Pontifícia Universidade Católica do Paraná,Brazil,"11,606",12.7,1%,54 : 46,28.1885,26.3,13.1,40.6,52.4,31.4,2026,10310.5488778166,1.1938,Pontifícia Universidade Católica do Paraná,100.0,21886.0,499513.0
1473.0,Universidade Federal de Pernambuco,Brazil,"36,048",13.2,0%,52 : 48,27.676,33.8,18.5,25.6,62.5,28.8,2026,10310.5488778166,1.1938,Universidade Federal de Pernambuco,100.0,87130.0,2157732.0
1482.0,University of Brasília,Brazil,"43,678",14.4,1%,53 : 47,27.4785,34.0,17.7,27.7,33.2,35.7,2026,10310.5488778166,1.1938,University Center of Brasília,86.0,5315.0,26202.0
1510.0,Federal University of Goiás,Brazil,"23,032",11.5,1%,42 : 58,27.184999999999995,31.8,23.7,25.4,25.4,30.6,2026,10310.5488778166,1.1938,,,,
1531.0,Federal University of Lavras,Brazil,"13,186",17.1,2%,49 : 51,26.7605,30.8,19.0,28.7,32.8,29.9,2026,10310.5488778166,1.1938,,,,
1547.0,Federal University of Uberlândia,Brazil,"26,116",14.2,1%,52 : 48,26.393,24.9,13.1,39.1,39.4,25.9,2026,10310.5488778166,1.1938,,,,
1576.0,Universidade Federal do ABC (UFABC),Brazil,"19,284",25.4,1%,38 : 62,25.9015,18.8,17.3,36.0,28.9,45.1,2026,10310.5488778166,1.1938,Universidade Federal do ABC,90.0,23909.0,874980.0
1584.0,Federal University of Santa Maria,Brazil,"27,692",14.2,1%,55 : 45,25.761,26.9,14.0,34.0,37.2,27.7,2026,10310.5488778166,1.1938,,,,
1653.0,Unisinos University,Brazil,"14,944",30.4,0%,53 : 47,24.7195,21.6,20.7,26.1,55.3,30.7,2026,10310.5488778166,1.1938,,,,
1654.0,Universidade Federal da Bahia,Brazil,"50,721",19.0,1%,54 : 46,24.707500000000003,27.1,14.6,30.0,25.1,33.0,2026,10310.5488778166,1.1938,Universidade Federal da Bahia,100.0,62067.0,1742083.0
1663.0,Federal University of Rio Grande do Norte (UFRN),Brazil,"52,086",19.7,0%,47 : 53,24.60299999999999,26.4,15.7,26.8,43.3,33.2,2026,10310.5488778166,1.1938,,,,
1667.0,Universidade Federal de Juiz de Fora,Brazil,"24,376",15.1,1%,55 : 45,24.567,23.7,13.1,34.7,25.1,31.5,2026,10310.5488778166,1.1938,Universidade Federal de Juiz de Fora,100.0,38185.0,1044795.0
1732.0,Universidade do Estado do Rio de Janeiro (UERJ),Brazil,"34,661",11.8,0%,55 : 45,23.5715,32.2,12.3,24.5,23.2,29.7,2026,10310.5488778166,1.1938,Universidade do Estado do Rio de Janeiro,94.0,78855.0,3258312.0
1734.0,Federal University of Pelotas,Brazil,"21,972",14.9,1%,57 : 43,23.5335,25.1,14.1,30.0,25.0,27.2,2026,10310.5488778166,1.1938,,,,
1743.0,Universidade Federal de Ouro Preto (UFOP),Brazil,"13,409",14.4,1%,50 : 50,23.4245,22.3,22.2,23.5,35.2,26.0,2026,10310.5488778166,1.1938,Universidade Federal de Ouro Preto,93.0,20968.0,481161.0
1765.0,Federal University of Mato Grosso do Sul,Brazil,"23,578",13.3,1%,56 : 44,22.8995,24.0,14.5,25.6,37.8,32.3,2026,10310.5488778166,1.1938,Universidade Federal de Mato Grosso do Sul,85.0,32059.0,557836.0
1768.0,Federal University of Espírito Santo,Brazil,"30,434",17.2,1%,55 : 45,22.871,24.2,12.8,25.5,53.0,30.0,2026,10310.5488778166,1.1938,,,,
1770.0,Federal University of Viçosa,Brazil,"18,831",9.9,3%,56 : 44,22.7945,30.4,12.4,23.4,28.7,27.5,2026,10310.5488778166,1.1938,,,,
1780.0,Fluminense Federal University,Brazil,"71,079",20.2,0%,48 : 52,22.6685,23.6,13.4,27.9,27.2,31.5,2026,10310.5488778166,1.1938,Universidade Federal Fluminense,90.0,78444.0,1626570.0
1783.0,Catholic University of Brasília,Brazil,"7,990",20.7,0%,54 : 46,22.632500000000004,25.5,25.3,13.6,22.2,37.4,2026,10310.5488778166,1.1938,,,,
1793.0,Universidade Federal de Ciências da Saúde de Porto Alegre (UFCSPA),Brazil,"4,652",13.0,2%,70 : 30,22.381500000000003,23.2,13.1,27.5,30.4,30.3,2026,10310.5488778166,1.1938,Universidade Federal de Ciências da Saúde de Porto Alegre,94.0,10411.0,295484.0
1801.0,Universidade Estadual do Norte Fluminense Darcy Ribeiro,Brazil,"6,353",19.4,0%,62 : 38,22.223000000000003,29.8,11.9,21.6,21.9,35.0,2026,10310.5488778166,1.1938,,,,
1805.0,Universidade Estadual de Maringá,Brazil,"17,887",11.4,0%,56 : 44,22.1085,31.8,14.2,19.2,26.8,23.7,2026,10310.5488778166,1.1938,Universidade Estadual de Maringá,100.0,46799.0,1536921.0
1828.0,Londrina State University,Brazil,"20,259",9.9,1%,58 : 42,21.4955,30.4,12.1,20.0,26.9,25.9,2026,10310.5488778166,1.1938,,,,
1844.0,State University of Ponta Grossa,Brazil,"8,076",8.9,1%,46 : 54,21.2405,26.2,19.0,16.9,20.6,28.1,2026,10310.5488778166,1.1938,,,,
1866.0,Federal University of Pará,Brazil,"49,025",18.1,0%,55 : 45,20.8385,25.2,12.9,21.8,28.4,26.5,2026,10310.5488778166,1.1938,,,,
1868.0,University of Passo Fundo (UPF),Brazil,"6,729",15.2,0%,56 : 44,20.7185,20.8,12.0,27.5,19.0,27.9,2026,10310.5488778166,1.1938,,,,
1870.0,Federal Rural University of Pernambuco,Brazil,"14,329",12.6,0%,53 : 47,20.704,30.4,10.3,19.8,24.1,24.6,2026,10310.5488778166,1.1938,Universidade Federal Rural de Pernambuco,85.0,33160.0,652541.0
1883.0,Universidade do Estado de Santa Catarina,Brazil,"11,738",11.5,1%,55 : 45,20.463,31.5,11.8,16.2,27.4,23.9,2026,10310.5488778166,1.1938,Universidade do Estado de Santa Catarina,100.0,26953.0,417955.0
1887.0,Universidade Federal de Sergipe,Brazil,"24,819",14.7,0%,54 : 46,20.408,20.1,10.6,27.5,22.8,29.9,2026,10310.5488778166,1.1938,Universidade Federal de Sergipe,100.0,33746.0,682439.0
1934.0,State University of Santa Cruz,Brazil,"7,689",9.3,2%,56 : 44,19.028,26.1,10.1,16.4,19.3,36.1,2026,10310.5488778166,1.1938,,,,
1947.0,Centro Federal de Educação Tecnológica Celso Suckow da Fonseca (CEFET-RJ),Brazil,"19,873",22.2,0%,36 : 64,18.858,15.5,10.1,26.3,18.6,36.3,2026,10310.5488778166,1.1938,Federal Center for Technological Education Celso Suckow da Fonseca,85.0,6660.0,72968.0
1986.0,University of Caxias do Sul,Brazil,"13,482",29.8,0%,54 : 46,18.1105,18.5,9.2,24.3,23.5,23.4,2026,10310.5488778166,1.1938,,,,
2008.0,Universidade Estadual de Feira de Santana (UEFS),Brazil,"10,209",11.2,0%,54 : 46,17.6035,21.4,9.8,18.7,17.9,28.3,2026,10310.5488778166,1.1938,Universidade Estadual de Feira de Santana,94.0,19831.0,281311.0
2010.0,Mackenzie Presbyterian University,Brazil,"27,073",28.3,0%,48 : 52,17.59,20.9,12.6,14.8,27.2,29.9,2026,10310.5488778166,1.1938,Universidade Presbiteriana Mackenzie,87.0,14672.0,203070.0
2066.0,Ceará State University,Brazil,"14,109",13.0,0%,60 : 40,16.327499999999997,24.9,12.0,10.2,19.8,22.0,2026,10310.5488778166,1.1938,,,,
2067.0,Universidade Nove de Julho (Uninove),Brazil,"92,549",20.0,1%,58 : 42,16.3205,23.6,9.1,12.0,17.8,32.1,2026,10310.5488778166,1.1938,Universidade Nove de Julho,87.0,14125.0,263115.0
2099.0,Universidade Federal do Maranhão (UFMA),Brazil,"47,330",23.5,0%,53 : 47,15.444,15.0,12.0,15.8,24.6,24.2,2026,10310.5488778166,1.1938,Universidade Federal do Maranhão,93.0,27085.0,431377.0
2108.0,Universidade Estadual do Oeste do Paraná (Unioeste),Brazil,"13,600",10.7,0%,62 : 38,15.137,25.3,10.0,8.1,17.9,21.7,2026,10310.5488778166,1.1938,Universidade Estadual do Oeste do Paraná,90.0,22855.0,305020.0
2116.0,University of Fortaleza (UNIFOR),Brazil,"23,797",24.8,0%,53 : 47,14.9,14.9,9.7,15.6,19.6,29.7,2026,10310.5488778166,1.1938,,,,
2130.0,University of Pernambuco,Brazil,"19,417",14.1,,,14.677,17.6,9.3,13.2,19.7,27.2,2026,10310.5488778166,1.1938,,,,
2132.0,Pontifical Catholic University of Minas Gerais,Brazil,"35,797",29.6,0%,56 : 44,14.568999999999996,16.3,10.2,13.7,19.5,25.5,2026,10310.5488778166,1.1938,,,,
2147.0,State University of Southwestern Bahia (UESB),Brazil,"9,315",9.4,0%,59 : 41,14.292500000000002,26.6,8.7,6.0,16.5,19.5,2026,10310.5488778166,1.1938,Southwest Bahia State University,85.0,13562.0,189954.0
2179.0,State University of Bahia,Brazil,"23,621",10.6,0%,67 : 33,12.988,22.1,8.8,5.2,17.1,22.3,2026,10310.5488778166,1.1938,,,,
2184.0,Universidade Estadual do Maranhão,Brazil,"20,516",15.3,0%,62 : 38,12.357,15.8,9.2,8.6,16.2,24.0,2026,10310.5488778166,1.1938,Universidade Estadual do Maranhão,100.0,9655.0,71397.0
2186.0,Universidade Federal Rural do Semi-Arido,Brazil,"11,086",14.8,0%,41 : 59,12.079499999999998,18.0,8.5,7.4,16.3,19.1,2026,10310.5488778166,1.1938,Universidade Federal Rural do Semi-Árido,86.0,12758.0,173828.0
2190.0,"Federal Institute of Education, Science and Technology of São Paulo",Brazil,"70,000",20.0,0%,37 : 63,10.8635,12.6,7.1,8.8,17.5,23.3,2026,10310.5488778166,1.1938,,,,
233.0,Abu Dhabi University,United Arab Emirates,"2,344",10.7,60%,50 : 50,57.17099999999999,38.0,33.9,92.0,29.5,98.0,2026,50273.5060469837,1.49469,Abu Dhabi University,100.0,8266.0,171850.0
235.0,United Arab Emirates University,United Arab Emirates,"9,024",13.9,18%,73 : 27,57.063,28.7,38.1,91.8,86.5,87.3,2026,50273.5060469837,1.49469,United Arab Emirates University,100.0,34768.0,1553931.0
247.0,Khalifa University,United Arab Emirates,"4,299",7.1,29%,57 : 43,56.564,37.6,28.0,88.5,92.3,94.8,2026,50273.5060469837,1.49469,Liwa University,85.0,438.0,7446.0
338.0,University of Sharjah,United Arab Emirates,"12,327",17.7,51%,67 : 33,52.243,23.5,27.0,94.3,44.7,98.7,2026,50273.5060469837,1.49469,University of Sharjah,100.0,28012.0,969640.0
411.0,Ajman University,United Arab Emirates,"4,626",15.2,81%,57 : 43,49.5085,25.8,28.7,84.0,22.8,99.5,2026,50273.5060469837,1.49469,Ajman University,100.0,8820.0,188444.0
428.0,Al Ain University,United Arab Emirates,"2,588",11.0,61%,51 : 49,48.8045,28.0,30.2,78.7,18.6,99.1,2026,50273.5060469837,1.49469,Al Ain University,100.0,7086.0,127720.0
497.0,Zayed University,United Arab Emirates,"7,520",13.7,2%,83 : 17,46.371500000000005,21.8,21.7,85.8,59.5,73.7,2026,50273.5060469837,1.49469,Zayed University,100.0,10837.0,215491.0
560.0,American University of Sharjah,United Arab Emirates,"5,432",17.7,72%,53 : 47,44.93899999999999,20.9,28.7,73.0,49.7,87.5,2026,50273.5060469837,1.49469,American University of Sharjah,100.0,11183.0,401097.0
251.0,Indian Institute of Science,India,"5,020",10.5,1%,26 : 74,56.367,61.8,56.9,51.2,98.0,31.4,2026,2694.73780859961,0.64558,,,,
372.0,Saveetha Institute of Medical and Technical Sciences,India,"15,494",9.7,6%,52 : 48,50.7375,37.9,18.4,93.4,20.4,71.8,2026,2694.73780859961,0.64558,,,,
454.0,Shoolini University of Biotechnology and Management Sciences,India,"3,676",16.4,1%,50 : 50,47.9845,27.8,24.1,88.7,25.8,68.7,2026,2694.73780859961,0.64558,,,,
487.0,Jamia Millia Islamia,India,"10,370",12.1,5%,52 : 48,46.7825,43.0,18.2,79.6,43.8,42.5,2026,2694.73780859961,0.64558,Jamia Millia Islamia,100.0,22866.0,1068606.0
567.0,Mahatma Gandhi University,India,"2,470",9.8,2%,65 : 35,44.7685,46.5,28.5,63.6,36.4,30.0,2026,2694.73780859961,0.64558,Mahatma Gandhi University,100.0,9487.0,421982.0
573.0,Indian Institute of Technology Indore,India,"2,332",12.5,0%,24 : 76,44.5425,42.9,28.9,63.9,40.9,36.0,2026,2694.73780859961,0.64558,Indian Institute of Technology Indore,100.0,24171.0,1024478.0
584.0,UPES,India,"9,231",9.6,0%,30 : 70,44.24349999999999,29.6,20.9,81.5,23.2,54.3,2026,2694.73780859961,0.64558,,,,
594.0,Lovely Professional University,India,"36,891",14.9,8%,28 : 72,43.94349999999999,24.6,17.6,87.6,31.5,53.9,2026,2694.73780859961,0.64558,Lovely Professional University,100.0,33735.0,745231.0
601.0,KIIT University,India,"19,682",10.3,14%,56 : 44,43.64,43.0,20.9,63.5,60.6,45.6,2026,2694.73780859961,0.64558,KIIT University,100.0,20746.0,477560.0
605.0,Banaras Hindu University,India,"12,447",7.9,4%,49 : 51,43.590500000000006,49.9,18.0,67.8,31.0,27.6,2026,2694.73780859961,0.64558,Banaras Hindu University,100.0,72018.0,3748369.0
609.0,Graphic Era University,India,"11,054",13.9,2%,45 : 55,43.516000000000005,20.2,22.2,92.0,20.1,36.2,2026,2694.73780859961,0.64558,Graphic Era University,100.0,23891.0,316645.0
615.0,Aligarh Muslim University,India,"21,223",14.7,1%,39 : 61,43.331,41.3,16.8,72.4,37.2,40.9,2026,2694.73780859961,0.64558,Aligarh Muslim University,100.0,38955.0,1853567.0
662.0,"Amity University, Noida",India,"29,510",14.9,14%,57 : 43,42.127,28.7,17.6,76.9,42.1,50.7,2026,2694.73780859961,0.64558,,,,
665.0,Panjab University,India,"16,479",15.9,2%,65 : 35,42.09,38.2,19.6,71.2,48.3,24.6,2026,2694.73780859961,0.64558,Panjab University,100.0,32429.0,3002166.0
689.0,Symbiosis International University,India,"22,845",14.4,7%,47 : 53,41.613,29.3,15.8,80.2,27.0,43.3,2026,2694.73780859961,0.64558,Symbiosis International University,100.0,21377.0,331004.0
691.0,Manipal Academy of Higher Education,India,"24,076",8.6,12%,50 : 50,41.5795,44.7,18.6,56.4,54.1,52.2,2026,2694.73780859961,0.64558,Manipal Academy of Higher Education,100.0,51835.0,1488648.0
692.0,Thapar Institute of Engineering and Technology,India,"7,763",15.0,4%,35 : 65,41.57099999999999,33.3,17.6,72.5,38.9,44.5,2026,2694.73780859961,0.64558,Thapar Institute of Engineering & Technology,95.0,17397.0,683574.0
694.0,Central University of Punjab,India,"2,829",14.1,2%,37 : 63,41.5405,30.3,19.8,78.7,26.5,29.2,2026,2694.73780859961,0.64558,Central University of Punjab,100.0,6230.0,222045.0
712.0,Indian Institute of Technology Patna,India,"2,840",17.1,1%,23 : 77,41.061,34.8,22.5,70.4,36.0,22.8,2026,2694.73780859961,0.64558,Indian Institute of Technology Patna,100.0,9593.0,287635.0
717.0,Chitkara University,India,"18,269",13.8,3%,44 : 56,40.810500000000005,21.1,14.7,91.0,22.7,28.2,2026,2694.73780859961,0.64558,Chitkara University,100.0,24094.0,418258.0
731.0,Malaviya National Institute of Technology,India,"5,589",17.0,1%,26 : 74,40.432500000000005,31.7,19.1,73.9,39.3,24.0,2026,2694.73780859961,0.64558,National Institute of Technology Meghalaya,94.0,4826.0,76582.0
771.0,VIT University,India,"44,159",16.0,3%,29 : 71,39.6385,27.7,21.0,68.8,42.3,40.6,2026,2694.73780859961,0.64558,XIM University,86.0,1325.0,19998.0
773.0,Sharda University,India,"15,326",12.7,11%,43 : 57,39.63,32.8,13.5,73.7,22.1,40.6,2026,2694.73780859961,0.64558,Sharda University,100.0,13315.0,217365.0
778.0,National Institute of Technology Rourkela,India,"7,763",19.0,4%,18 : 82,39.60699999999999,34.3,20.5,63.8,66.4,23.3,2026,2694.73780859961,0.64558,National Institute of Technology Rourkela,100.0,22639.0,970536.0
783.0,"International Institute of Information Technology, Hyderabad",India,"1,882",13.4,7%,20 : 80,39.483,29.3,18.7,66.3,56.6,43.5,2026,2694.73780859961,0.64558,"International Institute of Information Technology, Hyderabad",100.0,6252.0,182035.0
802.0,University of Delhi,India,"24,204",20.2,2%,47 : 53,39.005,42.9,29.7,45.8,53.6,24.7,2026,2694.73780859961,0.64558,University of Delhi,100.0,79880.0,3634775.0
806.0,Bharathiar University,India,"3,927",19.2,0%,55 : 45,38.9675,35.9,25.9,55.7,45.4,31.2,2026,2694.73780859961,0.64558,Bharathiar University,100.0,16736.0,691538.0
818.0,"Birla Institute of Technology and Science, Pilani",India,"16,157",15.3,3%,20 : 80,38.690000000000005,29.0,20.9,66.9,46.1,28.8,2026,2694.73780859961,0.64558,"Birla Institute of Technology and Science, Pilani",100.0,21686.0,834753.0
821.0,Jawaharlal Nehru University,India,"7,759",11.2,1%,42 : 58,38.5835,46.0,24.4,48.5,39.5,24.1,2026,2694.73780859961,0.64558,Jawaharlal Nehru University,100.0,29332.0,1011070.0
847.0,Guru Gobind Singh Indraprastha University,India,"6,027",14.2,4%,29 : 71,38.028,30.8,12.4,74.2,26.9,26.8,2026,2694.73780859961,0.64558,Guru Gobind Singh Indraprastha University,100.0,10087.0,225657.0
869.0,KL University,India,"18,766",14.7,2%,38 : 62,37.7275,25.6,16.3,75.8,19.9,25.5,2026,2694.73780859961,0.64558,KLE University,96.0,8476.0,159185.0
870.0,National Institute of Technology Silchar,India,"4,599",11.7,3%,21 : 79,37.7135,37.5,18.9,61.7,24.5,22.4,2026,2694.73780859961,0.64558,National Institute Of Technology Silchar,100.0,11279.0,361881.0
873.0,SR University,India,"6,010",15.9,1%,50 : 50,37.685,15.7,13.9,85.4,20.0,34.7,2026,2694.73780859961,0.64558,SRM University,96.0,18394.0,437302.0
884.0,JSS Academy of Higher Education and Research,India,"8,201",9.2,9%,53 : 47,37.551,41.0,11.6,56.4,28.8,53.6,2026,2694.73780859961,0.64558,JSS Academy of Higher Education and Research,100.0,10696.0,299850.0
897.0,Shri Mata Vaishno Devi University,India,"2,983",20.7,0%,38 : 62,37.2055,29.4,18.5,67.7,22.5,26.1,2026,2694.73780859961,0.64558,Shri Mata Vaishno Devi University,100.0,4169.0,141323.0
909.0,Siksha ‘O’ Anusandhan,India,"11,466",9.4,3%,58 : 42,37.043,47.1,20.4,44.9,50.0,23.5,2026,2694.73780859961,0.64558,,,,
962.0,Jamia Hamdard University,India,"9,927",15.6,2%,45 : 55,36.1515,22.5,14.5,68.4,39.1,43.0,2026,2694.73780859961,0.64558,,,,
966.0,Alagappa University,India,"5,428",14.9,0%,59 : 41,36.092000000000006,35.6,14.5,56.7,26.5,44.2,2026,2694.73780859961,0.64558,Alagappa University,100.0,10456.0,526454.0
969.0,Savitribai Phule Pune University,India,"6,043",12.2,2%,46 : 54,36.044,40.9,13.3,56.2,37.1,23.7,2026,2694.73780859961,0.64558,Savitribai Phule Pune University,100.0,33045.0,1135468.0
981.0,"National Institute of Technology, Tiruchirappalli",India,"7,452",22.2,2%,24 : 76,35.8125,33.2,22.1,54.0,43.8,22.1,2026,2694.73780859961,0.64558,National Institute of Technology Tiruchirappalli,100.0,21304.0,705356.0
984.0,Anna University,India,"11,396",12.1,1%,41 : 59,35.773,39.2,16.2,51.8,59.9,21.0,2026,2694.73780859961,0.64558,Patna University,90.0,3254.0,47254.0
987.0,Delhi Technological University,India,"14,340",22.6,4%,17 : 83,35.73299999999999,23.9,22.7,63.3,37.8,21.3,2026,2694.73780859961,0.64558,Delhi Technological University,100.0,17722.0,553135.0
991.0,"Amity University Rajasthan, Jaipur",India,"3,978",19.5,0%,40 : 60,35.66850000000001,31.6,12.8,65.9,17.8,28.7,2026,2694.73780859961,0.64558,,,,
1004.0,Jawaharlal Nehru Technological University Anantapur (JNTUA),India,"5,743",17.9,0%,39 : 61,35.407000000000004,31.5,19.9,59.6,22.4,20.9,2026,2694.73780859961,0.64558,Jawaharlal Nehru Technological University Anantapur,94.0,7171.0,87060.0
1007.0,Indian Institute of Technology Ropar,India,"2,955",16.7,1%,24 : 76,35.3505,40.6,21.0,46.0,40.4,24.9,2026,2694.73780859961,0.64558,Indian Institute of Technology Ropar,100.0,8416.0,241729.0
1023.0,University of Hyderabad,India,"5,071",12.7,1%,46 : 54,35.048,42.4,21.6,41.6,48.4,24.8,2026,2694.73780859961,0.64558,University of Hyderabad,100.0,25342.0,1089506.0
1024.0,Indian Institute of Technology Gandhinagar,India,"2,360",14.8,1%,29 : 71,35.0445,40.0,26.6,38.1,39.7,33.5,2026,2694.73780859961,0.64558,Indian Institute of Technology Gandhinagar,100.0,9222.0,326184.0
1026.0,GLA University,India,"15,294",16.6,0%,27 : 73,35.018,18.0,15.6,72.5,20.6,34.8,2026,2694.73780859961,0.64558,GLA University,100.0,14046.0,232815.0
1047.0,Cochin University of Science and Technology,India,"4,378",14.7,2%,57 : 43,34.6615,40.3,29.0,31.6,75.2,25.0,2026,2694.73780859961,0.64558,Cochin University of Science and Technology,100.0,14660.0,479289.0
1050.0,SRM Institute of Science and Technology,India,"53,777",13.1,2%,43 : 57,34.61600000000001,25.0,13.6,67.4,27.8,26.2,2026,2694.73780859961,0.64558,SRM Institute of Science and Technology,100.0,48434.0,1002716.0
1074.0,Indian Institute of Technology Mandi,India,"2,684",14.8,1%,25 : 75,34.154,34.3,14.9,54.9,28.8,27.9,2026,2694.73780859961,0.64558,Indian Institute of Technology Mandi,100.0,8259.0,264310.0
1093.0,Jaypee University of Information Technology,India,"1,938",19.0,1%,32 : 68,33.8535,23.9,16.8,62.9,33.4,23.0,2026,2694.73780859961,0.64558,Jaypee University of Information Technology,100.0,4583.0,157674.0
1101.0,"National Institute of Technology, Raipur",India,"5,465",20.1,0%,24 : 76,33.7,28.9,16.1,60.2,28.7,17.3,2026,2694.73780859961,0.64558,National Institute of Technology Raipur,100.0,9837.0,250293.0
1106.0,Datta Meghe Institute of Higher Education & Research (Deemed to be University),India,"9,257",13.4,3%,61 : 39,33.5465,24.4,11.5,63.1,29.9,38.5,2026,2694.73780859961,0.64558,,,,
1114.0,Kalasalingam Academy of Research and Education,India,"6,792",4.4,9%,51 : 49,33.471,27.8,9.2,61.5,22.8,43.2,2026,2694.73780859961,0.64558,Kalasalingam Academy of Research and Education,100.0,11053.0,304816.0
1121.0,"Maulana Abul Kalam Azad University of Technology, West Bengal",India,"3,108",17.2,0%,39 : 61,33.3585,18.7,24.2,59.2,39.1,20.0,2026,2694.73780859961,0.64558,"Maulana Abul Kalam Azad University of Technology, West Bengal",100.0,5234.0,82947.0
1122.0,Birla Institute of Technology,India,"5,296",16.7,0%,25 : 75,33.343999999999994,22.7,20.0,58.1,45.5,21.3,2026,2694.73780859961,0.64558,"Birla Institute of Technology, Mesra",91.0,13692.0,356690.0
1124.0,Central University of Jammu,India,"1,086",4.8,0%,45 : 55,33.32599999999999,42.5,10.5,50.8,17.4,24.1,2026,2694.73780859961,0.64558,Central University of Jammu,100.0,2685.0,52141.0
1156.0,Veltech University,India,"11,475",15.6,2%,20 : 80,32.775000000000006,18.0,13.6,67.4,30.4,27.8,2026,2694.73780859961,0.64558,Vels University,85.0,8717.0,83955.0
1162.0,Dr B.R. Ambedkar National Institute of Technology Jalandhar,India,"5,637",20.5,0%,25 : 75,32.691500000000005,25.6,17.0,59.1,25.8,19.3,2026,2694.73780859961,0.64558,Dr. B. R. Ambedkar National Institute of Technology Jalandhar,100.0,10115.0,294659.0
1167.0,O.P. Jindal Global University,India,"8,674",7.9,1%,50 : 50,32.644,26.0,16.3,51.1,16.8,56.6,2026,2694.73780859961,0.64558,O. P. Jindal Global University,100.0,6624.0,56469.0
1169.0,Indraprastha Institute of Information Technology Delhi,India,"3,033",16.5,6%,18 : 82,32.634,25.3,14.6,52.4,52.6,41.5,2026,2694.73780859961,0.64558,Indraprastha Institute of Information Technology Delhi,100.0,6753.0,178100.0
1172.0,Jadavpur University,India,"12,547",19.0,0%,32 : 68,32.5865,36.6,15.9,45.0,53.9,20.3,2026,2694.73780859961,0.64558,Jadavpur University,100.0,45587.0,1855312.0
1186.0,Central University of Haryana,India,"4,612",19.8,0%,44 : 56,32.291999999999994,19.3,16.8,63.6,17.6,25.9,2026,2694.73780859961,0.64558,Central University of Haryana,100.0,4313.0,90611.0
1205.0,Karunya Institute of Technology and Sciences,India,"7,715",15.2,0%,37 : 63,32.037,22.2,15.6,60.6,27.6,22.4,2026,2694.73780859961,0.64558,National Institute of Science and Technology,89.0,1700.0,30990.0
1217.0,"Dr D. Y. Patil Vidyapeeth, Pune",India,"5,568",10.2,2%,62 : 38,31.87400000000001,43.5,11.1,38.7,20.0,45.5,2026,2694.73780859961,0.64558,"Dr. D.Y. Patil Vidyapeeth, Pune",100.0,8649.0,83812.0
1229.0,Hindustan Institute of Technology and Science,India,"7,766",10.6,6%,40 : 60,31.6935,26.1,10.6,59.8,20.5,28.8,2026,2694.73780859961,0.64558,Hindustan Institute of Technology and Science,100.0,10010.0,150170.0
1234.0,Galgotias University,India,"18,462",14.8,3%,36 : 64,31.607000000000003,21.3,10.9,64.2,19.5,28.3,2026,2694.73780859961,0.64558,Galgotias University,100.0,14098.0,185963.0
1237.0,"Shivaji University, Kolhapur",India,"6,263",15.4,0%,43 : 57,31.56,34.9,16.6,45.5,29.7,21.5,2026,2694.73780859961,0.64558,,,,
1238.0,Bharathidasan University,India,"3,430",20.1,0%,53 : 47,31.558,34.7,18.3,41.1,32.3,31.9,2026,2694.73780859961,0.64558,Bharathidasan University,100.0,17156.0,640998.0
1240.0,Nitte (Deemed to be University),India,"5,020",8.9,2%,67 : 33,31.444,43.2,12.5,40.5,19.5,28.6,2026,2694.73780859961,0.64558,,,,
1272.0,Chaudhary Charan Singh University - Meerut,India,"3,519",15.0,0%,36 : 64,30.8295,34.4,11.0,45.8,32.1,32.9,2026,2694.73780859961,0.64558,Chaudhary Charan Singh University,90.0,7322.0,162013.0
1279.0,Banasthali University,India,"12,751",22.4,2%,99 : 1,30.6305,29.8,13.4,50.1,29.4,23.3,2026,2694.73780859961,0.64558,Banasthali University,100.0,8950.0,213447.0
1280.0,Pondicherry University,India,"9,378",20.3,0%,46 : 54,30.628,34.1,17.4,40.6,41.0,22.7,2026,2694.73780859961,0.64558,Pondicherry University,100.0,18931.0,645192.0
1282.0,Osmania University,India,"10,493",25.3,2%,48 : 52,30.611,34.7,19.0,39.2,34.3,23.1,2026,2694.73780859961,0.64558,Osmania University,100.0,18112.0,496609.0
1292.0,"Amity University, Gurugram",India,"5,677",14.8,1%,52 : 48,30.4785,24.9,13.4,53.6,17.3,33.0,2026,2694.73780859961,0.64558,,,,
1305.0,DIT University,India,"5,304",15.8,3%,31 : 69,30.365,18.7,11.3,63.2,17.1,25.7,2026,2694.73780859961,0.64558,ITM University,93.0,3324.0,31253.0
1310.0,Guru Jambheshwar University of Science and Technology,India,"7,520",18.9,0%,45 : 55,30.233,31.5,11.4,49.9,32.3,18.3,2026,2694.73780859961,0.64558,Guru Jambheshwar University of Science and Technology,100.0,6378.0,322118.0
1315.0,"Indian Institute of Science Education and Research, Pune",India,"1,816",11.9,0%,32 : 68,30.1255,36.5,19.8,31.8,31.4,37.6,2026,2694.73780859961,0.64558,Indian Institute of Science Education and Research Pune,100.0,8429.0,675187.0
1330.0,Sathyabama Institute of Science and Technology,India,"17,560",12.5,4%,49 : 51,29.8435,30.9,10.7,48.6,24.0,27.8,2026,2694.73780859961,0.64558,Sathyabama Institute of Science and Technology,100.0,19825.0,367935.0
1331.0,National Institute of Technology Delhi,India,"1,329",13.8,3%,49 : 51,29.828,32.7,13.9,44.5,20.7,26.3,2026,2694.73780859961,0.64558,National Institute of Technology Delhi,100.0,3220.0,55677.0
1337.0,Maharishi Markandeshwar University (MMU),India,"11,662",12.5,6%,43 : 57,29.7445,28.8,10.3,50.5,19.1,31.3,2026,2694.73780859961,0.64558,"Maharishi Markandeshwar University, Mullana",92.0,9369.0,194949.0
1354.0,Manipal University Jaipur,India,"12,438",14.0,5%,46 : 54,29.413,22.5,13.9,51.1,27.8,30.7,2026,2694.73780859961,0.64558,Jaipur National University,86.0,3020.0,45420.0
1369.0,Indian Institute of Science Education and Research Bhopal,India,"2,194",14.2,0%,39 : 61,29.15,38.3,21.5,29.4,25.1,23.9,2026,2694.73780859961,0.64558,"Indian Institute of Science Education and Research, Bhopal",100.0,7368.0,281976.0
1386.0,"Visvesvaraya National Institute of Technology, Nagpur",India,"4,762",16.5,2%,23 : 77,28.806,32.7,12.8,41.6,36.5,20.1,2026,2694.73780859961,0.64558,Visvesvaraya National Institute of Technology,93.0,10158.0,295005.0
1402.0,Tezpur University,India,"4,573",13.0,0%,45 : 55,28.6045,33.1,17.3,36.8,33.2,19.4,2026,2694.73780859961,0.64558,Tezpur University,100.0,9881.0,412938.0
1415.0,National Institute of Technology Warangal,India,"6,938",16.5,5%,21 : 79,28.502,26.6,13.3,45.9,27.7,25.6,2026,2694.73780859961,0.64558,National Institute of Technology Warangal,100.0,16934.0,412970.0
1418.0,Madan Mohan Malaviya University of Technology,India,"3,276",11.1,0%,44 : 56,28.453,25.1,9.3,53.8,20.6,18.5,2026,2694.73780859961,0.64558,Madan Mohan Malaviya University of Technology,100.0,3940.0,78193.0
1437.0,National Institute of Technology Srinagar,India,"3,598",13.3,0%,23 : 77,28.259,30.5,13.3,41.7,19.3,28.3,2026,2694.73780859961,0.64558,National Institute of Technology Srinagar,100.0,7218.0,141287.0
1438.0,National Institute of Technology Meghalaya,India,"1,020",13.2,3%,20 : 80,28.245,32.7,12.3,39.1,29.1,28.5,2026,2694.73780859961,0.64558,National Institute of Technology Meghalaya,100.0,4826.0,76582.0
1444.0,Shiv Nadar University,India,"2,290",9.2,2%,43 : 57,28.176,31.7,8.1,40.6,27.7,42.5,2026,2694.73780859961,0.64558,Shiv Nadar University,100.0,6381.0,134784.0
1448.0,Gauhati University,India,"5,733",12.7,0%,60 : 40,28.0475,39.4,15.4,31.4,22.4,21.9,2026,2694.73780859961,0.64558,Gauhati University,100.0,10169.0,232587.0
1464.0,SASTRA University,India,"11,847",13.9,0%,51 : 49,27.891,27.6,11.0,42.8,41.6,27.4,2026,2694.73780859961,0.64558,SASTRA University,100.0,13654.0,484591.0
1468.0,University of Kerala,India,"3,615",12.2,5%,71 : 29,27.8105,40.2,20.7,23.8,22.4,25.5,2026,2694.73780859961,0.64558,University of Kerala,100.0,13012.0,341186.0
1478.0,IFHE Hyderabad,India,"8,438",18.7,0%,42 : 58,27.5615,17.3,10.3,57.2,18.4,21.0,2026,2694.73780859961,0.64558,,,,
1489.0,M. Kumarasamy College of Engineering,India,"4,228",17.8,0%,47 : 53,27.388,15.9,9.1,59.7,17.9,19.1,2026,2694.73780859961,0.64558,,,,
1503.0,Netaji Subhas University of Technology,India,"8,856",15.5,2%,22 : 78,27.235,17.7,8.1,57.4,20.8,21.5,2026,2694.73780859961,0.64558,Netaji Subhas University of Technology,100.0,8963.0,197309.0
1508.0,Guru Ghasidas Vishwavidyalaya,India,"9,784",22.4,0%,41 : 59,27.1905,20.1,11.5,50.8,22.9,23.6,2026,2694.73780859961,0.64558,Guru Ghasidas Vishwavidyalaya,100.0,5724.0,147890.0
1514.0,Christ University,India,"35,193",20.3,1%,52 : 48,27.128499999999995,15.6,14.5,52.0,22.1,24.5,2026,2694.73780859961,0.64558,Christ University,100.0,24040.0,348779.0
1530.0,"Vels Institute of Science, Technology and Advanced Studies (VISTAS)",India,"15,173",15.7,0%,25 : 75,26.771,31.5,9.9,41.2,20.0,19.3,2026,2694.73780859961,0.64558,,,,
1568.0,Manav Rachna International Institute of Research and Studies,India,"5,684",11.2,2%,50 : 50,26.004,29.8,11.0,37.4,21.7,25.8,2026,2694.73780859961,0.64558,Manav Rachna International Institute of Research and Studies,100.0,7432.0,73360.0
1595.0,Vinayaka Mission’s Research Foundation,India,"14,971",8.7,0%,41 : 59,25.6505,26.2,8.6,44.4,16.5,19.3,2026,2694.73780859961,0.64558,,,,
1609.0,Shree Guru Gobind Singh Tricentenary University,India,"7,375",10.3,0%,50 : 50,25.5135,24.2,10.1,43.2,16.2,24.5,2026,2694.73780859961,0.64558,Shree Guru Gobind Singh Tricentenary University,100.0,6817.0,58485.0
1610.0,GMR Institute of Technology,India,"4,130",16.7,0%,32 : 68,25.5125,15.4,10.0,52.0,18.8,22.9,2026,2694.73780859961,0.64558,Institute of Chemical Technology,85.0,17127.0,970562.0
1615.0,Goa University,India,"2,771",11.0,4%,64 : 36,25.41,33.9,13.3,28.7,28.0,24.3,2026,2694.73780859961,0.64558,Goa University,100.0,5439.0,119078.0
1639.0,"Jaypee Institute of Information Technology, Noida",India,"5,208",17.8,0%,32 : 68,25.079500000000003,20.0,17.6,38.6,26.2,19.3,2026,2694.73780859961,0.64558,Jaypee Institute of Information Technology,93.0,10149.0,231353.0
1646.0,Karpagam Academy of Higher Education,India,"10,846",13.8,0%,31 : 69,24.9495,19.0,11.8,44.4,19.5,24.3,2026,2694.73780859961,0.64558,Karpagam Academy of Higher Education,100.0,13457.0,164639.0
1674.0,Acharya Nagarjuna University,India,"6,220",7.6,7%,32 : 68,24.434999999999995,45.0,9.9,16.8,27.6,28.6,2026,2694.73780859961,0.64558,Acharya Nagarjuna University,100.0,7495.0,157649.0
1676.0,Centurion University of Technology and Management,India,"12,028",21.4,2%,27 : 73,24.4045,15.3,13.0,41.1,43.4,27.4,2026,2694.73780859961,0.64558,Centurion University of Technology and Management,100.0,5249.0,66549.0
1685.0,Sri Venkateswara University,India,"6,670",15.5,0%,50 : 50,24.2815,36.9,10.6,23.6,26.3,29.2,2026,2694.73780859961,0.64558,Sri Venkateswara University,100.0,16703.0,549019.0
1721.0,B. S. Abdur Rahman Crescent Institute of Science and Technology,India,"9,428",16.5,0%,28 : 72,23.754,20.1,10.6,39.4,26.2,25.1,2026,2694.73780859961,0.64558,B.S. Abdur Rahman Crescent Institute of Science & Technology,97.0,5268.0,114878.0
1723.0,Amity University - Kolkata,India,"5,985",15.0,10%,72 : 28,23.7005,18.0,11.5,33.5,22.2,54.9,2026,2694.73780859961,0.64558,,,,
1750.0,Tamil Nadu Agricultural University,India,"8,627",12.7,0%,65 : 35,23.207,35.8,13.3,20.7,31.1,17.8,2026,2694.73780859961,0.64558,Tamil Nadu Agricultural University,100.0,17172.0,375202.0
1778.0,"Vignan’s Foundation for Science, Technology and Research",India,"8,362",12.8,4%,50 : 50,22.673,23.0,9.1,35.1,19.6,25.8,2026,2694.73780859961,0.64558,"Vignan's Foundation for Science, Technology & Research",96.0,8058.0,118123.0
1794.0,REVA University,India,"15,628",17.4,2%,37 : 63,22.3675,16.9,8.5,41.3,19.3,23.4,2026,2694.73780859961,0.64558,REVA University,100.0,7866.0,88849.0
1813.0,Bharati Vidyapeeth University,India,"10,893",7.6,0%,52 : 48,21.856500000000004,27.1,11.1,25.1,39.2,20.6,2026,2694.73780859961,0.64558,Bharati Vidyapeeth Deemed University,89.0,15973.0,355087.0
1820.0,R V College of Engineering,India,"6,140",17.8,0%,27 : 73,21.753,28.9,10.9,25.2,30.6,17.1,2026,2694.73780859961,0.64558,,,,
1831.0,University of Lucknow,India,"16,650",22.3,3%,51 : 49,21.3705,29.5,10.0,23.2,19.2,27.2,2026,2694.73780859961,0.64558,University of Lucknow,100.0,16299.0,383835.0
1852.0,GITAM University,India,"27,238",13.2,2%,38 : 62,21.1255,21.7,10.5,29.3,21.6,27.0,2026,2694.73780859961,0.64558,GITAM University,100.0,16514.0,223811.0
1876.0,M S Ramaiah University of Applied Sciences (RUAS),India,"9,031",12.1,0%,56 : 44,20.5515,21.8,9.0,31.0,20.2,18.7,2026,2694.73780859961,0.64558,M S Ramaiah University of Applied Sciences,94.0,9213.0,149162.0
1878.0,Sikkim Manipal University,India,"4,411",13.2,2%,42 : 58,20.529,20.8,9.6,29.6,22.1,24.6,2026,2694.73780859961,0.64558,Sikkim Manipal University,100.0,4061.0,85147.0
1911.0,PSG College of Technology,India,"7,957",14.0,0%,37 : 63,19.602,21.5,9.8,25.1,37.5,18.5,2026,2694.73780859961,0.64558,,,,
1916.0,AIIMS Rishikesh,India,"2,002",1.9,3%,37 : 63,19.45,29.0,11.2,17.2,22.8,21.0,2026,2694.73780859961,0.64558,,,,
1926.0,Sri Ramachandra Institute of Higher Education and Research,India,"8,949",13.5,5%,61 : 39,19.2775,25.4,12.6,16.3,25.7,29.5,2026,2694.73780859961,0.64558,Sri Ramachandra Institute of Higher Education and Research,100.0,13947.0,345168.0
1941.0,KLE Academy of Higher Education and Research,India,"7,175",8.5,1%,58 : 42,18.923,25.0,11.2,15.5,32.0,31.6,2026,2694.73780859961,0.64558,JSS Academy of Higher Education and Research,93.0,10696.0,299850.0
1951.0,Presidency University,India,"17,979",18.0,0%,34 : 66,18.7885,17.1,7.6,31.1,18.5,19.6,2026,2694.73780859961,0.64558,Presidency University,100.0,14151.0,293181.0
1960.0,Thiagarajar College of Engineering,India,"4,835",16.0,0%,40 : 60,18.642000000000003,19.6,9.0,26.7,20.0,19.2,2026,2694.73780859961,0.64558,,,,
1996.0,Dr. M.G.R. Educational and Research Institute,India,"31,849",12.8,0%,35 : 65,17.9305,18.6,8.6,25.3,16.8,22.5,2026,2694.73780859961,0.64558,Dr. M.G.R. Educational and Research Institute,100.0,5899.0,253341.0
265.0,University of Luxembourg,Luxembourg,"5,718",20.0,52%,53 : 47,55.79699999999999,39.9,39.3,75.1,79.8,92.1,2026,137781.681659123,1.07045,University of Luxembourg,100.0,62650.0,1537744.0
268.0,Lebanese American University,Lebanon,"7,606",12.0,13%,52 : 48,55.731,36.8,32.5,93.7,32.0,80.8,2026,3477.72489842684,1.5,Lebanese American University,100.0,15059.0,422157.0
799.0,Beirut Arab University,Lebanon,"4,167",10.4,21%,45 : 55,39.079,43.0,17.3,46.3,21.8,88.2,2026,3477.72489842684,1.5,Beirut Arab University,100.0,5124.0,120478.0
1454.0,Holy Spirit University of Kaslik,Lebanon,"7,374",13.0,14%,55 : 45,28.0085,23.0,9.9,38.5,19.5,80.3,2026,3477.72489842684,1.5,Holy Spirit University of Kaslik,100.0,3473.0,96047.0
1480.0,Lebanese University,Lebanon,"44,105",13.6,18%,55 : 45,27.523,34.8,14.0,21.5,22.8,77.8,2026,3477.72489842684,1.5,Lebanese University,100.0,17590.0,485445.0
1529.0,Université Saint-Joseph de Beyrouth,Lebanon,"8,540",8.4,13%,60 : 40,26.7855,32.2,10.9,24.9,28.2,73.7,2026,3477.72489842684,1.5,,,,
273.0,Semmelweis University,Hungary,"9,774",12.5,45%,69 : 31,55.5365,45.4,28.8,83.5,75.1,76.5,2026,23292.3263882478,1.37748,Semmelweis University,100.0,53830.0,3244122.0
722.0,Obuda University,Hungary,"8,068",26.6,7%,20 : 80,40.682,17.4,30.9,72.8,27.2,48.8,2026,23292.3263882478,1.37748,Obuda University,100.0,8626.0,121608.0
876.0,University of Debrecen,Hungary,"20,923",12.2,25%,56 : 44,37.6635,41.7,18.2,45.7,50.6,58.0,2026,23292.3263882478,1.37748,University of Debrecen,100.0,52417.0,2481722.0
943.0,Eötvös Loránd University,Hungary,"32,848",17.7,12%,61 : 39,36.4545,29.6,19.8,55.4,39.7,50.3,2026,23292.3263882478,1.37748,Eötvös Loránd University,100.0,65344.0,3206592.0
1170.0,University of Szeged,Hungary,"21,326",13.2,19%,56 : 44,32.633,31.2,16.4,42.3,48.7,53.8,2026,23292.3263882478,1.37748,University of Szeged,100.0,51923.0,2648190.0
1187.0,University of Pécs,Hungary,"15,829",15.2,24%,60 : 40,32.287499999999994,32.4,18.7,38.3,40.6,55.9,2026,23292.3263882478,1.37748,University of Pecs,97.0,31498.0,1424753.0
1220.0,Hungarian University of Agriculture and Life Sciences,Hungary,"9,478",11.0,16%,59 : 41,31.824,33.2,13.2,42.0,25.3,61.2,2026,23292.3263882478,1.37748,,,,
1462.0,Budapest University of Technology and Economics,Hungary,"18,656",16.3,15%,32 : 68,27.9025,23.0,18.4,34.2,65.1,38.9,2026,23292.3263882478,1.37748,Budapest University of Technology and Economics,100.0,38808.0,1233962.0
1652.0,University of Pannonia,Hungary,"5,317",20.0,6%,49 : 51,24.764,22.7,17.7,29.9,31.8,35.9,2026,23292.3263882478,1.37748,University of Pannonia,100.0,11342.0,409845.0
1807.0,Pázmány Péter Catholic University,Hungary,"6,452",15.9,6%,,21.9585,23.0,11.7,27.1,23.2,36.3,2026,23292.3263882478,1.37748,Pázmány Péter Catholic University,100.0,6584.0,135756.0
1835.0,University of Miskolc,Hungary,"9,107",17.7,9%,51 : 49,21.346,23.8,14.7,21.2,24.3,36.4,2026,23292.3263882478,1.37748,University of Miskolc,100.0,11397.0,152542.0
1838.0,Széchenyi István University,Hungary,"12,060",16.1,6%,44 : 56,21.312999999999995,18.9,13.1,27.8,27.9,33.1,2026,23292.3263882478,1.37748,Széchenyi István University,100.0,7870.0,80563.0
351.0,Koç University,Turkey,"7,111",21.0,12%,49 : 51,51.626,34.6,41.9,70.6,91.2,59.2,2026,,1.5,,,,
385.0,Middle East Technical University,Turkey,"15,224",21.6,13%,49 : 51,50.2755,46.4,44.8,52.2,90.2,57.7,2026,,1.5,,,,
393.0,Sabancı University,Turkey,"3,752",19.5,12%,36 : 64,50.117,33.0,38.8,67.5,99.0,65.6,2026,,1.5,,,,
486.0,Boğaziçi University,Turkey,"11,998",28.5,5%,46 : 54,46.82449999999999,32.9,36.1,60.9,94.0,61.6,2026,,1.5,,,,
512.0,Istanbul Technical University,Turkey,"18,037",18.8,15%,42 : 58,45.952,39.7,41.7,50.4,93.0,44.1,2026,,1.5,,,,
631.0,Bilkent University,Turkey,"8,980",19.8,6%,48 : 52,42.783,28.4,35.5,51.3,99.5,63.2,2026,,1.5,,,,
727.0,Kadir Has University,Turkey,"4,058",22.4,11%,58 : 42,40.5655,19.4,31.7,67.1,32.8,56.1,2026,,1.5,,,,
790.0,Yıldız Technical University,Turkey,"20,391",23.4,13%,47 : 53,39.357,33.1,31.6,48.5,72.9,39.5,2026,,1.5,,,,
833.0,Cankaya University,Turkey,"5,609",21.3,1%,44 : 56,38.2315,15.9,15.9,80.9,20.5,51.2,2026,,1.5,,,,
843.0,Istanbul Medipol University,Turkey,"20,473",34.4,43%,65 : 35,38.1375,33.0,29.4,42.6,54.6,65.5,2026,,1.5,,,,
877.0,Hacettepe University,Turkey,"35,176",14.7,3%,61 : 39,37.633,34.8,28.6,49.0,58.7,27.0,2026,,1.5,,,,
917.0,Ozyegin University,Turkey,"6,166",24.1,12%,47 : 53,36.92099999999999,20.6,30.7,47.8,80.9,58.2,2026,,1.5,,,,
918.0,Abdullah Gül University,Turkey,"2,977",32.4,8%,50 : 50,36.91799999999999,22.2,27.2,54.9,56.9,49.8,2026,,1.5,,,,
953.0,Atatürk University,Turkey,"33,912",24.7,10%,50 : 50,36.27499999999999,29.5,28.0,51.8,29.0,36.7,2026,,1.5,,,,
974.0,Bahçeşehir University,Turkey,"19,548",46.0,24%,50 : 50,35.971,19.0,22.9,59.4,34.0,60.6,2026,,1.5,,,,
1091.0,İstinye University,Turkey,"9,114",24.1,19%,62 : 38,33.912499999999994,12.9,18.4,61.1,17.4,76.6,2026,,1.5,,,,
1130.0,Istanbul Gelisim University,Turkey,"38,924",37.8,17%,46 : 54,33.212500000000006,12.8,9.4,71.7,16.2,60.7,2026,,1.5,,,,
1148.0,Selçuk University,Turkey,"29,826",21.4,8%,51 : 49,32.9165,32.1,23.7,37.9,67.1,33.6,2026,,1.5,,,,
1151.0,Bartin University,Turkey,"10,537",21.8,14%,49 : 51,32.876,13.7,14.3,69.5,18.5,41.3,2026,,1.5,,,,
1157.0,Izmir Institute of Technology,Turkey,"4,000",14.2,4%,47 : 53,32.74999999999999,31.1,29.8,32.2,60.4,38.1,2026,,1.5,,,,
1176.0,Firat University,Turkey,"30,050",26.0,9%,49 : 51,32.5095,24.4,13.9,57.0,32.7,38.3,2026,,1.5,,,,
1194.0,Anadolu University,Turkey,"27,577",21.0,6%,53 : 47,32.204,23.4,10.8,62.6,22.1,33.4,2026,,1.5,,,,
1206.0,Istanbul University,Turkey,"55,489",22.0,8%,56 : 44,32.035000000000004,32.2,25.6,33.2,56.8,38.4,2026,,1.5,,,,
1226.0,Ankara University,Turkey,"46,452",19.7,7%,57 : 43,31.709999999999997,35.5,17.0,41.3,35.5,33.3,2026,,1.5,,,,
1244.0,Istanbul University-Cerrahpaşa,Turkey,"23,338",18.0,6%,52 : 48,31.423,30.3,21.2,39.1,63.6,27.5,2026,,1.5,,,,
1253.0,Yaşar University,Turkey,"5,975",10.8,3%,51 : 49,31.181000000000004,21.5,11.8,57.8,21.1,43.1,2026,,1.5,,,,
1271.0,Akdeniz University,Turkey,"39,309",29.4,4%,54 : 46,30.840000000000003,25.1,26.3,38.2,60.9,25.5,2026,,1.5,,,,
1277.0,Necmettin Erbakan University,Turkey,"18,947",12.0,13%,52 : 48,30.645,37.5,15.2,37.3,23.3,40.7,2026,,1.5,,,,
1290.0,Duzce University,Turkey,"21,362",32.2,7%,46 : 54,30.519,19.3,20.1,48.3,56.6,29.9,2026,,1.5,,,,
1301.0,Gebze Technical University,Turkey,"8,171",25.3,5%,45 : 55,30.4,24.9,22.5,40.0,37.3,40.5,2026,,1.5,,,,
1312.0,Biruni University,Turkey,"12,510",22.2,17%,70 : 30,30.1995,14.7,11.3,58.8,17.9,56.4,2026,,1.5,,,,
1318.0,Inönü University,Turkey,"26,262",29.7,3%,52 : 48,30.0485,23.1,15.5,52.6,31.6,22.6,2026,,1.5,,,,
1351.0,Gazi University,Turkey,"44,013",19.9,4%,52 : 48,29.485,27.3,19.6,37.1,69.5,24.5,2026,,1.5,,,,
1383.0,Sakarya University,Turkey,"41,615",36.6,9%,52 : 48,28.901,21.8,13.8,49.7,26.7,33.2,2026,,1.5,,,,
1391.0,Ege University,Turkey,"30,191",13.7,4%,53 : 47,28.72949999999999,35.0,14.0,34.2,51.3,27.1,2026,,1.5,,,,
1421.0,Erciyes University,Turkey,"37,763",26.1,9%,50 : 50,28.4315,25.0,13.6,43.0,41.0,34.3,2026,,1.5,,,,
1442.0,TOBB University of Economics and Technology,Turkey,"5,255",13.4,1%,47 : 53,28.2155,20.0,14.7,40.9,67.5,41.1,2026,,1.5,,,,
1470.0,Istanbul Medeniyet University,Turkey,"14,298",15.2,3%,52 : 48,27.745,19.2,10.9,53.6,18.5,28.0,2026,,1.5,,,,
1475.0,"University of Health Sciences, Turkey",Turkey,"24,562",6.1,11%,51 : 49,27.6055,45.7,10.6,27.3,17.5,28.8,2026,,1.5,,,,
1481.0,Süleyman Demirel University,Turkey,"32,526",28.9,5%,52 : 48,27.482,27.6,11.5,43.8,24.0,25.4,2026,,1.5,,,,
1549.0,Istanbul Okan University,Turkey,"8,326",12.9,25%,46 : 54,26.3295,26.5,11.0,34.1,17.8,58.4,2026,,1.5,,,,
1569.0,Recep Tayyip Erdoğan University,Turkey,"11,544",14.6,4%,,25.977,20.5,12.4,44.2,30.9,24.5,2026,,1.5,,,,
1580.0,Dokuz Eylül University,Turkey,"58,554",27.8,10%,49 : 51,25.8365,27.7,15.9,27.2,64.6,30.8,2026,,1.5,,,,
1591.0,Karabük University,Turkey,"45,899",41.5,26%,43 : 57,25.682,15.6,9.8,45.6,18.7,50.8,2026,,1.5,,,,
1603.0,Marmara University,Turkey,"47,315",25.2,5%,52 : 48,25.568,25.1,13.7,34.7,34.7,31.9,2026,,1.5,,,,
1608.0,Bezmiâlem Vakif University,Turkey,"2,814",8.1,5%,70 : 30,25.522,37.8,12.0,26.1,22.9,28.6,2026,,1.5,,,,
1621.0,Karadeniz Technical University,Turkey,"22,986",10.5,8%,52 : 48,25.3405,24.5,13.8,35.1,38.9,27.0,2026,,1.5,,,,
1633.0,Yeditepe University,Turkey,"17,879",21.7,7%,56 : 44,25.24,23.9,14.1,28.9,57.2,41.9,2026,,1.5,,,,
1636.0,Harran University,Turkey,"16,845",18.9,7%,48 : 52,25.0985,16.8,9.9,48.1,19.1,27.7,2026,,1.5,,,,
1658.0,Kastamonu University,Turkey,"16,697",31.4,11%,46 : 54,24.668,15.3,12.0,44.3,18.8,35.1,2026,,1.5,,,,
1661.0,Istanbul Aydın University,Turkey,"17,587",16.5,20%,53 : 47,24.65,21.2,10.0,35.0,18.4,56.8,2026,,1.5,,,,
1690.0,Acıbadem University,Turkey,"3,501",7.6,8%,73 : 27,24.1805,27.3,12.4,29.0,26.4,37.0,2026,,1.5,,,,
1693.0,Karamanoğlu Mehmet Bey University,Turkey,"19,789",28.7,6%,51 : 49,24.1535,11.7,10.1,49.0,17.2,31.8,2026,,1.5,,,,
1696.0,Istanbul Bilgi University,Turkey,"12,199",18.6,15%,51 : 49,24.128,16.3,11.1,38.0,17.2,53.5,2026,,1.5,,,,
1711.0,Cukurova University,Turkey,"33,663",22.9,3%,47 : 53,23.9135,22.3,13.8,32.5,33.7,29.8,2026,,1.5,,,,
1717.0,Izmir University of Economics,Turkey,"7,269",24.2,3%,54 : 46,23.8275,16.9,15.6,34.6,39.2,31.6,2026,,1.5,,,,
1735.0,Eskişehir Osmangazi University,Turkey,"30,370",24.9,6%,47 : 53,23.53,20.6,22.6,26.3,24.6,27.0,2026,,1.5,,,,
1742.0,Gaziantep University,Turkey,"35,026",37.9,15%,40 : 60,23.431,19.0,12.4,33.5,23.5,43.2,2026,,1.5,,,,
1753.0,Tokat Gaziosmanpaşa University,Turkey,"21,110",13.7,14%,39 : 61,23.1055,19.0,10.0,36.5,23.2,36.3,2026,,1.5,,,,
1769.0,Aydın Adnan Menderes University,Turkey,"13,698",13.8,2%,51 : 49,22.7985,28.4,20.3,20.0,20.4,22.9,2026,,1.5,,,,
1777.0,Altınbaş University,Turkey,"11,126",24.2,51%,41 : 59,22.72649999999999,17.6,11.7,30.3,24.1,54.5,2026,,1.5,,,,
1795.0,Konya Technical University,Turkey,"10,365",22.2,5%,29 : 71,22.355999999999995,19.4,9.4,37.8,17.3,25.0,2026,,1.5,,,,
1799.0,Atılım University,Turkey,"9,249",22.2,12%,46 : 54,22.279,16.0,11.5,32.6,24.1,46.4,2026,,1.5,,,,
1812.0,Sinop University,Turkey,"8,888",28.3,1%,56 : 44,21.8685,9.9,12.5,40.8,18.2,31.4,2026,,1.5,,,,
1815.0,Ondokuz Mayis University,Turkey,"37,153",18.3,15%,40 : 60,21.8065,19.7,11.3,29.6,26.2,37.2,2026,,1.5,,,,
1816.0,Van Yüzüncü Yil University,Turkey,"21,117",16.7,3%,48 : 52,21.806,22.0,19.5,22.4,30.4,23.0,2026,,1.5,,,,
1817.0,Ankara Yildirim Beyazit University,Turkey,"24,127",22.3,10%,55 : 45,21.8035,20.1,13.1,29.5,22.5,31.0,2026,,1.5,,,,
1861.0,Bilecik Şeyh Edebali University,Turkey,"12,222",16.7,19%,47 : 53,20.987,16.3,10.2,31.7,21.7,37.9,2026,,1.5,,,,
1873.0,Sivas Cumhuriyet University,Turkey,"34,861",24.9,11%,53 : 47,20.657,14.9,9.9,33.4,19.2,34.7,2026,,1.5,,,,
1877.0,Erzincan Binali Yıldırım University,Turkey,"24,090",20.4,4%,48 : 52,20.548,13.0,9.1,38.1,18.1,25.6,2026,,1.5,,,,
1879.0,Niğde Ömer Halisdemir University,Turkey,"13,328",16.3,9%,56 : 44,20.5215,17.2,10.3,31.0,20.7,31.1,2026,,1.5,,,,
1886.0,Sakarya University of Applied Sciences,Turkey,"11,118",30.2,26%,31 : 69,20.412,13.2,9.8,32.7,16.4,42.8,2026,,1.5,,,,
1893.0,Bolu Abant Izzet Baysal University,Turkey,"26,718",24.9,16%,56 : 44,20.227500000000003,17.1,9.7,29.2,19.0,38.0,2026,,1.5,,,,
1907.0,Kirikkale University,Turkey,"25,261",40.3,1%,51 : 49,19.684,17.0,19.6,20.1,36.0,20.2,2026,,1.5,,,,
1912.0,Adıyaman University,Turkey,"18,054",21.3,3%,33 : 67,19.586,13.0,10.1,33.5,16.8,28.0,2026,,1.5,,,,
1914.0,Burdur Mehmet Akif Ersoy University,Turkey,"25,140",24.8,3%,54 : 46,19.4895,12.6,9.6,34.9,18.9,23.5,2026,,1.5,,,,
1917.0,Çankırı Karatekin University,Turkey,"12,279",21.9,12%,55 : 45,19.4445,14.4,18.0,23.0,17.1,31.9,2026,,1.5,,,,
1920.0,Bursa Uludağ University,Turkey,"48,233",20.3,13%,67 : 33,19.4315,19.3,10.2,23.4,26.5,36.0,2026,,1.5,,,,
1943.0,Kocaeli University,Turkey,"43,687",28.6,5%,47 : 53,18.918,14.1,10.4,28.6,30.5,25.9,2026,,1.5,,,,
1944.0,Adana Alparslan Türkeş Science and Technology University,Turkey,"4,769",19.2,0%,43 : 57,18.913,13.7,10.4,31.5,17.2,22.9,2026,,1.5,,,,
1946.0,Afyonkarahisar Health Sciences University,Turkey,"4,545",12.0,3%,66 : 34,18.8745,29.8,11.8,13.1,24.6,23.3,2026,,1.5,,,,
1949.0,Mersin University,Turkey,"27,928",27.8,7%,50 : 50,18.845,17.2,10.6,25.3,23.3,29.0,2026,,1.5,,,,
1950.0,Muş Alparslan University,Turkey,"8,262",28.3,0%,52 : 48,18.8315,12.1,11.0,32.6,16.8,21.6,2026,,1.5,,,,
1961.0,Eskişehir Technical University,Turkey,"11,805",16.0,3%,43 : 57,18.576,20.7,9.8,23.1,23.0,23.7,2026,,1.5,,,,
1964.0,Afyon Kocatepe University,Turkey,"22,390",31.1,6%,50 : 50,18.517,16.5,9.8,26.4,22.5,26.5,2026,,1.5,,,,
1966.0,Zonguldak Bülent Ecevit University,Turkey,"18,524",19.2,10%,53 : 47,18.513,14.9,11.0,26.5,19.5,29.3,2026,,1.5,,,,
1974.0,İzmir Kâtip Çelebi University,Turkey,"19,291",16.5,4%,52 : 48,18.427,16.5,10.4,25.1,18.9,30.1,2026,,1.5,,,,
1983.0,Çanakkale Onsekiz Mart University,Turkey,"46,824",23.6,5%,52 : 48,18.171000000000003,14.3,18.6,19.5,21.4,24.7,2026,,1.5,,,,
1987.0,Dicle University,Turkey,"42,576",21.4,6%,46 : 54,18.0655,23.9,9.6,18.2,22.4,25.0,2026,,1.5,,,,
1991.0,Başkent University,Turkey,"14,593",13.7,3%,59 : 41,17.974500000000003,20.8,11.8,19.0,24.6,23.1,2026,,1.5,,,,
1994.0,Kırşehir Ahi Evran University,Turkey,"13,682",23.7,16%,53 : 47,17.936,14.0,11.1,23.8,21.3,34.6,2026,,1.5,,,,
1997.0,Bozok University,Turkey,"15,781",18.8,9%,51 : 49,17.8935,13.6,10.0,26.7,17.1,30.5,2026,,1.5,,,,
1998.0,Üsküdar University,Turkey,"17,011",28.5,21%,62 : 38,17.88,13.3,9.0,23.6,19.1,46.7,2026,,1.5,,,,
2001.0,Ordu University,Turkey,"11,821",17.5,1%,56 : 44,17.774999999999995,14.2,10.7,27.8,17.2,19.4,2026,,1.5,,,,
2004.0,Dumlupinar University,Turkey,"51,517",59.1,20%,26 : 74,17.712500000000002,11.5,10.6,25.1,19.4,39.2,2026,,1.5,,,,
2009.0,Uşak University,Turkey,"18,671",26.4,9%,51 : 49,17.5975,12.5,10.9,25.8,17.1,31.0,2026,,1.5,,,,
2013.0,Giresun University,Turkey,"26,576",25.5,6%,50 : 50,17.5175,12.2,9.2,29.3,16.7,23.9,2026,,1.5,,,,
2020.0,Hitit University,Turkey,"11,234",24.8,10%,40 : 60,17.3965,22.7,10.7,15.7,17.8,29.0,2026,,1.5,,,,
2026.0,Aksaray University,Turkey,"16,810",16.4,10%,56 : 44,17.1885,14.8,9.3,24.1,18.2,28.9,2026,,1.5,,,,
2030.0,Mugla Sitki Kocman University,Turkey,"29,793",31.0,3%,49 : 51,17.094,15.6,11.4,21.1,21.9,26.4,2026,,1.5,,,,
2033.0,Manisa Celal Bayar University,Turkey,"28,623",23.0,2%,50 : 50,17.0455,14.7,10.0,24.1,20.6,23.4,2026,,1.5,,,,
2034.0,Bursa Technical University,Turkey,"11,418",21.0,13%,47 : 53,17.024499999999996,13.6,8.7,23.3,22.8,34.5,2026,,1.5,,,,
2045.0,Pamukkale University,Turkey,"32,376",29.0,4%,48 : 52,16.74,17.9,10.5,18.8,28.3,21.9,2026,,1.5,,,,
2056.0,Alanya Alaaddin Keykubat University,Turkey,"9,049",21.9,7%,47 : 53,16.520999999999997,16.4,10.3,20.0,16.4,27.2,2026,,1.5,,,,
2077.0,Trakya University,Turkey,"42,685",24.1,11%,50 : 50,16.002,13.9,9.2,20.5,19.9,30.5,2026,,1.5,,,,
2079.0,Beykent University,Turkey,"19,003",24.0,5%,55 : 45,15.9685,14.4,8.3,21.9,17.4,27.3,2026,,1.5,,,,
2081.0,Hatay Mustafa Kemal University,Turkey,"18,234",20.3,3%,49 : 51,15.9395,14.6,9.4,21.8,18.1,21.9,2026,,1.5,,,,
2133.0,Tekirdağ Namık Kemal University,Turkey,"31,784",28.0,7%,45 : 55,14.5395,13.1,9.6,17.6,18.4,25.0,2026,,1.5,,,,
2148.0,Balıkesir University,Turkey,"31,117",24.9,2%,48 : 52,14.280499999999998,14.6,9.9,15.7,21.0,20.7,2026,,1.5,,,,
353.0,University of Tartu,Estonia,"9,766",8.9,13%,68 : 32,51.56499999999999,34.5,31.4,84.0,65.1,59.7,2026,31428.3547816104,1.83878,University of Tartu,100.0,48492.0,4423694.0
672.0,Tallinn University of Technology,Estonia,"7,451",13.2,12%,40 : 60,41.898,26.2,24.9,66.0,69.2,58.4,2026,31428.3547816104,1.83878,Tallinn University of Technology,100.0,22721.0,827854.0
1052.0,Tallinn University,Estonia,"3,770",7.9,11%,72 : 28,34.584999999999994,27.2,24.5,47.8,24.4,55.2,2026,31428.3547816104,1.83878,Tallinn University,100.0,7976.0,155980.0
358.0,Sharif University of Technology,Iran,"10,163",21.9,1%,25 : 75,51.162000000000006,35.2,38.0,78.0,96.7,33.2,2026,,1.5,Sharif University of Technology,100.0,44957.0,1878583.0
385.0,Amirkabir University of Technology,Iran,"8,344",17.8,4%,34 : 66,50.2755,37.1,33.0,75.3,91.9,46.6,2026,,1.5,Amirkabir University of Technology,100.0,47091.0,1931885.0
387.0,Kermanshah University of Medical Sciences,Iran,"7,118",7.0,24%,50 : 50,50.20599999999999,48.8,23.5,73.1,57.0,63.8,2026,,1.5,Kermanshah University of Medical Sciences,100.0,16422.0,733152.0
416.0,Iran University of Science and Technology,Iran,"12,556",29.0,7%,36 : 64,49.21499999999999,32.0,33.9,79.5,88.6,34.0,2026,,1.5,Iran University of Science and Technology,100.0,41378.0,1709942.0
490.0,University of Tehran,Iran,"55,821",26.1,2%,46 : 54,46.655,38.3,31.1,70.1,65.0,36.1,2026,,1.5,University of Tehran,100.0,121643.0,4496149.0
506.0,Tehran University of Medical Sciences,Iran,"12,476",6.6,16%,55 : 45,46.0985,49.0,27.7,56.8,84.2,42.7,2026,,1.5,Tehran University of Medical Sciences,100.0,108604.0,6246362.0
571.0,Shiraz University of Technology,Iran,"1,747",14.9,0%,38 : 62,44.569,34.2,22.4,77.6,45.6,38.4,2026,,1.5,Shiraz University of Technology,100.0,6699.0,263355.0
626.0,Tabriz University of Medical Sciences,Iran,"7,290",8.5,2%,53 : 47,42.9385,42.3,16.1,71.8,42.9,33.8,2026,,1.5,Tabriz University of Medical Sciences,100.0,36834.0,2173809.0
627.0,Tarbiat Modares University,Iran,"10,360",13.8,6%,47 : 53,42.917,36.5,25.5,67.1,54.3,32.7,2026,,1.5,Tarbiat Modares University,100.0,59712.0,2252645.0
653.0,University of Tabriz,Iran,"21,199",23.6,15%,51 : 49,42.3005,28.6,21.4,72.8,45.5,53.3,2026,,1.5,University of Tabriz,100.0,38026.0,1545421.0
655.0,Babol Noshirvani University of Technology,Iran,"5,917",26.6,3%,34 : 66,42.275,22.1,21.9,86.1,36.3,28.3,2026,,1.5,Babol Noshirvani University of Technology,100.0,8151.0,373164.0
664.0,Isfahan University of Technology,Iran,"10,096",22.6,3%,40 : 60,42.0945,34.1,27.6,59.7,84.4,36.6,2026,,1.5,Isfahan University of Technology,100.0,31279.0,1510485.0
701.0,Lorestan University of Medical Sciences,Iran,"4,068",18.9,1%,57 : 43,41.4385,39.1,18.4,67.9,50.2,29.2,2026,,1.5,Lorestan University of Medical Sciences,100.0,6136.0,170208.0
703.0,Iran University of Medical Sciences,Iran,"8,876",7.8,19%,54 : 46,41.43449999999999,48.3,17.3,56.5,43.1,46.6,2026,,1.5,Iran University of Medical Sciences,100.0,52183.0,1725474.0
707.0,Golestan University,Iran,"3,950",30.4,8%,62 : 38,41.3455,22.1,15.6,83.1,23.3,59.2,2026,,1.5,Golestan University,100.0,9561.0,243167.0
708.0,Shiraz University of Medical Sciences,Iran,"9,998",9.8,3%,55 : 45,41.312,46.6,19.5,58.6,58.0,26.8,2026,,1.5,Shiraz University of Medical Sciences,100.0,42037.0,1626921.0
719.0,Urmia University of Medical Sciences,Iran,"5,350",11.5,8%,50 : 50,40.779500000000006,41.4,11.7,73.2,22.4,30.9,2026,,1.5,Yasuj University of Medical Sciences,89.0,3195.0,82370.0
735.0,Shahid Beheshti University of Medical Sciences,Iran,"12,165",7.9,6%,55 : 45,40.334,45.0,20.4,52.8,73.7,31.4,2026,,1.5,Shahid Beheshti University of Medical Sciences,100.0,69390.0,2536945.0
762.0,Isfahan University of Medical Sciences,Iran,"10,760",10.5,4%,59 : 41,39.8685,46.6,22.5,49.7,65.6,27.5,2026,,1.5,Isfahan University of Medical Sciences,100.0,38521.0,1488344.0
774.0,Babol University of Medical Sciences,Iran,"4,418",11.8,1%,54 : 46,39.6225,40.7,12.6,71.1,22.3,23.2,2026,,1.5,Babol University of Medical Sciences,100.0,11665.0,485001.0
798.0,Alborz University of Medical Sciences,Iran,"3,765",11.5,0%,54 : 46,39.124,41.3,12.7,67.1,27.0,27.3,2026,,1.5,Babol University of Medical Sciences,93.0,11665.0,485001.0
801.0,Qazvin University of Medical Sciences,Iran,"3,196",9.8,3%,55 : 45,39.0375,37.1,11.7,72.3,22.0,28.4,2026,,1.5,Qazvin University of Medical Sciences,100.0,6941.0,187135.0
811.0,Kurdistan University of Medical Sciences,Iran,"3,652",7.0,7%,46 : 54,38.885,43.0,10.4,65.8,23.1,33.6,2026,,1.5,Kurdistan University of Medical Sciences,100.0,6203.0,191222.0
817.0,Birjand University of Medical Sciences,Iran,"4,171",12.0,5%,57 : 43,38.692,36.2,12.5,70.0,20.2,34.4,2026,,1.5,Birjand University of Medical Sciences,100.0,6929.0,182712.0
820.0,Shahroud University of Medical Sciences,Iran,"1,709",11.4,0%,34 : 66,38.5915,35.2,13.6,72.1,21.4,23.7,2026,,1.5,Shahroud University of Medical Sciences,100.0,3534.0,105678.0
826.0,Kerman University of Medical Sciences,Iran,"5,552",9.5,3%,,38.49249999999999,40.6,15.4,63.7,23.8,26.5,2026,,1.5,Kerman University of Medical Sciences,100.0,18470.0,642798.0
829.0,Rafsanjan University of Medical Sciences,Iran,"2,169",10.3,0%,59 : 41,38.337,41.7,12.2,66.4,20.0,23.7,2026,,1.5,Rafsanjan University of Medical Sciences,100.0,3949.0,116790.0
834.0,Urmia University,Iran,"13,411",27.3,13%,49 : 51,38.225,31.4,23.6,56.6,34.7,50.0,2026,,1.5,Urmia University,100.0,25942.0,747968.0
850.0,Guilan University of Medical Sciences,Iran,"5,752",10.8,1%,57 : 43,38.0085,40.0,11.6,66.3,25.3,25.9,2026,,1.5,Guilan University of Medical Sciences,100.0,10381.0,264900.0
864.0,Mashhad University of Medical Sciences,Iran,"9,296",9.1,5%,55 : 45,37.8035,33.3,15.4,65.4,38.1,31.6,2026,,1.5,Mashhad University of Medical Sciences,100.0,38232.0,1792647.0
886.0,Shiraz University,Iran,"14,298",19.7,3%,55 : 45,37.50699999999999,27.4,26.0,56.3,62.6,33.2,2026,,1.5,Shiraz University,100.0,41673.0,1490481.0
894.0,Gorgan University of Agricultural Sciences and Natural Resources,Iran,"3,866",20.5,1%,54 : 46,37.281,31.4,11.8,68.3,31.4,38.0,2026,,1.5,Gorgan University of Agricultural Sciences and Natural Resources,100.0,7990.0,331814.0
910.0,Zanjan University of Medical Sciences,Iran,"5,887",11.1,3%,55 : 45,37.025,36.0,12.5,64.8,31.0,28.0,2026,,1.5,Zanjan University of Medical Sciences,100.0,7379.0,225878.0
924.0,Ferdowsi University of Mashhad,Iran,"20,937",26.9,6%,54 : 46,36.843,30.4,28.0,50.7,49.5,34.2,2026,,1.5,Ferdowsi University of Mashhad,100.0,40064.0,1276578.0
925.0,Ahvaz Jundishapur University of Medical Sciences (AJUMS),Iran,"9,059",11.2,4%,56 : 44,36.81649999999999,39.8,14.5,56.0,56.2,24.3,2026,,1.5,Ahvaz Jundishapur University of Medical Sciences,94.0,18215.0,611927.0
933.0,Shahrekord University of Medical Sciences,Iran,"3,423",11.4,2%,58 : 42,36.697,33.8,11.2,69.2,20.7,25.2,2026,,1.5,Shahrekord University of Medical Sciences,100.0,6308.0,188129.0
937.0,Ilam University of Medical Sciences,Iran,"3,024",12.9,8%,54 : 46,36.6175,34.2,12.1,66.7,20.3,29.3,2026,,1.5,Bam University of Medical Sciences,96.0,1836.0,63826.0
938.0,Zahedan University of Medical Sciences,Iran,"4,274",10.6,1%,55 : 45,36.5635,35.0,11.5,67.5,20.4,24.5,2026,,1.5,Zahedan University of Medical Sciences,100.0,8014.0,214746.0
945.0,Shahid Beheshti University,Iran,"23,882",19.0,2%,60 : 40,36.425,32.5,23.1,49.9,70.9,31.1,2026,,1.5,Shahid Beheshti University,100.0,41062.0,1181139.0
954.0,K.N. Toosi University of Technology,Iran,"7,629",20.2,2%,33 : 67,36.2645,23.8,22.6,59.9,47.3,37.7,2026,,1.5,K.N.Toosi University of Technology,100.0,21427.0,693482.0
961.0,Baqiyatallah University of Medical Sciences,Iran,"2,650",7.4,3%,23 : 77,36.1925,39.5,18.1,50.0,64.9,22.6,2026,,1.5,Baqiyatallah University of Medical Sciences,100.0,12564.0,515695.0
963.0,Mazandaran University of Medical Sciences,Iran,"6,664",10.8,3%,55 : 45,36.1105,37.6,13.8,59.0,32.1,27.1,2026,,1.5,Mazandaran University of Medical Sciences,100.0,15259.0,535554.0
1021.0,Hamadan University of Medical Sciences (UMSHA),Iran,"7,882",14.8,6%,56 : 44,35.0655,32.7,16.8,59.1,24.3,24.6,2026,,1.5,Hamedan University of Medical Sciences,90.0,15787.0,511570.0
1029.0,University of Kashan,Iran,"8,035",23.4,26%,45 : 55,34.951,18.6,18.0,64.2,34.6,48.0,2026,,1.5,University of Kashan,100.0,11611.0,531903.0
1037.0,University of Kurdistan,Iran,"10,254",24.9,5%,56 : 44,34.8155,16.1,15.9,70.1,34.5,40.6,2026,,1.5,University of Kurdistan,100.0,9909.0,324564.0
1041.0,Institute for Advanced Studies in Basic Sciences (IASBS),Iran,"1,053",9.4,5%,57 : 43,34.795,37.6,9.1,51.2,25.6,62.4,2026,,1.5,Institute for Advanced Studies in Basic Sciences,94.0,5419.0,177117.0
1134.0,Imam Khomeini International University,Iran,"9,129",25.4,12%,55 : 45,33.163000000000004,30.4,18.0,50.5,25.5,37.4,2026,,1.5,Imam Khomeini International University,100.0,8189.0,207590.0
1138.0,Gonabad University of Medical Sciences,Iran,"1,937",14.3,3%,58 : 42,33.0845,32.1,10.7,59.9,19.3,23.6,2026,,1.5,Gonabad University of Medical Sciences,100.0,2994.0,67067.0
1139.0,Semnan University,Iran,"15,754",28.9,6%,53 : 47,33.0375,27.2,17.3,52.2,48.6,31.9,2026,,1.5,Semnan University,100.0,13909.0,452069.0
1181.0,Ardabil University of Medical Sciences,Iran,"3,986",12.1,1%,53 : 47,32.409,28.0,11.1,61.5,21.5,21.6,2026,,1.5,Ardabil University of Medical Sciences,100.0,5663.0,147351.0
1195.0,University of Mohaghegh Ardabili,Iran,"15,213",34.4,10%,52 : 48,32.19799999999999,20.4,17.4,56.3,20.6,45.6,2026,,1.5,University of Mohaghegh Ardabili,100.0,12225.0,337883.0
1209.0,University of Maragheh,Iran,"3,719",24.5,9%,59 : 41,32.0125,14.7,17.1,59.6,31.3,47.8,2026,,1.5,University of Maragheh,100.0,6701.0,206585.0
1215.0,University of Isfahan,Iran,"17,094",22.6,5%,58 : 42,31.8805,29.0,18.3,46.8,38.9,32.3,2026,,1.5,University of Isfahan,100.0,29556.0,734816.0
1219.0,Bu-Ali Sina University,Iran,"10,698",24.0,7%,58 : 42,31.827,27.0,20.9,47.6,26.9,32.6,2026,,1.5,Bu-Ali Sina University,100.0,15291.0,534530.0
1222.0,Hakim Sabzevari University,Iran,"11,500",24.4,4%,60 : 40,31.746,18.1,11.5,63.5,18.6,43.7,2026,,1.5,Hakim Sabzevari University,100.0,5468.0,151579.0
1223.0,Azarbaijan Shahid Madani University,Iran,"7,326",17.8,9%,57 : 43,31.7375,19.3,13.7,61.0,20.4,39.4,2026,,1.5,Azarbaijan Shahid Madani University,100.0,7651.0,181758.0
1241.0,Shahrood University of Technology,Iran,"9,421",21.8,5%,46 : 54,31.443,29.0,15.5,47.1,28.2,41.8,2026,,1.5,Sharif University of Technology,91.0,44957.0,1878583.0
1242.0,Persian Gulf University,Iran,"4,978",21.2,7%,57 : 43,31.4425,19.6,15.1,56.1,24.1,46.5,2026,,1.5,Persian Gulf University,100.0,5582.0,147554.0
1247.0,Sahand University of Technology,Iran,"6,325",28.6,12%,43 : 57,31.354,28.8,13.6,47.9,47.6,35.2,2026,,1.5,Sahand University of Technology,100.0,7865.0,316997.0
1274.0,Ilam University,Iran,"4,588",19.0,10%,49 : 51,30.7225,23.1,12.3,54.2,36.4,35.0,2026,,1.5,Ilam University,100.0,10025.0,301215.0
1340.0,Yazd University,Iran,"13,519",29.7,3%,58 : 42,29.623,21.6,18.5,44.8,44.4,35.6,2026,,1.5,Yazd University,100.0,14916.0,340723.0
1341.0,University of Guilan,Iran,"17,021",31.2,1%,58 : 42,29.621,26.0,18.4,44.5,34.0,25.4,2026,,1.5,University of Guilan,100.0,21101.0,582770.0
1359.0,Urmia University of Technology,Iran,"3,145",24.8,14%,29 : 71,29.311,12.2,14.3,56.7,22.0,49.0,2026,,1.5,Urmia University of Technology,100.0,3457.0,96520.0
1367.0,Lorestan University,Iran,"9,397",23.7,7%,46 : 54,29.189,22.9,11.3,51.9,24.6,34.7,2026,,1.5,Lorestan University,100.0,9140.0,182688.0
1392.0,Kashan University of Medical Sciences and Health Services,Iran,"3,416",0.7,4%,57 : 43,28.725,29.2,9.0,48.7,17.9,29.0,2026,,1.5,Qom University of Medical Science and Health Services,89.0,5216.0,111691.0
1404.0,University of Mazandaran,Iran,"11,383",24.1,3%,64 : 36,28.5835,26.6,16.2,43.0,25.4,28.3,2026,,1.5,University of Mazandaran,100.0,12863.0,324872.0
1413.0,Shahid Chamran University of Ahvaz,Iran,"13,351",22.4,2%,57 : 43,28.508,29.4,11.0,42.0,47.5,28.6,2026,,1.5,Shahid Chamran University of Ahvaz,100.0,14556.0,349203.0
1414.0,Shahrekord University,Iran,"7,567",20.1,4%,53 : 47,28.5035,24.0,13.4,48.8,20.5,27.7,2026,,1.5,Shahrekord University,100.0,9551.0,245651.0
1433.0,Shahid Bahonar University of Kerman,Iran,"13,683",22.7,2%,60 : 40,28.3025,19.1,13.8,50.4,32.4,30.0,2026,,1.5,Shahid Bahonar University of Kerman,100.0,17281.0,499884.0
1434.0,University of Social Welfare and Rehabilitation Sciences,Iran,"1,538",8.8,2%,79 : 21,28.29,34.0,15.7,34.3,22.8,33.4,2026,,1.5,University of Social Welfare and Rehabilitation Sciences,100.0,9489.0,251981.0
1466.0,Kharazmi University,Iran,"12,192",16.3,3%,55 : 45,27.8715,25.2,14.7,41.8,27.3,33.9,2026,,1.5,Kharazmi University,100.0,13618.0,259212.0
1504.0,Qom University of Medical Sciences,Iran,"2,793",10.3,5%,56 : 44,27.225,35.8,11.5,34.7,24.6,25.8,2026,,1.5,Qazvin University of Medical Sciences,90.0,6941.0,187135.0
1513.0,Sabzevar University of Medical Sciences,Iran,"2,226",7.0,1%,56 : 44,27.129,24.4,9.7,48.4,17.7,25.2,2026,,1.5,Sabzevar University of Medical Sciences,100.0,3279.0,91827.0
1517.0,Shahid Sadoughi University of Medical Sciences,Iran,"5,717",10.5,3%,56 : 44,27.0475,41.5,11.1,30.1,20.4,23.2,2026,,1.5,Shahroud University of Medical Sciences,85.0,3534.0,105678.0
1522.0,Razi University,Iran,"11,378",17.6,4%,59 : 41,26.9715,27.1,14.7,35.7,46.1,28.8,2026,,1.5,Razi University,100.0,15639.0,522471.0
1544.0,Allameh Tabataba ’i University,Iran,"14,319",16.7,3%,57 : 43,26.526000000000003,33.2,12.8,32.6,24.0,30.4,2026,,1.5,Allameh Tabataba'i University,100.0,10445.0,112944.0
1555.0,University of Zanjan,Iran,"9,883",23.7,0%,56 : 44,26.2745,25.9,13.7,38.0,27.9,28.6,2026,,1.5,University of Zanjan,100.0,10875.0,293069.0
1586.0,Hormozgan University of Medical Sciences,Iran,"3,672",11.3,2%,54 : 46,25.7445,40.5,11.0,26.2,18.8,26.6,2026,,1.5,Hormozgan University of Medical Sciences,100.0,5463.0,119354.0
1594.0,Yasouj University,Iran,"4,104",16.3,4%,57 : 43,25.66,19.9,14.5,42.2,23.8,26.3,2026,,1.5,Yasouj University,100.0,7139.0,260593.0
1648.0,Vali-e-Asr University of Rafsanjan,Iran,"6,371",21.7,1%,64 : 36,24.8885,15.3,10.5,48.4,20.0,26.8,2026,,1.5,Vali Asr University of Rafsanjan,97.0,4179.0,98146.0
1656.0,University of Hormozgan,Iran,"3,685",15.4,3%,66 : 34,24.6905,23.2,15.5,33.9,23.1,30.1,2026,,1.5,University of Hormozgan,100.0,4437.0,80228.0
1666.0,Alzahra University,Iran,"9,275",25.5,2%,100 : 0,24.571,27.3,16.9,28.1,26.6,28.3,2026,,1.5,Alzahra University,100.0,12095.0,238747.0
1680.0,University of Sistan and Baluchestan,Iran,"8,848",24.7,1%,56 : 44,24.337499999999995,27.0,13.1,32.7,20.9,25.7,2026,,1.5,University of Sistan and Baluchestan,100.0,8548.0,229333.0
1708.0,University of Qom,Iran,"9,345",29.5,27%,46 : 54,23.922,28.4,12.5,25.5,21.6,45.4,2026,,1.5,University of Qom,100.0,6598.0,124197.0
1730.0,Arak University,Iran,"6,265",19.2,13%,62 : 38,23.594,19.3,14.6,32.9,29.1,35.1,2026,,1.5,Arak University,100.0,8170.0,209777.0
1789.0,Damghan University,Iran,"4,893",15.9,1%,62 : 38,22.498,18.0,10.8,36.2,19.9,32.0,2026,,1.5,Damghan University,100.0,4249.0,96300.0
1800.0,Shahed University,Iran,"6,402",15.1,0%,47 : 53,22.275,26.0,13.1,26.6,32.4,20.4,2026,,1.5,Shahed University,100.0,9705.0,205471.0
1859.0,North Khorasan University of Medical Sciences,Iran,"2,221",9.5,0%,56 : 44,21.007,24.7,11.2,25.4,17.5,28.7,2026,,1.5,North Khorasan University of Medical Sciences,100.0,3230.0,63650.0
1909.0,University of Birjand,Iran,"12,169",33.9,4%,59 : 41,19.6545,15.6,13.7,27.2,20.3,28.1,2026,,1.5,University of Birjand,100.0,8172.0,180090.0
2040.0,Payame Noor University,Iran,"399,383",115.1,0%,62 : 38,16.879,16.7,8.8,22.4,22.2,23.9,2026,,1.5,Payame Noor University,100.0,26243.0,454666.0
374.0,Universiti Brunei Darussalam,Brunei Darussalam,"3,464",11.8,11%,64 : 36,50.641,33.1,34.7,80.5,31.4,72.1,2026,33153.4738913513,0.27764,Universiti Brunei Darussalam,100.0,12807.0,442193.0
758.0,Universiti Teknologi Brunei,Brunei Darussalam,"1,977",7.7,4%,61 : 39,39.908,29.9,14.0,68.5,33.5,68.5,2026,33153.4738913513,0.27764,Universiti Teknologi Brunei,100.0,3190.0,73501.0
400.0,Mohammed VI Polytechnic University,Morocco,"2,092",6.8,3%,54 : 46,49.8755,34.7,34.9,72.7,56.2,72.8,2026,4153.1943359375,0.66036,Université Mohammed VI Polytechnique,93.0,10233.0,264427.0
861.0,International University of Rabat,Morocco,"8,278",23.1,5%,55 : 45,37.8305,18.4,12.0,73.2,31.0,76.3,2026,4153.1943359375,0.66036,International University of Rabat,100.0,3025.0,61810.0
1236.0,Ibn Tofaïl University,Morocco,"60,057",73.1,3%,58 : 42,31.569,26.6,22.2,47.8,22.6,27.2,2026,4153.1943359375,0.66036,Université Ibn-Tofail,95.0,18919.0,406587.0
1320.0,Mohammed V University of Rabat,Morocco,"82,902",37.8,4%,55 : 45,30.034,29.3,16.1,41.9,43.6,32.1,2026,4153.1943359375,0.66036,,,,
1350.0,Ibn Zohr University,Morocco,"145,463",130.0,1%,50 : 50,29.4925,20.9,11.8,55.1,21.0,33.8,2026,4153.1943359375,0.66036,Université Ibn Zohr,97.0,15357.0,375672.0
1435.0,Sidi Mohamed Ben Abdellah University,Morocco,"100,319",44.4,2%,54 : 46,28.278,25.2,11.9,48.2,24.2,26.2,2026,4153.1943359375,0.66036,Sidi Mohamed Ben Abdellah University,100.0,24010.0,566939.0
1505.0,Moulay Ismail University,Morocco,"79,507",54.9,1%,55 : 45,27.216500000000003,14.0,10.8,56.7,21.3,27.9,2026,4153.1943359375,0.66036,,,,
1528.0,University Cadi Ayyad of Marrakech,Morocco,"92,358",37.2,1%,55 : 45,26.787,23.3,10.9,43.0,24.5,38.3,2026,4153.1943359375,0.66036,,,,
1573.0,Abdelmalek Essaâdi University,Morocco,"118,761",84.4,1%,53 : 47,25.9075,22.9,11.1,43.1,20.7,29.0,2026,4153.1943359375,0.66036,Abdelmalek Essaâdi University,100.0,16194.0,280550.0
1575.0,Université Hassan II de Casablanca,Morocco,"120,987",32.6,2%,74 : 26,25.902,22.3,9.4,44.6,27.0,28.5,2026,4153.1943359375,0.66036,University of Hassan II Casablanca,90.0,27274.0,961049.0
1611.0,Université Sultan Moulay Slimane,Morocco,"43,534",60.3,0%,56 : 44,25.5025,18.6,13.0,46.0,18.2,22.9,2026,4153.1943359375,0.66036,Université Sultan Moulay Slimane,100.0,11038.0,193246.0
1757.0,Université Chouaïb Doukkali,Morocco,"27,900",39.6,2%,60 : 40,23.0375,15.8,11.6,40.1,21.5,28.3,2026,4153.1943359375,0.66036,Chouaib Doukkali University,96.0,10056.0,244223.0
415.0,University of Porto,Portugal,"38,127",17.5,19%,55 : 45,49.2525,33.7,39.1,70.2,67.8,56.0,2026,29292.242104753,1.69491,,,,
426.0,University of Lisbon,Portugal,"50,344",18.1,23%,54 : 46,48.871,31.1,41.8,66.8,75.3,60.3,2026,29292.242104753,1.69491,University of Lisbon,100.0,147745.0,7777493.0
453.0,University of Coimbra,Portugal,"23,217",20.4,19%,58 : 42,47.9885,33.8,42.1,61.5,81.4,54.7,2026,29292.242104753,1.69491,University of Coimbra,100.0,94015.0,4839179.0
556.0,NOVA University of Lisbon,Portugal,"25,284",18.6,26%,51 : 49,45.057,30.2,36.4,59.7,75.8,62.0,2026,29292.242104753,1.69491,University of Lisbon,89.0,147745.0,7777493.0
663.0,University of Minho,Portugal,"21,465",20.8,13%,55 : 45,42.1055,28.0,33.6,57.1,82.6,48.9,2026,29292.242104753,1.69491,University of Minho,100.0,69081.0,3839394.0
675.0,ISCTE-University Institute of Lisbon,Portugal,"10,999",26.0,18%,53 : 47,41.878,29.8,35.9,54.9,59.9,50.8,2026,29292.242104753,1.69491,,,,
724.0,University of Beira Interior,Portugal,"8,307",16.8,21%,56 : 44,40.65500000000001,23.8,23.4,71.4,39.7,51.2,2026,29292.242104753,1.69491,University of Beira Interior,100.0,18551.0,816115.0
741.0,University of Aveiro,Portugal,"14,095",15.9,11%,54 : 46,40.2815,31.6,31.5,53.8,55.3,46.3,2026,29292.242104753,1.69491,University of Aveiro,100.0,68430.0,4005646.0
889.0,Catholic University of Portugal,Portugal,"12,826",22.9,24%,67 : 33,37.343,20.3,24.9,61.9,30.9,57.7,2026,29292.242104753,1.69491,,,,
1063.0,University of Algarve,Portugal,"9,726",15.3,19%,55 : 45,34.319,19.6,22.1,54.1,29.7,62.8,2026,29292.242104753,1.69491,University of Algarve,100.0,21080.0,1037944.0
1281.0,University of Trás-os-Montes and Alto Douro,Portugal,"8,611",14.4,9%,53 : 47,30.614500000000003,19.6,20.9,47.3,38.6,40.5,2026,29292.242104753,1.69491,University of Trás-os-Montes and Alto Douro,100.0,19378.0,855331.0
1338.0,University of Évora,Portugal,"8,196",14.0,17%,58 : 42,29.7265,25.0,21.5,36.8,25.1,54.3,2026,29292.242104753,1.69491,University of Évora,100.0,18036.0,531133.0
1579.0,Universidade Lusófona,Portugal,"12,743",6.2,17%,55 : 45,25.8485,23.6,9.9,36.9,20.7,54.9,2026,29292.242104753,1.69491,Universidade Lusófona,100.0,10011.0,184084.0
1681.0,Instituto Politécnico de Viana do Castelo,Portugal,"5,913",18.6,11%,49 : 51,24.3305,13.8,15.6,38.1,22.7,45.3,2026,29292.242104753,1.69491,Polytechnic Institute of Viana do Castelo,86.0,4831.0,103611.0
1709.0,Polytechnic Institute of Porto,Portugal,"21,106",17.7,7%,48 : 52,23.918,14.7,13.1,40.0,34.0,32.3,2026,29292.242104753,1.69491,Polytechnic Institute of Porto,100.0,17084.0,528583.0
2037.0,Polytechnic Institute of Setúbal,Portugal,"6,301",12.6,11%,45 : 55,16.967,18.2,9.1,18.5,18.1,35.8,2026,29292.242104753,1.69491,Polytechnic Institute of Viseu,89.0,4863.0,125051.0
441.0,Al-Ahliyya Amman University,Jordan,"4,510",14.8,64%,52 : 48,48.36099999999999,18.6,24.7,88.0,56.9,93.8,2026,4618.09592498567,0.69547,Al-Ahliyya Amman University,100.0,6880.0,126691.0
496.0,Applied Science Private University,Jordan,"4,766",12.6,26%,52 : 48,46.3795,21.7,22.7,87.1,21.5,85.4,2026,4618.09592498567,0.69547,Applied Science Private University,100.0,10391.0,230953.0
639.0,The University of Jordan,Jordan,"23,745",12.2,26%,63 : 37,42.6115,32.0,19.5,67.2,41.6,75.9,2026,4618.09592498567,0.69547,University of Jordan,91.0,37364.0,1045392.0
720.0,Yarmouk University,Jordan,"21,300",23.6,15%,,40.755500000000005,29.3,17.9,69.9,29.9,63.4,2026,4618.09592498567,0.69547,Yarmouk University,100.0,13495.0,255240.0
804.0,Isra University (Jordan),Jordan,"5,275",21.5,24%,52 : 48,38.974,12.9,16.5,80.5,16.9,74.1,2026,4618.09592498567,0.69547,,,,
824.0,Jordan University of Science and Technology,Jordan,"17,708",12.0,28%,48 : 52,38.5285,22.9,16.0,64.8,47.2,77.4,2026,4618.09592498567,0.69547,Jordan University of Science and Technology,100.0,27435.0,977978.0
928.0,Al-Zaytoonah University of Jordan,Jordan,"10,003",27.8,24%,54 : 46,36.753,12.5,16.3,75.5,22.4,63.9,2026,4618.09592498567,0.69547,Al-Zaytoonah University of Jordan,100.0,5137.0,94569.0
934.0,University of Petra,Jordan,"5,154",17.3,18%,54 : 46,36.665,15.2,12.4,76.1,17.5,67.4,2026,4618.09592498567,0.69547,Petra University,91.0,3505.0,53671.0
960.0,Al al-Bayt University,Jordan,"16,331",24.7,3%,62 : 38,36.19799999999999,14.7,11.1,80.0,18.0,52.3,2026,4618.09592498567,0.69547,Al al-Bayt University,100.0,5372.0,99657.0
997.0,German Jordanian University,Jordan,"2,830",9.6,15%,36 : 64,35.517,22.4,13.6,60.3,24.5,78.6,2026,4618.09592498567,0.69547,German Jordanian University,100.0,3922.0,87480.0
1140.0,Al-Balqa Applied University,Jordan,"24,503",23.7,3%,58 : 42,33.031,13.4,16.9,64.7,30.3,47.4,2026,4618.09592498567,0.69547,Al-Balqa Applied University,100.0,12571.0,247136.0
1164.0,The Hashemite University,Jordan,"21,051",23.5,13%,64 : 36,32.6645,14.0,16.1,59.7,34.7,60.9,2026,4618.09592498567,0.69547,Hashemite University,91.0,13192.0,295562.0
1328.0,Al-Hussein Bin Talal University,Jordan,"12,333",33.2,1%,55 : 45,29.884,10.8,11.6,62.8,18.6,50.0,2026,4618.09592498567,0.69547,Al-Hussein Bin Talal University,100.0,3520.0,69644.0
1440.0,Mutah University,Jordan,"15,579",21.6,13%,53 : 47,28.2285,25.4,13.7,39.2,18.0,57.1,2026,4618.09592498567,0.69547,Mutah University,100.0,6821.0,125254.0
464.0,Arabian Gulf University,Bahrain,"1,458",6.5,73%,71 : 29,47.409,45.2,13.8,73.0,29.2,93.4,2026,29653.5682731534,0.19327,Arabian Gulf University,100.0,4547.0,142921.0
1185.0,University of Bahrain,Bahrain,"22,268",25.2,6%,73 : 27,32.299,14.0,15.2,60.8,21.4,62.2,2026,29653.5682731534,0.19327,University of Bahrain,100.0,10814.0,281570.0
465.0,Charles University,Czechia,"53,904",13.5,24%,62 : 38,47.347,37.9,32.2,64.8,63.4,64.7,2026,31823.3078290564,1.83369,Charles University,100.0,145603.0,8942353.0
697.0,Masaryk University,Czechia,"33,661",18.2,25%,62 : 38,41.499,26.8,32.6,57.1,51.1,66.2,2026,31823.3078290564,1.83369,Masaryk University,100.0,56742.0,2199440.0
765.0,Czech University of Life Sciences Prague (CZU),Czechia,"17,470",17.4,29%,48 : 52,39.729000000000006,25.1,17.5,64.9,47.3,78.5,2026,31823.3078290564,1.83369,Czech University of Life Sciences Prague,95.0,23375.0,826602.0
1009.0,University of Hradec Králové,Czechia,"6,300",12.2,3%,63 : 37,35.3195,20.6,15.8,61.7,34.7,63.5,2026,31823.3078290564,1.83369,University of Hradec Králové,100.0,11191.0,301569.0
1059.0,Palacký University Olomouc,Czechia,"19,564",14.8,13%,68 : 32,34.4535,23.3,25.0,47.3,41.0,60.0,2026,31823.3078290564,1.83369,Palacký University Olomouc,100.0,36205.0,2209990.0
1189.0,University of South Bohemia in České Budějovice,Czechia,"9,375",14.0,10%,69 : 31,32.235,23.5,17.4,50.4,25.1,55.1,2026,31823.3078290564,1.83369,University of South Bohemia in České Budějovice,100.0,17051.0,810211.0
1252.0,VSB - Technical University of Ostrava,Czechia,"12,121",16.2,15%,33 : 67,31.258,25.6,20.9,38.5,48.5,55.4,2026,31823.3078290564,1.83369,VSB - Technical University of Ostrava,100.0,22344.0,470485.0
1262.0,Czech Technical University in Prague,Czechia,"15,476",8.2,21%,31 : 69,31.0455,30.9,17.8,32.6,63.7,59.2,2026,31823.3078290564,1.83369,Czech Technical University in Prague,100.0,49786.0,4023494.0
1316.0,Brno University of Technology,Czechia,"17,555",14.5,26%,28 : 72,30.113,24.6,17.7,34.5,73.7,59.0,2026,31823.3078290564,1.83369,Brno University of Technology,100.0,31792.0,1032211.0
1329.0,Mendel University in Brno,Czechia,"9,185",16.2,17%,54 : 46,29.879999999999995,25.4,18.2,39.7,23.1,57.0,2026,31823.3078290564,1.83369,Mendel University in Brno,100.0,16460.0,559966.0
1342.0,"University of Chemistry and Technology, Prague",Czechia,"4,505",8.8,29%,57 : 43,29.6165,37.3,14.7,26.9,55.0,54.4,2026,31823.3078290564,1.83369,"University of Chemistry and Technology, Prague",100.0,20959.0,1026668.0
1361.0,Tomas Bata University in Zlín,Czechia,"8,964",18.4,12%,56 : 44,29.305000000000003,22.7,21.1,37.7,28.8,53.7,2026,31823.3078290564,1.83369,Tomas Bata University in Zlín,100.0,8397.0,306968.0
1574.0,University of West Bohemia,Czechia,"11,369",14.5,6%,54 : 46,25.9025,19.6,18.0,35.4,38.2,36.7,2026,31823.3078290564,1.83369,,,,
1635.0,University of Ostrava,Czechia,"9,219",16.4,12%,70 : 30,25.2135,20.0,16.7,32.7,20.7,51.1,2026,31823.3078290564,1.83369,University of Ostrava,100.0,11296.0,243961.0
1752.0,University of Economics in Prague,Czechia,"14,471",28.3,30%,52 : 48,23.1885,17.2,15.0,30.1,20.3,52.3,2026,31823.3078290564,1.83369,,,,
1784.0,Technical University of Liberec,Czechia,"5,565",11.3,10%,53 : 47,22.6215,22.2,16.9,20.3,37.6,47.7,2026,31823.3078290564,1.83369,Technical University of Liberec,100.0,7828.0,217922.0
1785.0,University of Pardubice,Czechia,"7,339",15.3,9%,55 : 45,22.61,19.7,18.6,22.8,37.8,40.7,2026,31823.3078290564,1.83369,University of Pardubice,100.0,11024.0,396793.0
2016.0,Jan Evangelista Purkyně University,Czechia,"8,393",18.0,5%,64 : 36,17.474999999999998,17.1,13.2,15.4,21.0,41.9,2026,31823.3078290564,1.83369,,,,
468.0,Pontificia Universidad Católica de Chile,Chile,"28,373",13.8,6%,,47.212,33.5,38.6,61.9,80.2,58.1,2026,16709.8893972307,0.39205,Pontificia Universidad Católica de Chile,100.0,80613.0,3812873.0
1058.0,University of Chile,Chile,"42,010",17.3,3%,49 : 51,34.5295,26.6,21.5,48.3,56.5,49.3,2026,16709.8893972307,0.39205,University of Chile,100.0,112035.0,4614263.0
1177.0,University of Tarapacá,Chile,"10,738",29.9,3%,54 : 46,32.480999999999995,12.7,23.6,55.4,21.7,58.7,2026,16709.8893972307,0.39205,University of Tarapacá,100.0,9961.0,178706.0
1306.0,Diego Portales University,Chile,"18,505",17.1,3%,50 : 50,30.333,16.1,12.2,57.4,19.2,54.1,2026,16709.8893972307,0.39205,Universidad Diego Portales,90.0,11267.0,226134.0
1380.0,University of Concepción,Chile,"29,870",17.0,2%,52 : 48,28.9305,19.3,18.1,40.9,47.7,50.8,2026,16709.8893972307,0.39205,University of Concepción,100.0,39832.0,1540818.0
1409.0,Adolfo Ibáñez University,Chile,"10,615",20.9,5%,38 : 62,28.5335,15.6,17.4,44.3,22.7,62.5,2026,16709.8893972307,0.39205,Adolfo Ibáñez University,100.0,11345.0,158907.0
1456.0,University of La Serena,Chile,"7,657",22.4,1%,50 : 50,27.96,14.3,10.3,54.3,17.3,50.3,2026,16709.8893972307,0.39205,University of La Serena,100.0,5907.0,215730.0
1476.0,University of La Frontera,Chile,"11,481",20.2,1%,50 : 50,27.593,17.8,23.7,35.8,24.1,50.2,2026,16709.8893972307,0.39205,,,,
1485.0,Universidad del Desarrollo,Chile,"17,491",17.7,4%,57 : 43,27.452,16.4,12.1,47.2,28.0,51.0,2026,16709.8893972307,0.39205,Universidad del Desarrollo,100.0,8434.0,325335.0
1548.0,University of Antofagasta,Chile,"7,763",10.1,3%,57 : 43,26.3305,22.5,9.6,40.2,18.1,55.0,2026,16709.8893972307,0.39205,,,,
1622.0,Pontifical Catholic University of Valparaíso,Chile,"18,070",23.2,2%,43 : 57,25.3365,17.4,17.6,33.0,33.8,51.3,2026,16709.8893972307,0.39205,,,,
1623.0,"University of the Andes, Chile",Chile,"10,398",17.7,2%,56 : 44,25.3215,22.2,16.1,32.0,22.4,48.1,2026,16709.8893972307,0.39205,,,,
1637.0,University of Talca,Chile,"11,543",12.7,2%,51 : 49,25.0865,20.1,13.7,32.6,37.6,52.0,2026,16709.8893972307,0.39205,University of Talca,100.0,12832.0,344624.0
1659.0,Universidad Autónoma de Chile,Chile,"30,410",26.8,1%,64 : 36,24.6525,13.0,13.3,39.9,20.7,55.5,2026,16709.8893972307,0.39205,Universidad Autónoma de Chile,100.0,10753.0,185848.0
1691.0,Catholic University of the North,Chile,"11,793",19.9,4%,47 : 53,24.1685,14.7,14.9,33.8,19.9,61.0,2026,16709.8893972307,0.39205,,,,
1705.0,Austral University of Chile,Chile,"18,781",19.1,1%,55 : 45,23.952,15.6,17.2,29.2,41.8,52.4,2026,16709.8893972307,0.39205,Austral University of Chile,100.0,22140.0,712964.0
1712.0,Universidad Andrés Bello (UNAB),Chile,"49,719",17.8,3%,55 : 45,23.877,15.7,10.8,37.6,22.4,52.5,2026,16709.8893972307,0.39205,Universidad Andrés Bello,90.0,17053.0,535669.0
1731.0,Federico Santa María Technical University,Chile,"19,907",27.1,2%,26 : 74,23.5815,14.5,12.9,33.0,40.7,53.8,2026,16709.8893972307,0.39205,Federico Santa María Technical University,100.0,14215.0,1139603.0
1745.0,"University of Santiago, Chile (USACH)",Chile,"26,506",20.0,4%,45 : 55,23.3605,17.4,15.9,29.5,30.1,47.5,2026,16709.8893972307,0.39205,,,,
1779.0,Universidad Mayor,Chile,"23,839",11.5,1%,55 : 45,22.6715,19.7,8.9,33.2,17.6,48.2,2026,16709.8893972307,0.39205,Universidad Mayor,100.0,7801.0,202654.0
1808.0,Universidad Católica del Maule,Chile,"12,490",20.4,1%,53 : 47,21.9385,16.1,15.8,26.0,17.8,54.6,2026,16709.8893972307,0.39205,Universidad Católica del Norte,86.0,13336.0,330675.0
1841.0,Universidad Católica de la Santísima Concepción,Chile,"9,954",23.7,1%,56 : 44,21.276,11.7,18.2,26.9,17.6,50.3,2026,16709.8893972307,0.39205,Universidad Católica de la Santísima Concepción,100.0,7412.0,95183.0
1894.0,Alberto Hurtado University,Chile,"7,276",22.0,2%,58 : 42,20.1725,15.8,16.6,24.1,16.0,37.7,2026,16709.8893972307,0.39205,Alberto Hurtado University,100.0,5875.0,35124.0
1903.0,University of Valparaíso,Chile,"16,514",17.9,3%,58 : 42,19.861,16.9,13.1,22.5,20.6,46.7,2026,16709.8893972307,0.39205,University of Valparaíso,100.0,12576.0,389611.0
1918.0,University of Los Lagos,Chile,"6,923",19.0,0%,62 : 38,19.4375,15.6,14.6,21.0,16.6,48.5,2026,16709.8893972307,0.39205,,,,
1985.0,Temuco Catholic University,Chile,"10,711",10.1,0%,61 : 39,18.1365,21.6,11.0,14.8,18.8,45.1,2026,16709.8893972307,0.39205,,,,
2082.0,Bernardo O’Higgins University,Chile,"9,085",17.7,2%,66 : 34,15.918,14.6,10.8,13.1,22.6,48.6,2026,16709.8893972307,0.39205,Universidad Bernardo O'Higgins,92.0,5138.0,99582.0
2087.0,University of Bío-Bío,Chile,"11,435",22.9,1%,43 : 57,15.7855,14.9,6.8,17.2,18.7,46.8,2026,16709.8893972307,0.39205,University of Bío-Bío,100.0,8056.0,147146.0
2090.0,Universidad Santo Tomás,Chile,"26,783",21.2,0%,68 : 32,15.759999999999998,13.4,10.7,15.4,16.6,45.6,2026,16709.8893972307,0.39205,Universidad Santo Tomás,100.0,4376.0,65100.0
483.0,Near East University,Northern Cyprus,"17,228",26.6,88%,49 : 51,46.852,27.4,21.7,78.5,54.4,90.0,2026,,1.5,,,,
718.0,Cyprus International University,Northern Cyprus,"14,569",23.8,93%,47 : 53,40.80250000000001,17.8,12.1,83.5,17.5,83.9,2026,,1.5,,,,
763.0,Eastern Mediterranean University,Northern Cyprus,"14,696",23.3,72%,48 : 52,39.8355,20.2,12.7,77.2,30.9,77.3,2026,,1.5,,,,
484.0,Quaid-i-Azam University,Pakistan,"12,431",20.9,2%,46 : 54,46.8425,28.8,24.5,84.7,40.6,56.1,2026,1478.77277977996,0.16399,Quaid-i-Azam University,100.0,32633.0,1726274.0
618.0,National University of Sciences and Technology,Pakistan,"12,468",12.0,5%,38 : 62,43.253,23.6,23.8,75.3,64.6,56.2,2026,1478.77277977996,0.16399,National University of Sciences and Technology,100.0,28461.0,1055925.0
658.0,COMSATS University Islamabad,Pakistan,"33,193",15.8,1%,39 : 61,42.1595,19.8,16.9,86.2,43.5,50.9,2026,1478.77277977996,0.16399,COMSATS University Islamabad,100.0,47350.0,2335627.0
684.0,Sukkur IBA University,Pakistan,"5,580",19.6,0%,30 : 70,41.7045,19.6,26.7,77.9,26.3,50.1,2026,1478.77277977996,0.16399,Sukkur IBA University,100.0,3936.0,96786.0
729.0,Air University,Pakistan,"10,530",14.5,0%,35 : 65,40.54,22.5,12.6,83.7,34.9,49.9,2026,1478.77277977996,0.16399,Air University,100.0,5365.0,153029.0
750.0,Government College University Faisalabad,Pakistan,"22,898",26.6,0%,55 : 45,40.1685,20.3,17.7,81.4,22.3,49.8,2026,1478.77277977996,0.16399,"Government College University, Faisalabad",100.0,20974.0,1039609.0
784.0,Bahauddin Zakariya University,Pakistan,"19,120",19.5,0%,40 : 60,39.461,23.7,18.1,75.0,25.2,49.5,2026,1478.77277977996,0.16399,Bahauddin Zakariya University,100.0,19277.0,658822.0
792.0,University of Lahore,Pakistan,"21,224",14.0,4%,39 : 61,39.297,19.8,13.0,81.8,21.4,57.2,2026,1478.77277977996,0.16399,University of Lahore,100.0,21647.0,472780.0
800.0,"University of Veterinary and Animal Sciences, Lahore",Pakistan,"7,679",21.2,1%,53 : 47,39.053,21.2,15.5,75.6,41.6,52.8,2026,1478.77277977996,0.16399,University of Veterinary and Animal Sciences,93.0,11509.0,267562.0
810.0,"University of Engineering and Technology, Taxila",Pakistan,"5,282",19.9,2%,22 : 78,38.901,19.3,14.4,80.8,28.1,48.9,2026,1478.77277977996,0.16399,University of Engineering and Technology Taxila,100.0,6863.0,267759.0
831.0,Abdul Wali Khan University Mardan,Pakistan,"13,165",22.2,0%,27 : 73,38.3315,19.0,12.5,81.2,24.6,50.1,2026,1478.77277977996,0.16399,Abdul Wali Khan University Mardan,100.0,14006.0,425361.0
845.0,University of Management and Technology,Pakistan,"22,028",17.2,2%,49 : 51,38.079,16.5,11.0,83.5,26.6,52.1,2026,1478.77277977996,0.16399,University of Management and Technology,100.0,10033.0,307303.0
853.0,University of Malakand,Pakistan,"8,902",27.1,1%,28 : 72,37.9795,25.6,12.9,70.6,42.6,50.7,2026,1478.77277977996,0.16399,University of Malakand,100.0,8151.0,278158.0
867.0,The Islamia University of Bahawalpur,Pakistan,"53,834",40.7,0%,47 : 53,37.74699999999999,17.6,13.3,80.3,22.2,49.6,2026,1478.77277977996,0.16399,Islamia University of Bahawalpur,94.0,20961.0,655202.0
899.0,Government College University Lahore,Pakistan,"12,656",32.9,0%,53 : 47,37.20249999999999,17.5,19.3,72.8,23.2,49.0,2026,1478.77277977996,0.16399,"Government College University, Lahore",100.0,14933.0,325637.0
901.0,Iqra University,Pakistan,"10,121",13.1,1%,26 : 74,37.181,17.8,9.5,80.9,24.0,52.6,2026,1478.77277977996,0.16399,Iqra University,100.0,4649.0,97463.0
902.0,"International Islamic University, Islamabad",Pakistan,"24,592",21.9,5%,58 : 42,37.178,19.0,11.3,77.1,20.4,58.0,2026,1478.77277977996,0.16399,"International Islamic University, Islamabad",100.0,16469.0,341195.0
903.0,University of the Punjab,Pakistan,"28,679",21.6,1%,62 : 38,37.161,28.4,15.2,64.4,31.5,50.6,2026,1478.77277977996,0.16399,University of the Punjab,100.0,39116.0,1131760.0
907.0,Capital University of Science and Technology,Pakistan,"6,840",28.9,0%,40 : 60,37.125,18.2,20.1,71.0,23.8,49.0,2026,1478.77277977996,0.16399,Capital University of Science and Technology,100.0,3900.0,88461.0
949.0,Khwaja Fareed University of Engineering and Information Technology,Pakistan,"11,504",24.1,0%,45 : 55,36.3725,11.8,12.8,79.6,36.3,51.3,2026,1478.77277977996,0.16399,Khwaja Fareed University of Engineering and Information Technology,100.0,5816.0,161311.0
955.0,University of Central Punjab,Pakistan,"16,612",25.4,0%,36 : 64,36.254,12.9,11.8,81.6,20.1,49.9,2026,1478.77277977996,0.16399,University of Central Punjab,100.0,7368.0,115851.0
972.0,University of Gujrat,Pakistan,"18,353",26.7,1%,67 : 33,36.017,14.9,11.6,79.0,21.5,49.3,2026,1478.77277977996,0.16399,University of Gujrat,100.0,10176.0,273980.0
974.0,Lahore University of Management Sciences,Pakistan,"4,744",13.6,2%,44 : 56,35.971,23.7,20.2,57.4,46.1,54.1,2026,1478.77277977996,0.16399,Lahore University of Management Sciences,100.0,6890.0,197131.0
988.0,Ghulam Ishaq Khan Institute of Engineering Sciences and Technology,Pakistan,"2,267",16.1,0%,14 : 86,35.6985,19.5,16.9,66.8,29.5,51.0,2026,1478.77277977996,0.16399,Ghulam Ishaq Khan Institute of Engineering Sciences and Technology,100.0,4403.0,151256.0
1016.0,PMAS Arid Agriculture University Rawalpindi,Pakistan,"10,983",36.5,0%,45 : 55,35.115,28.1,12.5,61.7,25.2,49.1,2026,1478.77277977996,0.16399,,,,
1038.0,Riphah International University,Pakistan,"26,970",11.9,0%,58 : 42,34.8055,20.0,10.4,71.2,17.8,50.9,2026,1478.77277977996,0.16399,Riphah International University,100.0,14561.0,273291.0
1057.0,The University of Haripur,Pakistan,"7,331",29.8,1%,40 : 60,34.532999999999994,16.0,12.8,71.7,18.4,51.4,2026,1478.77277977996,0.16399,University of Haripur,91.0,6011.0,102252.0
1099.0,University of Okara,Pakistan,"19,640",145.5,0%,36 : 64,33.733999999999995,8.6,16.5,73.4,16.8,49.6,2026,1478.77277977996,0.16399,University of Okara,100.0,10733.0,186973.0
1117.0,University of Peshawar,Pakistan,"19,301",34.0,0%,24 : 76,33.387,24.0,12.0,59.1,34.8,49.4,2026,1478.77277977996,0.16399,University of Peshawar,100.0,14864.0,464557.0
1128.0,Hazara University Mansehra,Pakistan,"12,789",24.6,0%,45 : 55,33.25749999999999,17.1,11.6,68.1,17.1,49.8,2026,1478.77277977996,0.16399,,,,
1143.0,"University of Engineering and Technology, Peshawar",Pakistan,"7,425",16.6,2%,13 : 87,32.9805,17.8,12.8,62.9,28.0,53.7,2026,1478.77277977996,0.16399,University of Engineering and Technology Peshawar,100.0,7176.0,184380.0
1183.0,Bahria University,Pakistan,"23,030",20.0,1%,48 : 52,32.3695,15.0,10.6,65.4,34.7,51.5,2026,1478.77277977996,0.16399,Bahria University,100.0,11126.0,163445.0
1196.0,Institute of Space Technology,Pakistan,"2,193",10.1,0%,34 : 66,32.18,23.2,10.4,59.1,22.5,49.2,2026,1478.77277977996,0.16399,Institute of Space Technology,100.0,3578.0,98614.0
1201.0,"University of Education, Lahore",Pakistan,"29,744",17.4,0%,57 : 43,32.0975,13.6,8.8,70.3,16.4,50.5,2026,1478.77277977996,0.16399,University of Education,87.0,13068.0,158863.0
1218.0,National University of Computer and Emerging Sciences,Pakistan,"17,199",22.4,2%,26 : 74,31.8415,13.6,9.1,66.6,30.7,53.1,2026,1478.77277977996,0.16399,National University of Computer and Emerging Sciences,100.0,7372.0,172800.0
1233.0,University of Sargodha,Pakistan,"22,199",29.4,0%,59 : 41,31.66249999999999,14.5,13.6,63.0,20.9,49.4,2026,1478.77277977996,0.16399,University of Sargodha,100.0,17274.0,381510.0
1299.0,University of Engineering & Technology (UET) Lahore,Pakistan,"13,860",13.5,2%,33 : 67,30.415,20.2,10.5,54.3,32.4,51.0,2026,1478.77277977996,0.16399,University of Engineering and Technology Lahore,91.0,16122.0,434774.0
1332.0,"Mehran University of Engineering and Technology, Jamshoro, Pakistan",Pakistan,"8,176",18.4,0%,25 : 75,29.8075,16.1,11.0,56.2,32.2,49.6,2026,1478.77277977996,0.16399,,,,
1360.0,Kohat University of Science and Technology,Pakistan,"10,175",45.4,0%,25 : 75,29.31,17.1,13.0,51.0,21.7,57.7,2026,1478.77277977996,0.16399,Kohat University of Science and Technology,100.0,6116.0,165485.0
1410.0,"MNS University of Agriculture, Multan",Pakistan,"4,477",22.5,0%,28 : 72,28.521000000000004,12.5,11.4,56.9,19.0,49.3,2026,1478.77277977996,0.16399,,,,
1417.0,Lahore College for Women University (LCWU),Pakistan,"10,137",21.0,0%,100 : 0,28.454500000000003,22.2,11.3,48.4,17.4,45.5,2026,1478.77277977996,0.16399,Lahore College for Women University,93.0,7062.0,107370.0
1452.0,National Textile University,Pakistan,"3,839",17.5,0%,30 : 70,28.0185,14.2,13.5,50.4,30.8,47.5,2026,1478.77277977996,0.16399,National Textile University,100.0,3092.0,124567.0
1562.0,Mirpur University of Science and Technology,Pakistan,"8,917",27.2,0%,51 : 49,26.161,11.6,10.3,50.8,19.8,49.6,2026,1478.77277977996,0.16399,Mirpur University of Science and Technology,100.0,3647.0,93226.0
1761.0,Dow University of Health Sciences,Pakistan,"8,085",7.9,5%,74 : 26,22.933,24.5,10.4,27.9,19.3,47.3,2026,1478.77277977996,0.16399,Dow University of Health Sciences,100.0,17101.0,270468.0
1763.0,"Balochistan University of Information Technology, Engineering and Management Sciences (BUITEMS)",Pakistan,"15,352",24.6,0%,22 : 78,22.9095,10.8,9.5,41.3,20.9,49.9,2026,1478.77277977996,0.16399,"Balochistan University of Information Technology, Engineering and Management Sciences",95.0,3823.0,81286.0
1840.0,University of Karachi,Pakistan,"47,940",39.8,0%,62 : 38,21.2985,16.2,11.1,28.8,28.2,47.1,2026,1478.77277977996,0.16399,University of Karachi,100.0,26653.0,660223.0
1922.0,NED University of Engineering and Technology,Pakistan,"12,523",22.6,0%,41 : 59,19.4015,13.4,12.5,22.9,26.9,51.7,2026,1478.77277977996,0.16399,NED University of Engineering and Technology,100.0,5808.0,102132.0
2059.0,National University of Medical Sciences (NUMS),Pakistan,"9,257",4.4,0%,64 : 36,16.494500000000002,23.6,10.0,13.0,19.0,26.3,2026,1478.77277977996,0.16399,National University of Medical Sciences,94.0,6353.0,100341.0
485.0,Nazarbayev University,Kazakhstan,"6,020",13.3,3%,53 : 47,46.8355,26.5,30.3,76.8,44.4,72.2,2026,14154.6324958076,0.16242,Nazarbayev University,100.0,14762.0,409993.0
1419.0,Al-Farabi Kazakh National University,Kazakhstan,"20,321",4.5,26%,61 : 39,28.4475,30.1,14.6,27.8,24.1,80.4,2026,14154.6324958076,0.16242,Al-Farabi Kazakh National University,100.0,18610.0,237780.0
1644.0,Satbayev University,Kazakhstan,"8,346",11.2,17%,55 : 45,25.034,26.7,14.7,19.3,32.3,77.5,2026,14154.6324958076,0.16242,Satbayev University,100.0,6052.0,65333.0
1748.0,L.N. Gumilyov Eurasian National University,Kazakhstan,"23,205",18.3,4%,49 : 51,23.3215,20.9,15.2,25.4,17.2,59.2,2026,14154.6324958076,0.16242,L. N. Gumilyov Eurasian National University,100.0,11466.0,142137.0
2005.0,Kazakh National Agrarian Research University,Kazakhstan,"6,042",11.3,6%,50 : 50,17.697499999999998,23.7,8.3,15.9,16.6,38.2,2026,14154.6324958076,0.16242,Kazakh National Agrarian Research University,100.0,1903.0,16142.0
493.0,University of Cyprus,Cyprus,"6,983",19.9,14%,62 : 38,46.554,28.9,30.7,69.2,70.2,74.1,2026,38674.29296875,0.68145,University of Cyprus,100.0,29873.0,1737046.0
514.0,University of Nicosia,Cyprus,"6,398",17.2,65%,56 : 44,45.9055,19.3,24.1,81.3,51.7,90.2,2026,38674.29296875,0.68145,University of Nicosia,100.0,9860.0,206258.0
555.0,Cyprus University of Technology,Cyprus,"3,377",15.8,15%,58 : 42,45.069,28.9,25.6,75.1,36.3,68.5,2026,38674.29296875,0.68145,Cyprus University of Technology,100.0,9430.0,378932.0
854.0,European University Cyprus,Cyprus,"5,474",15.2,58%,62 : 38,37.9585,20.4,15.3,65.8,19.9,92.9,2026,38674.29296875,0.68145,European University Cyprus,100.0,5606.0,133903.0
500.0,University of Nizwa,Oman,"3,498",8.9,11%,77 : 23,46.2745,28.1,26.0,76.2,34.0,83.0,2026,20285.2272897377,0.38979,University of Nizwa,100.0,5711.0,208084.0
577.0,Sultan Qaboos University,Oman,"7,375",8.3,4%,50 : 50,44.45,30.9,24.6,70.1,40.7,73.9,2026,20285.2272897377,0.38979,Sultan Qaboos University,100.0,27881.0,977716.0
677.0,Dhofar University,Oman,"3,049",15.9,7%,53 : 47,41.8025,16.9,19.0,80.8,27.8,79.4,2026,20285.2272897377,0.38979,Dhofar University,100.0,3508.0,70724.0
502.0,National and Kapodistrian University of Athens,Greece,"66,736",34.1,12%,60 : 40,46.2475,24.4,26.8,78.0,92.5,55.7,2026,24626.1481858973,1.4943,National and Kapodistrian University of Athens,100.0,127765.0,9692088.0
649.0,University of Crete,Greece,"12,551",22.7,5%,64 : 36,42.392500000000005,24.7,29.1,68.5,66.3,46.2,2026,24626.1481858973,1.4943,University of Crete,100.0,40011.0,2574572.0
696.0,Harokopio University of Athens,Greece,"2,994",28.1,4%,51 : 49,41.5145,20.8,24.2,79.3,40.2,39.5,2026,24626.1481858973,1.4943,Harokopio University of Athens,100.0,7321.0,583620.0
823.0,National Technical University of Athens,Greece,"13,139",19.5,5%,35 : 65,38.5325,33.3,24.4,55.1,61.2,35.4,2026,24626.1481858973,1.4943,National Technical University of Athens,100.0,60579.0,4197076.0
936.0,Aristotle University of Thessaloniki,Greece,"47,845",18.9,5%,58 : 42,36.6215,22.7,19.4,63.4,62.6,37.0,2026,24626.1481858973,1.4943,Aristotle University of Thessaloniki,100.0,107403.0,6768444.0
983.0,University of Patras,Greece,"28,311",27.5,6%,51 : 49,35.7945,18.5,23.6,60.0,73.2,34.2,2026,24626.1481858973,1.4943,University of Patras,100.0,56302.0,2981562.0
1094.0,University of the Aegean,Greece,"21,442",58.4,2%,55 : 45,33.84949999999999,18.1,24.0,52.7,83.5,32.0,2026,24626.1481858973,1.4943,University of the Aegean,100.0,16003.0,534924.0
1166.0,University of Piraeus,Greece,"14,493",58.2,2%,43 : 57,32.661500000000004,16.7,21.7,53.3,88.3,25.6,2026,24626.1481858973,1.4943,University of Piraeus,100.0,12015.0,328826.0
1180.0,University of Thessaly,Greece,"26,976",28.7,3%,51 : 49,32.45,14.3,15.5,64.7,43.1,34.7,2026,24626.1481858973,1.4943,University of Thessaly,100.0,31630.0,1451614.0
1207.0,Athens University of Economics and Business,Greece,"9,211",44.7,5%,46 : 54,32.031499999999994,18.7,24.6,45.3,63.4,43.4,2026,24626.1481858973,1.4943,Athens University of Economics and Business,100.0,13084.0,468135.0
1293.0,Democritus University of Thrace,Greece,"23,828",33.9,4%,57 : 43,30.4675,17.4,16.8,56.1,37.0,28.7,2026,24626.1481858973,1.4943,Democritus University of Thrace,100.0,25656.0,1189678.0
1335.0,University of Ioannina,Greece,"33,322",38.1,3%,54 : 46,29.763,16.9,15.7,50.5,52.8,39.5,2026,24626.1481858973,1.4943,University of Ioannina,100.0,36815.0,3054535.0
1506.0,Technical University of Crete,Greece,"7,080",33.2,5%,29 : 71,27.2025,15.6,15.1,45.0,45.1,38.9,2026,24626.1481858973,1.4943,Technical University of Crete,100.0,11439.0,595364.0
1523.0,University of Macedonia,Greece,"11,703",56.3,5%,50 : 50,26.916,17.7,18.0,43.8,31.8,27.5,2026,24626.1481858973,1.4943,University of Macedonia,100.0,8942.0,231756.0
1596.0,Hellenic Open University,Greece,"21,185",7.3,1%,65 : 35,25.6415,23.8,8.9,44.4,16.8,27.3,2026,24626.1481858973,1.4943,Hellenic Open University,100.0,7542.0,145621.0
1683.0,University of Western Macedonia,Greece,"14,635",22.9,1%,51 : 49,24.314,13.3,13.0,44.9,28.7,26.7,2026,24626.1481858973,1.4943,University of Western Macedonia,100.0,7067.0,198121.0
1694.0,International Hellenic University,Greece,"58,142",37.1,3%,44 : 56,24.147,9.8,10.5,48.8,28.9,32.2,2026,24626.1481858973,1.4943,International Hellenic University,100.0,6760.0,169561.0
1792.0,University of West Attica,Greece,"59,127",44.1,2%,43 : 57,22.397,10.2,11.6,43.1,30.1,25.2,2026,24626.1481858973,1.4943,University of West Attica,100.0,10918.0,231939.0
1954.0,Ionian University,Greece,"9,707",24.9,3%,53 : 47,18.739500000000003,16.3,11.6,26.0,23.8,24.2,2026,24626.1481858973,1.4943,Ionian University,100.0,4190.0,76381.0
521.0,University of Iceland,Iceland,"9,343",16.0,13%,69 : 31,45.748,24.6,35.3,69.3,83.1,55.2,2026,86040.5309851288,2.64005,University of Iceland,100.0,32648.0,2719865.0
859.0,Reykjavík University,Iceland,"2,851",21.5,6%,45 : 55,37.835,18.8,25.9,62.5,33.7,62.4,2026,86040.5309851288,2.64005,Reykjavík University,100.0,9800.0,759622.0
526.0,Wroclaw Medical University,Poland,"6,075",8.6,14%,77 : 23,45.71,43.5,17.9,76.5,48.1,37.5,2026,25103.565661423,1.55525,Wroclaw Medical University,100.0,24474.0,1212272.0
606.0,Jagiellonian University,Poland,"32,022",8.8,13%,67 : 33,43.5905,43.8,33.6,51.1,54.2,45.7,2026,25103.565661423,1.55525,Jagiellonian University,100.0,120915.0,4941749.0
770.0,University of Warsaw,Poland,"34,878",11.0,10%,60 : 40,39.6505,38.1,32.6,46.7,39.3,45.0,2026,25103.565661423,1.55525,University of Warsaw,100.0,106818.0,4297451.0
944.0,Medical University of Lodz,Poland,"9,642",7.5,9%,69 : 31,36.43600000000001,31.3,11.6,65.5,46.4,31.1,2026,25103.565661423,1.55525,Medical University of Lodz,100.0,28639.0,1335340.0
1073.0,Gdańsk University of Technology,Poland,"14,684",20.3,7%,39 : 61,34.198,22.1,19.3,55.0,60.6,42.1,2026,25103.565661423,1.55525,Gdańsk University of Technology,100.0,31421.0,1013432.0
1119.0,"Adam Mickiewicz University, Poznań",Poland,"30,005",23.1,7%,68 : 32,33.376999999999995,20.6,30.7,46.8,37.3,38.2,2026,25103.565661423,1.55525,Adam Mickiewicz University in Poznań,96.0,66500.0,1399354.0
1125.0,AGH University of Krakow,Poland,"17,827",10.2,4%,33 : 67,33.32449999999999,32.7,21.6,39.8,71.6,34.8,2026,25103.565661423,1.55525,AGH University of Krakow,100.0,77000.0,4876851.0
1141.0,Silesian University of Technology,Poland,"16,354",11.2,6%,31 : 69,33.0305,27.7,17.7,50.7,45.4,36.0,2026,25103.565661423,1.55525,Silesian University of Technology,100.0,43123.0,886110.0
1155.0,Medical University of Gdańsk,Poland,"6,729",5.3,12%,74 : 26,32.81849999999999,26.8,12.0,55.8,45.5,38.3,2026,25103.565661423,1.55525,Gdańsk Medical University,94.0,27624.0,1258537.0
1190.0,Medical University of Warsaw,Poland,"10,277",6.4,10%,73 : 27,32.23,28.7,12.6,52.2,48.8,33.3,2026,25103.565661423,1.55525,Medical University of Warsaw,100.0,40987.0,1707851.0
1214.0,Poznan University of Medical Sciences,Poland,"7,512",5.7,10%,73 : 27,31.908,31.1,14.3,47.8,44.1,33.1,2026,25103.565661423,1.55525,Poznan University of Medical Sciences,100.0,28626.0,1240235.0
1265.0,Nicolaus Copernicus University in Toruń,Poland,"17,163",11.1,6%,67 : 33,31.009,29.6,23.1,38.6,33.2,35.6,2026,25103.565661423,1.55525,Nicolaus Copernicus University,87.0,41886.0,1149866.0
1267.0,University of Wrocław,Poland,"16,900",15.3,8%,66 : 34,30.961,28.7,21.8,37.9,35.5,45.1,2026,25103.565661423,1.55525,University of Wrocław,100.0,52456.0,1291487.0
1352.0,SWPS University,Poland,"14,605",31.5,7%,77 : 23,29.458,15.8,17.0,49.5,32.8,49.4,2026,25103.565661423,1.55525,,,,
1387.0,Medical University of Silesia in Katowice,Poland,"10,184",6.9,5%,74 : 26,28.7645,30.1,13.0,42.9,32.0,26.2,2026,25103.565661423,1.55525,University of Silesia in Katowice,89.0,38242.0,935385.0
1388.0,Medical University of Lublin,Poland,"6,902",5.9,13%,73 : 27,28.7365,33.5,14.6,35.2,38.5,33.6,2026,25103.565661423,1.55525,Medical University of Lublin,100.0,26194.0,1013368.0
1405.0,Medical University of Bialystok,Poland,"5,930",12.5,8%,77 : 23,28.578,31.9,12.1,39.1,41.4,30.3,2026,25103.565661423,1.55525,Medical University of Białystok,97.0,17750.0,891543.0
1423.0,The John Paul II Catholic University of Lublin,Poland,"8,436",8.4,9%,65 : 35,28.3955,31.6,17.0,36.8,17.4,32.1,2026,25103.565661423,1.55525,John Paul II Catholic University of Lublin,95.0,15411.0,115613.0
1427.0,Warsaw University of Technology,Poland,"21,694",10.3,8%,31 : 69,28.338,28.3,17.7,32.9,61.1,33.9,2026,25103.565661423,1.55525,Warsaw University of Technology,100.0,61787.0,2138924.0
1432.0,Wrocław University of Science and Technology,Poland,"21,125",17.2,6%,33 : 67,28.309,23.6,19.3,36.2,58.5,34.0,2026,25103.565661423,1.55525,Wrocław University of Science and Technology,100.0,51047.0,1316785.0
1463.0,Opole University of Technology,Poland,"4,752",14.6,9%,30 : 70,27.892,18.6,14.4,45.8,24.1,47.0,2026,25103.565661423,1.55525,Opole University of Technology,100.0,10491.0,148385.0
1495.0,Poznań University of Life Sciences,Poland,"5,626",7.7,8%,59 : 41,27.3065,26.5,12.8,41.0,30.3,30.2,2026,25103.565661423,1.55525,University of Life Sciences in Poznań,96.0,21632.0,554329.0
1516.0,University of Gdańsk,Poland,"18,116",10.0,3%,67 : 33,27.053999999999995,27.3,15.1,35.3,31.6,36.9,2026,25103.565661423,1.55525,University of Gdańsk,100.0,41159.0,1135926.0
1521.0,Wrocław University of Environmental and Life Sciences,Poland,"6,399",11.9,6%,67 : 33,27.015,28.5,13.6,36.1,34.9,32.5,2026,25103.565661423,1.55525,Wrocław University of Environmental and Life Sciences,100.0,16847.0,440769.0
1525.0,SGH Warsaw School of Economics,Poland,"7,993",14.8,14%,48 : 52,26.901,25.3,21.6,31.8,16.4,39.7,2026,25103.565661423,1.55525,SGH Warsaw School of Economics,100.0,13993.0,90771.0
1545.0,Warsaw University of Life Sciences – SGGW,Poland,"15,317",12.3,8%,59 : 41,26.515,22.1,12.8,41.4,33.4,33.7,2026,25103.565661423,1.55525,Warsaw University of Life Sciences,93.0,42136.0,852431.0
1551.0,Poznan University of Technology,Poland,"13,680",11.0,8%,31 : 69,26.2995,25.7,14.0,34.7,47.7,31.2,2026,25103.565661423,1.55525,Poznań University of Technology,97.0,32032.0,843509.0
1556.0,Cardinal Stefan Wyszyński University in Warsaw,Poland,"10,253",12.7,2%,64 : 36,26.248,27.6,22.1,29.1,18.3,29.8,2026,25103.565661423,1.55525,Cardinal Stefan Wyszynski University in Warsaw,98.0,13723.0,104888.0
1567.0,University of Lodz,Poland,"21,312",14.1,10%,61 : 39,26.0305,24.5,18.5,32.6,21.7,37.2,2026,25103.565661423,1.55525,,,,
1585.0,Lublin University of Technology,Poland,"6,721",11.4,13%,27 : 73,25.75,25.8,14.8,31.6,30.8,41.8,2026,25103.565661423,1.55525,Lublin University of Technology,100.0,14601.0,246349.0
1589.0,Lodz University of Technology,Poland,"10,476",11.7,6%,38 : 62,25.719500000000004,25.9,15.8,28.5,61.8,33.0,2026,25103.565661423,1.55525,Lodz University of Technology,100.0,35123.0,837111.0
1618.0,University of Warmia and Mazury in Olsztyn,Poland,"15,830",16.8,3%,61 : 39,25.376,18.2,15.6,41.9,26.7,24.6,2026,25103.565661423,1.55525,University of Warmia and Mazury in Olsztyn,100.0,30391.0,662786.0
1649.0,University of Silesia in Katowice,Poland,"17,261",10.6,5%,66 : 34,24.85,28.0,15.2,28.8,27.8,32.4,2026,25103.565661423,1.55525,University of Silesia in Katowice,100.0,38242.0,935385.0
1686.0,Maria Curie-Skłodowska University (UMCS),Poland,"13,964",10.0,12%,74 : 26,24.2715,22.6,21.5,25.8,22.3,36.5,2026,25103.565661423,1.55525,Maria Curie-Skłodowska University,93.0,31609.0,657475.0
1689.0,Cracow University of Technology,Poland,"12,400",11.0,7%,38 : 62,24.2065,25.9,10.4,32.7,30.5,33.6,2026,25103.565661423,1.55525,Cracow University of Technology,100.0,16113.0,406307.0
1754.0,University of Life Sciences in Lublin,Poland,"6,705",10.2,3%,66 : 34,23.09,24.2,12.0,32.5,23.4,23.8,2026,25103.565661423,1.55525,University of Life Sciences in Lublin,100.0,16907.0,430092.0
1832.0,University of Rzeszów,Poland,"13,491",12.1,3%,67 : 33,21.3695,22.7,14.0,25.3,22.7,28.2,2026,25103.565661423,1.55525,University of Rzeszów,100.0,20499.0,345485.0
1843.0,Bialystok University of Technology,Poland,"6,335",11.0,5%,34 : 66,21.256500000000003,23.5,14.0,23.5,28.6,27.6,2026,25103.565661423,1.55525,Bialystok University of Technology,100.0,13326.0,185591.0
1851.0,University of Szczecin,Poland,"9,446",9.8,6%,68 : 32,21.1785,23.5,10.0,27.8,17.4,30.8,2026,25103.565661423,1.55525,University of Szczecin,100.0,27863.0,315054.0
1959.0,Gdynia Maritime University,Poland,"3,279",10.2,3%,29 : 71,18.646,23.4,11.5,15.5,54.2,21.2,2026,25103.565661423,1.55525,Gdynia Maritime University,100.0,6700.0,74382.0
1980.0,Rzeszów University of Technology,Poland,"10,790",12.0,1%,44 : 56,18.276,20.1,8.3,23.4,24.8,25.7,2026,25103.565661423,1.55525,Rzeszów University of Technology,100.0,14966.0,237337.0
2035.0,Jan Kochanowski University in Kielce,Poland,"9,998",11.6,4%,60 : 40,17.006500000000003,20.1,11.3,16.4,19.5,28.0,2026,25103.565661423,1.55525,,,,
579.0,Chulalongkorn University,Thailand,"34,173",12.0,4%,55 : 45,44.3495,39.5,31.3,56.1,82.0,46.8,2026,7346.62022142185,0.93628,Chulalongkorn University,100.0,78836.0,3167156.0
630.0,Mahidol University,Thailand,"29,737",8.9,6%,63 : 37,42.797,38.6,28.4,53.1,88.1,49.6,2026,7346.62022142185,0.93628,Mahidol University,100.0,84516.0,4189754.0
979.0,King Mongkut’s University of Technology Thonburi,Thailand,"14,898",19.7,4%,45 : 55,35.839,19.8,22.9,57.0,78.8,41.4,2026,7346.62022142185,0.93628,King Mongkut's University of Technology Thonburi,100.0,18613.0,697246.0
1046.0,Chiang Mai University,Thailand,"35,691",13.9,4%,61 : 39,34.664500000000004,29.0,18.8,51.7,55.0,39.3,2026,7346.62022142185,0.93628,Chiang Mai University,100.0,48173.0,1836766.0
1108.0,Mae Fah Luang University,Thailand,"15,574",19.4,10%,70 : 30,33.538999999999994,16.3,13.9,61.4,36.8,64.1,2026,7346.62022142185,0.93628,Mae Fah Luang University,100.0,9380.0,470363.0
1243.0,Walailak University,Thailand,"10,993",15.2,2%,71 : 29,31.442,19.4,15.4,56.4,18.7,47.8,2026,7346.62022142185,0.93628,Walailak University,100.0,8653.0,145263.0
1266.0,King Mongkut's University of Technology North Bangkok,Thailand,"27,960",22.6,1%,40 : 60,30.97,17.8,15.3,55.9,57.3,29.6,2026,7346.62022142185,0.93628,King Mongkut's University of Technology North Bangkok,100.0,15427.0,315071.0
1278.0,Khon Kaen University,Thailand,"32,602",16.3,2%,61 : 39,30.6365,28.6,17.3,41.8,49.5,35.5,2026,7346.62022142185,0.93628,Khon Kaen University,100.0,36111.0,1338467.0
1399.0,Prince of Songkla University,Thailand,"33,623",13.1,2%,68 : 32,28.6325,24.3,16.0,39.4,51.6,39.2,2026,7346.62022142185,0.93628,Prince of Songkla University,100.0,32842.0,1125149.0
1477.0,Thammasat University,Thailand,"39,733",14.8,1%,64 : 36,27.5875,23.5,21.0,33.8,37.5,39.0,2026,7346.62022142185,0.93628,Thammasat University,100.0,22057.0,469804.0
1492.0,Suranaree University of Technology,Thailand,"14,931",27.9,1%,53 : 47,27.3345,25.0,17.4,33.7,52.4,36.1,2026,7346.62022142185,0.93628,Suranaree University of Technology,100.0,12340.0,390135.0
1563.0,KMITL – King Mongkut’s Institute of Technology Ladkrabang,Thailand,"27,090",24.8,3%,50 : 50,26.148,18.9,25.0,24.9,74.5,38.3,2026,7346.62022142185,0.93628,King Mongkut's Institute of Technology Ladkrabang,94.0,19517.0,333715.0
1669.0,Maejo University,Thailand,"17,942",26.9,1%,59 : 41,24.5405,14.8,9.6,43.4,35.2,39.5,2026,7346.62022142185,0.93628,Maejo University,100.0,4150.0,70889.0
1714.0,Ubon Ratchathani University,Thailand,"13,247",18.2,0%,67 : 33,23.843,15.7,10.1,43.0,27.0,30.7,2026,7346.62022142185,0.93628,Ubon Ratchathani University,100.0,3533.0,93150.0
1773.0,Kasetsart University,Thailand,"69,827",17.3,1%,61 : 39,22.782,18.8,15.9,27.8,41.5,35.0,2026,7346.62022142185,0.93628,Kasetsart University,100.0,33804.0,955504.0
1858.0,Naresuan University,Thailand,"26,692",17.8,1%,68 : 32,21.042,23.6,13.0,20.6,47.0,30.0,2026,7346.62022142185,0.93628,Naresuan University,100.0,8198.0,259201.0
1865.0,Silpakorn University,Thailand,"29,673",21.9,2%,68 : 32,20.853,21.4,15.6,19.6,46.4,30.4,2026,7346.62022142185,0.93628,Silpakorn University,100.0,7205.0,187750.0
1905.0,University of Phayao,Thailand,"21,363",21.8,0%,67 : 33,19.798,13.7,10.7,33.5,19.9,24.1,2026,7346.62022142185,0.93628,University of Phayao,100.0,6070.0,88795.0
1945.0,Mahasarakham University,Thailand,"39,291",33.6,3%,61 : 39,18.886,19.9,9.3,24.5,18.9,29.5,2026,7346.62022142185,0.93628,Mahasarakham University,100.0,11316.0,153458.0
1976.0,Srinakharinwirot University,Thailand,"29,327",19.0,2%,67 : 33,18.396,23.3,10.5,19.5,20.5,24.1,2026,7346.62022142185,0.93628,Srinakharinwirot University,100.0,9205.0,177939.0
2098.0,Burapha University,Thailand,"26,526",18.4,2%,68 : 32,15.4545,17.4,10.1,14.1,24.5,29.1,2026,7346.62022142185,0.93628,Burapha University,100.0,6318.0,111742.0
581.0,Tashkent Institute of Irrigation and Agricultural Mechanisation,Uzbekistan,"5,244",6.5,11%,44 : 56,44.3205,35.9,13.6,79.9,49.4,51.2,2026,3161.70010632875,0.10416,Tashkent Institute of Irrigation and Agricultural Mechanization Engineers,91.0,6756.0,71177.0
1088.0,Tashkent State Technical University,Uzbekistan,"14,012",13.9,1%,18 : 82,33.938,21.0,8.6,75.3,16.6,26.6,2026,3161.70010632875,0.10416,,,,
1447.0,National University of Uzbekistan named after Mirzo Ulugbek,Uzbekistan,"19,704",19.3,4%,48 : 52,28.0775,24.4,10.9,40.9,25.4,59.1,2026,3161.70010632875,0.10416,,,,
1604.0,Tashkent University of Information Technologies,Uzbekistan,"20,688",18.4,0%,25 : 75,25.562,17.6,9.2,49.5,27.8,23.2,2026,3161.70010632875,0.10416,Tashkent University of Information Technology,96.0,5073.0,27821.0
598.0,UEH University,Vietnam,"34,586",33.8,0%,70 : 30,43.811,13.0,21.8,92.1,50.1,53.6,2026,,1.5,Hue University,93.0,8626.0,135159.0
695.0,Duy Tan University,Vietnam,"23,574",22.7,1%,61 : 39,41.532,12.8,17.0,91.9,27.9,55.2,2026,,1.5,Duy Tan University,100.0,16959.0,527078.0
764.0,Ton Duc Thang University,Vietnam,"27,459",16.3,2%,57 : 43,39.782,15.8,12.2,85.9,27.2,63.0,2026,,1.5,Ton Duc Thang University,100.0,16811.0,596122.0
920.0,Hanoi Medical University,Vietnam,"13,081",10.8,0%,62 : 38,36.9055,32.0,11.9,62.2,44.8,47.5,2026,,1.5,Hanoi Medical University,100.0,7324.0,180800.0
1144.0,Nguyen Tat Thanh University,Vietnam,"34,341",24.4,1%,54 : 46,32.953,12.0,9.7,74.5,21.5,45.2,2026,,1.5,Thai Nguyen University,86.0,7892.0,116946.0
1357.0,"Vietnam National University, Hanoi",Vietnam,"67,238",18.9,0%,61 : 39,29.387,17.7,11.5,54.6,28.2,44.3,2026,,1.5,"Vietnam National University, Hanoi",100.0,15018.0,317319.0
1395.0,Ho Chi Minh City Open University,Vietnam,"29,906",45.6,0%,64 : 36,28.6585,10.1,10.9,63.1,16.2,39.2,2026,,1.5,Ho Chi Minh City Open University,100.0,2954.0,62408.0
1729.0,Hanoi University of Science and Technology,Vietnam,"39,204",35.8,0%,20 : 80,23.62,14.5,16.9,30.5,66.1,35.3,2026,,1.5,Hanoi University of Science and Technology,100.0,19374.0,361094.0
1836.0,Vietnam National University (Ho Chi Minh City),Vietnam,"95,620",23.5,0%,46 : 54,21.3415,14.6,12.0,31.6,39.8,33.1,2026,,1.5,Vietnam National University Ho Chi Minh City,100.0,27266.0,630742.0
1901.0,The University of Danang,Vietnam,"60,839",36.0,1%,58 : 42,19.9895,10.4,9.4,32.0,24.7,48.1,2026,,1.5,University of Da Nang,89.0,7634.0,124116.0
2065.0,Hue University,Vietnam,"50,639",21.5,1%,56 : 44,16.378,14.2,9.4,18.1,17.2,44.6,2026,,1.5,Hue University,100.0,8626.0,135159.0
614.0,American University of the Middle East,Kuwait,"5,014",11.1,15%,62 : 38,43.3375,29.1,19.5,71.9,27.7,85.6,2026,32717.7186631255,0.08954,American University of the Middle East,100.0,5766.0,116883.0
1287.0,Kuwait University,Kuwait,"29,943",18.3,13%,73 : 27,30.565,18.0,11.4,53.7,33.1,60.2,2026,32717.7186631255,0.08954,Kuwait University,100.0,29074.0,1060912.0
660.0,Egypt-Japan University of Science and Technology (E-JUST),Egypt,"3,015",26.5,4%,33 : 67,42.132,30.7,27.4,65.0,40.8,53.3,2026,,1.5,Egypt-Japan University of Science and Technology,93.0,5452.0,164597.0
795.0,American University in Cairo,Egypt,"6,233",10.4,8%,58 : 42,39.249,30.1,25.9,53.7,33.9,71.9,2026,,1.5,American University in Cairo,100.0,11565.0,287560.0
797.0,Kafrelsheikh University,Egypt,"72,697",27.6,3%,56 : 44,39.167,28.7,9.6,76.9,21.6,53.1,2026,,1.5,Kafrelsheikh University,100.0,17424.0,498744.0
816.0,Future University in Egypt,Egypt,"7,962",9.5,11%,45 : 55,38.75299999999999,22.2,10.6,78.6,18.0,64.4,2026,,1.5,Future University in Egypt,100.0,7100.0,128894.0
846.0,Cairo University,Egypt,"173,478",24.6,7%,60 : 40,38.036,29.4,20.0,60.7,42.7,48.6,2026,,1.5,Cairo University,100.0,130568.0,3596534.0
892.0,Mansoura University,Egypt,"165,971",19.0,14%,55 : 45,37.306,20.2,11.9,69.4,32.9,76.8,2026,,1.5,Mansoura University,100.0,67213.0,1922266.0
904.0,Ain Shams University,Egypt,"171,505",14.3,7%,52 : 48,37.1545,28.6,27.5,50.4,41.0,53.1,2026,,1.5,Ain Shams University,100.0,87788.0,1895290.0
970.0,Al-Azhar University,Egypt,"281,032",21.6,11%,41 : 59,36.033,22.1,12.8,68.0,24.6,58.9,2026,,1.5,Al-Azhar University,100.0,45550.0,1152055.0
980.0,Alexandria University,Egypt,"186,461",17.6,7%,53 : 47,35.8275,20.7,18.2,63.5,31.7,55.0,2026,,1.5,Alexandria University,100.0,68548.0,1775346.0
1005.0,Delta University for Science and Technology,Egypt,"11,762",18.2,1%,46 : 54,35.37049999999999,21.4,11.0,70.9,18.0,51.7,2026,,1.5,Delta University for Science and Technology,100.0,3770.0,68246.0
1015.0,Zagazig University,Egypt,"172,762",21.8,3%,52 : 48,35.147000000000006,17.9,11.2,71.2,36.4,50.7,2026,,1.5,Zagazig University,100.0,49420.0,1319361.0
1020.0,"Arab Academy for Science, Technology and Maritime Transport",Egypt,"32,274",10.6,14%,48 : 52,35.0975,35.1,20.6,44.3,28.6,57.8,2026,,1.5,"Arab Academy for Science, Technology, and Maritime Transport",100.0,9139.0,155685.0
1096.0,Beni-Suef University,Egypt,"82,628",44.9,1%,48 : 52,33.79,25.8,11.3,59.4,22.8,55.6,2026,,1.5,Beni-Suef University,100.0,22076.0,601592.0
1113.0,Damietta University,Egypt,"37,333",32.3,1%,62 : 38,33.4755,18.0,10.6,69.0,19.6,48.1,2026,,1.5,Damietta University,100.0,9886.0,213779.0
1133.0,Tanta University,Egypt,"128,933",20.0,1%,54 : 46,33.16749999999999,20.0,9.5,66.3,23.5,49.1,2026,,1.5,Tanta University,100.0,37816.0,1000013.0
1142.0,New Valley University,Egypt,"3,856",8.6,0%,68 : 32,33.020999999999994,23.9,8.6,63.7,17.1,49.1,2026,,1.5,,,,
1145.0,University of Sadat City,Egypt,"36,086",55.3,1%,48 : 52,32.92750000000001,17.8,11.0,66.4,19.1,50.7,2026,,1.5,University of Sadat City,100.0,6160.0,127786.0
1150.0,Suez University,Egypt,"18,398",16.9,3%,56 : 44,32.8825,17.7,10.5,66.1,25.9,50.0,2026,,1.5,Suez University,100.0,8073.0,176837.0
1175.0,Minia University,Egypt,"72,863",16.5,1%,57 : 43,32.553999999999995,18.5,9.5,65.2,24.1,50.9,2026,,1.5,Minia University,100.0,24523.0,632475.0
1184.0,Aswan University,Egypt,"32,185",31.6,0%,50 : 50,32.31,16.0,11.9,64.9,22.6,50.2,2026,,1.5,Aswan University,100.0,11903.0,244891.0
1225.0,Fayoum University,Egypt,"52,796",16.3,1%,62 : 38,31.713,18.3,12.2,60.9,23.6,47.5,2026,,1.5,Fayoum University,100.0,13984.0,280344.0
1235.0,Benha University,Egypt,"111,190",28.9,1%,46 : 54,31.5795,16.5,10.3,63.9,22.0,49.0,2026,,1.5,Benha University,100.0,32915.0,588056.0
1275.0,Suez Canal University,Egypt,"51,841",14.4,2%,45 : 55,30.693499999999997,20.0,9.9,56.3,28.5,51.9,2026,,1.5,Suez Canal University,100.0,26282.0,617551.0
1288.0,October 6 University,Egypt,"28,613",15.3,7%,53 : 47,30.534,19.8,8.4,61.7,16.8,41.0,2026,,1.5,October 6 University,100.0,7589.0,438466.0
1296.0,Menoufia University,Egypt,"129,699",26.1,1%,45 : 55,30.4335,15.9,10.5,59.7,28.2,48.8,2026,,1.5,Menoufia University,100.0,32999.0,758238.0
1300.0,Assiut University,Egypt,"86,744",13.2,5%,51 : 49,30.4025,23.6,12.4,48.3,25.3,57.9,2026,,1.5,Assiut University,100.0,46297.0,1113202.0
1314.0,Port Said University,Egypt,"31,634",33.5,1%,55 : 45,30.1635,13.3,10.3,61.4,29.7,48.6,2026,,1.5,Port Said University,100.0,9995.0,175438.0
1401.0,South Valley University (Egypt),Egypt,"65,017",29.3,0%,56 : 44,28.619999999999997,12.8,9.3,58.9,19.3,49.4,2026,,1.5,South Valley University,88.0,16561.0,329018.0
1403.0,Damanhour University,Egypt,"52,549",34.5,0%,62 : 38,28.5915,15.0,9.4,56.9,17.2,49.1,2026,,1.5,Damanhour University,100.0,9010.0,167136.0
1416.0,Zewail City of Science and Technology,Egypt,"1,238",5.3,0%,43 : 57,28.4895,23.7,10.5,48.2,23.7,40.6,2026,,1.5,Zewail City of Science and Technology,100.0,3277.0,108703.0
1425.0,Sohag University,Egypt,"67,926",22.2,1%,58 : 42,28.362,15.0,9.2,55.1,20.6,52.2,2026,,1.5,Sohag University,100.0,15543.0,321585.0
1461.0,The British University in Egypt,Egypt,"11,180",21.8,4%,51 : 49,27.904499999999995,16.7,12.1,53.0,19.1,37.4,2026,,1.5,British University in Egypt,93.0,6823.0,127463.0
1533.0,Helwan University,Egypt,"153,935",23.9,1%,56 : 44,26.7265,22.7,9.0,43.1,23.0,47.6,2026,,1.5,Helwan University,100.0,25867.0,450566.0
1703.0,October University for Modern Sciences and Arts (MSA),Egypt,"12,047",10.5,1%,51 : 49,23.980999999999995,21.2,9.1,40.3,17.2,30.8,2026,,1.5,October University of Modern Sciences and Arts,89.0,3985.0,64002.0
1788.0,Nile University,Egypt,"3,826",18.5,1%,37 : 63,22.512,15.2,12.9,34.6,38.8,31.4,2026,,1.5,Nile University,100.0,3500.0,93983.0
1885.0,Misr University for Science and Technology,Egypt,"26,246",16.1,4%,50 : 50,20.418,15.6,8.8,31.5,18.1,41.2,2026,,1.5,Misr University for Science and Technology,100.0,4749.0,63171.0
680.0,"UEES, Espiritu Santo University",Ecuador,"4,596",10.9,24%,51 : 49,41.7715,38.8,15.3,58.8,39.9,88.7,2026,6874.705739766,0.43839,,,,
1356.0,Universidad San Francisco de Quito,Ecuador,"8,153",9.0,4%,50 : 50,29.398499999999995,24.0,12.1,44.2,19.3,63.7,2026,6874.705739766,0.43839,Universidad San Francisco de Quito,100.0,14598.0,342519.0
1564.0,University of Las Américas (UDLA),Ecuador,"14,757",11.2,3%,53 : 47,26.1385,20.5,10.2,38.0,25.2,63.0,2026,6874.705739766,0.43839,,,,
1593.0,Escuela Superior Politécnica del Litoral,Ecuador,"10,308",8.9,1%,39 : 61,25.6655,22.4,9.7,35.8,31.3,56.7,2026,6874.705739766,0.43839,Escuela Superior Politecnica del Litoral,99.0,8235.0,147952.0
1863.0,Escuela Politécnica Nacional,Ecuador,"7,569",14.2,2%,30 : 70,20.9075,18.7,9.8,26.7,24.6,47.4,2026,6874.705739766,0.43839,,,,
1993.0,Pontificia Universidad Católica del Ecuador,Ecuador,"29,406",19.4,2%,56 : 44,17.941999999999997,14.1,9.3,21.4,16.7,53.3,2026,6874.705739766,0.43839,Pontificia Universidad Católica del Ecuador,100.0,14258.0,186652.0
2028.0,University of Cuenca,Ecuador,"16,641",19.9,1%,58 : 42,17.182000000000002,13.9,10.9,16.8,35.2,46.3,2026,6874.705739766,0.43839,University of Cuenca,100.0,10077.0,138386.0
2143.0,Universidad Politécnica Salesiana,Ecuador,"21,393",20.3,1%,41 : 59,14.3305,13.1,9.6,14.6,20.3,33.2,2026,6874.705739766,0.43839,Politecnica Salesiana University,91.0,6395.0,64975.0
2149.0,Universidad Técnica Particular de Loja,Ecuador,"38,641",19.3,2%,56 : 44,14.219499999999998,13.4,8.5,12.1,20.1,44.9,2026,6874.705739766,0.43839,Universidad Técnica Particular de Loja,100.0,7364.0,97266.0
2168.0,Universidad de las Fuerzas Armadas – ESPE,Ecuador,"28,109",19.9,0%,46 : 54,13.501499999999998,13.0,8.0,12.8,21.1,35.5,2026,6874.705739766,0.43839,Universidad de las Fuerzas Armadas ESPE,100.0,8421.0,99079.0
2173.0,Universidad Técnica de Manabí,Ecuador,"40,183",41.4,1%,61 : 39,13.343,9.6,9.3,8.9,16.1,60.0,2026,6874.705739766,0.43839,Universidad Técnica de Manabí,100.0,9505.0,45045.0
2176.0,Regional Autonomous University of the Andes (UNIANDES),Ecuador,"6,696",12.3,1%,61 : 39,13.155999999999995,20.7,10.5,5.0,16.3,24.7,2026,6874.705739766,0.43839,,,,
711.0,Tecnológico de Monterrey,Mexico,"17,141",14.1,14%,43 : 57,41.0835,26.7,26.4,59.6,68.4,65.8,2026,14185.7812248529,0.25372,Tecnológico de Monterrey,100.0,37987.0,1130621.0
832.0,National Autonomous University of Mexico,Mexico,"175,031",16.3,5%,52 : 48,38.3165,34.2,33.8,37.5,66.7,60.1,2026,14185.7812248529,0.25372,,,,
1406.0,University of Colima,Mexico,"14,655",6.5,0%,52 : 48,28.5735,23.4,8.2,54.3,19.0,29.9,2026,14185.7812248529,0.25372,University of Celaya,85.0,1449.0,15965.0
1479.0,Autonomous University of Sinaloa,Mexico,"79,206",17.3,9%,55 : 45,27.538,16.9,7.6,55.8,16.9,39.1,2026,14185.7812248529,0.25372,Autonomous University of Tlaxcala,86.0,8348.0,172225.0
1790.0,Metropolitan Autonomous University,Mexico,"61,622",44.5,1%,50 : 50,22.4845,21.1,24.4,19.6,30.1,28.0,2026,14185.7812248529,0.25372,,,,
1932.0,Universidad Autónoma de Querétaro,Mexico,"24,995",42.8,1%,58 : 42,19.108,22.7,11.3,19.4,29.8,28.3,2026,14185.7812248529,0.25372,Universidad Autónoma de Guerrero,90.0,6859.0,106549.0
1995.0,Universidad Panamericana (UP),Mexico,"17,141",7.6,2%,51 : 49,17.935,24.5,9.2,12.5,19.3,46.9,2026,14185.7812248529,0.25372,Universidad Panamericana,94.0,4981.0,71892.0
2021.0,Instituto Politécnico Nacional (IPN),Mexico,"139,234",12.7,0%,44 : 56,17.381999999999998,21.9,10.7,16.2,25.4,25.9,2026,14185.7812248529,0.25372,Instituto Politécnico Nacional,94.0,84224.0,3408352.0
2024.0,Benemérita Universidad Autónoma de Puebla,Mexico,"84,699",24.0,1%,53 : 47,17.313499999999998,23.3,9.8,13.5,21.2,36.0,2026,14185.7812248529,0.25372,Benemérita Universidad Autónoma de Puebla,100.0,27423.0,1096446.0
2072.0,University of Guadalajara,Mexico,"145,850",20.7,0%,55 : 45,16.148999999999997,17.9,9.3,17.2,19.6,29.7,2026,14185.7812248529,0.25372,,,,
2076.0,Anáhuac University,Mexico,"16,295",8.8,4%,57 : 43,16.044999999999998,24.8,9.2,9.6,16.9,33.4,2026,14185.7812248529,0.25372,Universidad Anáhuac,86.0,4735.0,56583.0
2100.0,University of Guanajuato,Mexico,"31,014",21.0,0%,55 : 45,15.433,16.9,9.3,14.6,22.2,33.1,2026,14185.7812248529,0.25372,,,,
2113.0,Universidad Autónoma de Nuevo León (UANL),Mexico,"134,947",48.4,0%,51 : 49,15.074499999999995,12.9,9.7,17.0,22.4,32.8,2026,14185.7812248529,0.25372,Universidad Autónoma de Nuevo León,93.0,32659.0,861709.0
2114.0,Universidad Autónoma de Coahuila,Mexico,"28,386",11.3,0%,58 : 42,15.008,21.5,8.1,12.0,17.1,27.1,2026,14185.7812248529,0.25372,Universidad Autónoma de Coahuila,100.0,7223.0,221131.0
2122.0,Universidad Autónoma del Estado de Mexico (UAEMex),Mexico,"69,400",9.8,1%,59 : 41,14.8115,23.1,10.0,7.9,18.3,26.6,2026,14185.7812248529,0.25372,Universidad Autónoma del Estado de México,91.0,21803.0,360060.0
2136.0,Autonomous University of Baja California,Mexico,"69,358",21.2,0%,55 : 45,14.4465,14.8,9.0,14.4,18.2,32.3,2026,14185.7812248529,0.25372,,,,
2138.0,University of Sonora,Mexico,"36,946",30.0,2%,58 : 42,14.434,14.1,8.5,13.8,27.8,34.1,2026,14185.7812248529,0.25372,,,,
2141.0,Universidad Autónoma de Yucatán,Mexico,"19,900",19.7,1%,50 : 50,14.345999999999998,16.0,9.8,11.5,24.1,31.6,2026,14185.7812248529,0.25372,,,,
2151.0,Universidad Michoacana de San Nicolás de Hidalgo,Mexico,"42,472",26.4,2%,56 : 44,14.191999999999998,15.5,8.9,13.5,19.4,29.5,2026,14185.7812248529,0.25372,Universidad Michoacana de San Nicolás de Hidalgo,100.0,18361.0,437603.0
2163.0,Universidad Autónoma del Estado de Hidalgo,Mexico,"38,623",14.2,1%,58 : 42,13.675,17.7,9.2,10.0,19.2,26.9,2026,14185.7812248529,0.25372,Universidad Autónoma del Estado de Hidalgo,100.0,18186.0,279671.0
2175.0,Autonomous University of Guerrero (UAGro),Mexico,"34,492",24.3,0%,59 : 41,13.158499999999998,16.0,7.7,10.9,17.7,29.7,2026,14185.7812248529,0.25372,,,,
835.0,University of Tunis El Manar,Tunisia,"16,341",8.1,10%,75 : 25,38.1955,45.7,27.2,32.9,70.4,55.2,2026,4181.13789301228,0.74658,Tunis El Manar University,94.0,37870.0,883746.0
1333.0,University of Sfax,Tunisia,"33,852",9.7,4%,65 : 35,29.8005,29.7,12.3,41.5,39.3,46.0,2026,4181.13789301228,0.74658,University of Sfax,100.0,41708.0,1473507.0
1374.0,University of Jendouba,Tunisia,"12,953",21.4,0%,71 : 29,29.058,19.2,23.2,37.1,51.4,46.4,2026,4181.13789301228,0.74658,University of Jendouba,100.0,3421.0,55424.0
1483.0,University of Manouba,Tunisia,"17,341",14.4,2%,58 : 42,27.4745,25.9,9.7,42.1,23.9,45.8,2026,4181.13789301228,0.74658,Manouba University,92.0,9209.0,186561.0
1515.0,University of Monastir,Tunisia,"20,673",9.3,2%,68 : 32,27.0655,24.2,10.9,39.8,32.7,46.9,2026,4181.13789301228,0.74658,University of Monastir,100.0,27491.0,928979.0
1662.0,University of Carthage,Tunisia,"32,944",10.6,1%,64 : 36,24.6145,24.8,10.2,32.2,34.7,43.9,2026,4181.13789301228,0.74658,University of Carthage,100.0,18264.0,427934.0
1677.0,University of Sousse,Tunisia,"29,075",13.1,2%,68 : 32,24.3535,26.9,10.6,31.0,23.1,41.6,2026,4181.13789301228,0.74658,University of Sousse,100.0,17539.0,317371.0
1692.0,University of Tunis,Tunisia,"18,795",10.8,2%,68 : 32,24.1605,33.3,10.0,24.4,28.3,39.8,2026,4181.13789301228,0.74658,Tunis University,91.0,31769.0,823652.0
1704.0,Université de Gabès,Tunisia,"15,003",13.6,1%,74 : 26,23.9585,20.3,11.5,35.0,20.5,44.2,2026,4181.13789301228,0.74658,,,,
848.0,University of Indonesia,Indonesia,"42,674",8.3,17%,73 : 27,38.02349999999999,45.0,22.0,37.2,60.4,63.9,2026,4925.43048751861,0.28068,University of Indonesia,100.0,90103.0,1360425.0
1202.0,Universitas Sebelas Maret,Indonesia,"27,604",16.7,3%,65 : 35,32.089,25.1,23.8,42.2,51.0,41.1,2026,4925.43048751861,0.28068,Sebelas Maret University,94.0,56694.0,453116.0
1228.0,Universitas Gadjah Mada,Indonesia,"40,174",8.1,5%,58 : 42,31.695,33.1,24.0,31.3,57.2,43.9,2026,4925.43048751861,0.28068,Universitas Gadjah Mada,100.0,75566.0,957066.0
1308.0,Universitas Airlangga,Indonesia,"32,097",7.2,8%,66 : 34,30.2505,28.6,14.1,39.2,24.8,66.3,2026,4925.43048751861,0.28068,Airlangga University,93.0,59644.0,647797.0
1323.0,Institut Teknologi Bandung,Indonesia,"28,425",19.4,6%,44 : 56,29.9955,23.9,25.6,34.8,68.9,31.0,2026,4925.43048751861,0.28068,Institut Teknologi Nasional Bandung,85.0,3302.0,19524.0
1379.0,Universitas Padjadjaran,Indonesia,"32,501",7.6,5%,61 : 39,28.941,32.5,13.0,35.1,27.9,52.5,2026,4925.43048751861,0.28068,Padjadjaran University,93.0,53508.0,652956.0
1407.0,Universitas Muhammadiyah Surakarta,Indonesia,"21,386",16.3,0%,59 : 41,28.5435,15.7,9.8,60.5,17.5,29.6,2026,4925.43048751861,0.28068,Universitas Muhammadiyah Surabaya,93.0,4365.0,18104.0
1445.0,BINUS University,Indonesia,"15,258",13.9,4%,41 : 59,28.1345,21.4,23.5,34.2,50.6,36.3,2026,4925.43048751861,0.28068,Binus University,100.0,32986.0,251457.0
1524.0,IPB University,Indonesia,"22,993",10.3,5%,58 : 42,26.9045,32.8,12.3,27.5,51.1,44.9,2026,4925.43048751861,0.28068,IPB University,100.0,48897.0,706199.0
1537.0,Universitas Negeri Yogyakarta,Indonesia,"27,783",17.2,2%,56 : 44,26.6225,19.2,12.1,46.0,24.3,35.7,2026,4925.43048751861,0.28068,Universitas PGRI Yogyakarta,93.0,4118.0,16648.0
1559.0,Diponegoro University,Indonesia,"36,538",16.8,4%,66 : 34,26.228,32.5,16.8,23.0,45.4,40.7,2026,4925.43048751861,0.28068,Diponegoro University,100.0,65659.0,609487.0
1583.0,Universitas Negeri Padang,Indonesia,"45,714",22.1,1%,67 : 33,25.782,12.8,8.6,52.3,16.8,42.0,2026,4925.43048751861,0.28068,,,,
1642.0,Universitas Syiah Kuala,Indonesia,"30,794",15.8,0%,62 : 38,25.0465,17.5,9.6,48.0,19.5,25.6,2026,4925.43048751861,0.28068,Universitas Syiah Kuala,100.0,32472.0,383775.0
1665.0,Institut Teknologi Sepuluh Nopember,Indonesia,"20,850",6.1,7%,41 : 59,24.5845,25.9,11.1,28.3,42.0,47.4,2026,4925.43048751861,0.28068,Sepuluh Nopember Institute of Technology,88.0,33052.0,408929.0
1713.0,Telkom University,Indonesia,"18,089",14.7,10%,41 : 59,23.876,16.5,12.8,32.7,36.1,53.9,2026,4925.43048751861,0.28068,Telkom University,100.0,43013.0,206645.0
1715.0,Universitas Ahmad Dahlan,Indonesia,"19,044",24.6,2%,55 : 45,23.839,12.0,11.3,43.6,25.8,38.8,2026,4925.43048751861,0.28068,Universitas Ahmad Dahlan,100.0,21845.0,149053.0
1719.0,State University of Malang,Indonesia,"37,201",26.4,4%,55 : 45,23.778,21.1,11.5,34.5,26.4,37.5,2026,4925.43048751861,0.28068,State University of Malang,100.0,49777.0,413840.0
1727.0,Universitas Negeri Semarang,Indonesia,"54,005",36.5,1%,63 : 37,23.661,13.2,11.7,44.7,17.1,30.4,2026,4925.43048751861,0.28068,Universitas PGRI Semarang,92.0,23438.0,106392.0
1756.0,University of Brawijaya,Indonesia,"47,186",16.1,4%,60 : 40,23.0455,24.9,13.3,23.7,36.2,43.8,2026,4925.43048751861,0.28068,University of Brawijaya,100.0,54858.0,492222.0
1806.0,Universitas Pendidikan Indonesia,Indonesia,"37,007",16.9,2%,56 : 44,22.0575,20.3,11.9,32.2,20.7,28.4,2026,4925.43048751861,0.28068,Universitas Pendidikan Ganesha,87.0,17908.0,135860.0
1839.0,Hasanuddin University,Indonesia,"37,300",14.8,1%,61 : 39,21.3015,21.6,11.5,28.0,31.3,25.9,2026,4925.43048751861,0.28068,Hasanuddin University,100.0,39873.0,376383.0
1881.0,Universitas Sumatera Utara,Indonesia,"40,855",18.1,2%,55 : 45,20.4835,17.8,11.3,27.6,21.2,37.7,2026,4925.43048751861,0.28068,Universitas Sumatera Utara,100.0,39943.0,290226.0
1890.0,University of Mataram,Indonesia,"30,131",22.1,0%,62 : 38,20.2935,11.8,8.4,39.0,17.6,26.3,2026,4925.43048751861,0.28068,University of Mataram,100.0,33970.0,201412.0
1895.0,Universitas Andalas,Indonesia,"34,409",17.7,2%,60 : 40,20.1665,17.8,11.9,22.6,37.8,42.3,2026,4925.43048751861,0.28068,Andalas University,92.0,33649.0,244203.0
1923.0,Atma Jaya Catholic University of Indonesia,Indonesia,"7,908",17.6,7%,46 : 54,19.389,18.0,12.7,19.5,22.9,48.4,2026,4925.43048751861,0.28068,Atma Jaya Catholic University of Indonesia,100.0,8209.0,56462.0
1929.0,Universitas Muhammadiyah Yogyakarta,Indonesia,"23,551",28.1,2%,48 : 52,19.136,12.4,11.9,25.4,18.3,49.0,2026,4925.43048751861,0.28068,Muhammadiyah University of Yogyakarta,92.0,18482.0,111914.0
1955.0,Universitas Negeri Jakarta,Indonesia,"27,808",28.4,0%,64 : 36,18.692,21.2,11.2,23.2,16.0,21.2,2026,4925.43048751861,0.28068,,,,
1968.0,Universitas Muhammadiyah Malang,Indonesia,"31,158",37.0,0%,52 : 48,18.4985,11.6,9.6,31.4,16.5,29.5,2026,4925.43048751861,0.28068,Universitas Muhammadiyah Malang,100.0,17059.0,93715.0
1971.0,Universitas Negeri Surabaya,Indonesia,"37,684",29.7,1%,65 : 35,18.474,13.8,10.6,25.7,21.1,37.0,2026,4925.43048751861,0.28068,Universitas Negeri Surabaya,100.0,38293.0,228438.0
1973.0,Islamic University of Indonesia,Indonesia,"26,457",31.6,3%,45 : 55,18.462,14.6,11.7,24.9,17.8,34.4,2026,4925.43048751861,0.28068,Islamic University of Indonesia,100.0,19093.0,126529.0
2103.0,State Islamic University of Sunan Gunung Djati Bandung,Indonesia,"31,937",31.3,0%,67 : 33,15.375999999999998,10.7,9.1,25.0,16.2,19.1,2026,4925.43048751861,0.28068,Sunan Gunung Djati State Islamic University Bandung,97.0,17383.0,100131.0
2117.0,University of Lampung,Indonesia,"27,602",15.6,0%,65 : 35,14.89,15.4,8.5,19.1,17.8,19.2,2026,4925.43048751861,0.28068,Lampung University,92.0,29330.0,171851.0
2164.0,Universitas Sriwijaya,Indonesia,"42,322",24.6,0%,61 : 39,13.646499999999998,14.3,9.5,14.8,18.7,19.8,2026,4925.43048751861,0.28068,Sriwijaya University,93.0,33530.0,242003.0
2165.0,Halu Oleo University,Indonesia,"40,051",15.5,0%,60 : 40,13.628999999999998,16.3,8.7,13.7,17.0,20.1,2026,4925.43048751861,0.28068,Universitas Halu Oleo,93.0,16621.0,101056.0
2177.0,Jember University,Indonesia,"39,050",31.9,0%,67 : 33,13.129499999999998,10.6,9.8,15.4,20.2,23.1,2026,4925.43048751861,0.28068,Universitas Jember,91.0,28364.0,225850.0
858.0,University of Ljubljana,Slovenia,"37,509",12.8,9%,60 : 40,37.862,27.8,23.8,56.0,69.1,42.6,2026,34301.0318686594,2.13385,University of Ljubljana,100.0,91672.0,4775107.0
922.0,University of Nova Gorica,Slovenia,448,3.0,61%,48 : 52,36.867,29.9,19.0,49.5,29.6,86.7,2026,34301.0318686594,2.13385,University of Nova Gorica,100.0,4468.0,232014.0
1389.0,University of Maribor,Slovenia,"13,082",13.9,14%,55 : 45,28.733,21.5,18.0,41.2,46.2,39.5,2026,34301.0318686594,2.13385,University of Maribor,100.0,28306.0,1001177.0
1702.0,University of Primorska,Slovenia,"5,744",13.5,23%,76 : 24,24.061,20.0,17.4,25.1,23.0,62.2,2026,34301.0318686594,2.13385,University of Primorska,100.0,8990.0,151190.0
868.0,Vilnius University,Lithuania,"19,929",11.7,12%,65 : 35,37.738,26.8,26.5,53.6,58.3,49.8,2026,29384.0189598663,1.04977,Vilnius University,100.0,40978.0,1613200.0
1006.0,Lithuanian University of Health Sciences,Lithuania,"6,326",8.6,28%,81 : 19,35.3595,29.9,13.6,57.5,29.0,55.8,2026,29384.0189598663,1.04977,Lithuanian University of Health Sciences,100.0,10128.0,558666.0
1078.0,Kaunas University of Technology,Lithuania,"7,308",13.0,11%,34 : 66,34.081999999999994,25.2,19.9,52.8,46.8,42.2,2026,29384.0189598663,1.04977,Kaunas University of Technology,100.0,18673.0,542275.0
1467.0,Vytautas Magnus University,Lithuania,"8,381",10.6,19%,71 : 29,27.862999999999992,23.7,12.9,36.9,21.2,69.5,2026,29384.0189598663,1.04977,Vytautas Magnus University,100.0,9236.0,183147.0
1543.0,Vilnius Gediminas Technical University (Vilnius Tech),Lithuania,"8,333",13.1,21%,34 : 66,26.5315,20.8,17.9,31.0,47.3,53.5,2026,29384.0189598663,1.04977,Vilnius Gediminas Technical University,85.0,16811.0,395862.0
882.0,Daffodil International University (DIU),Bangladesh,"17,085",22.0,5%,37 : 63,37.5585,12.1,13.0,81.7,20.1,65.4,2026,2593.41611680774,1.5,Daffodil International University,94.0,10962.0,211019.0
931.0,University of Dhaka,Bangladesh,"35,843",18.6,0%,44 : 56,36.7315,17.7,13.3,76.5,33.2,45.0,2026,2593.41611680774,1.5,University of Dhaka,100.0,29924.0,799189.0
935.0,Gazipur Agricultural University,Bangladesh,"2,027",8.9,2%,54 : 46,36.6415,23.0,9.3,75.3,17.3,51.7,2026,2593.41611680774,1.5,Gazipur Agricultural University,100.0,4600.0,162437.0
939.0,North South University,Bangladesh,"16,380",19.1,0%,44 : 56,36.5615,14.8,11.3,80.3,29.4,48.7,2026,2593.41611680774,1.5,North South University,100.0,8277.0,235597.0
941.0,Jahangirnagar University,Bangladesh,"11,895",16.9,0%,50 : 50,36.5275,19.7,10.0,77.6,20.4,49.6,2026,2593.41611680774,1.5,Jahangirnagar University,100.0,12564.0,378924.0
1032.0,Bangladesh University of Engineering and Technology,Bangladesh,"5,814",11.3,0%,22 : 78,34.891000000000005,23.1,15.2,65.4,38.4,33.5,2026,2593.41611680774,1.5,Bangladesh University of Engineering and Technology,100.0,18195.0,495126.0
1033.0,University of Rajshahi,Bangladesh,"19,819",17.8,0%,36 : 64,34.872499999999995,16.5,9.9,77.0,22.1,42.0,2026,2593.41611680774,1.5,University of Rajshahi,100.0,15505.0,411082.0
1051.0,Jashore University of Science and Technology,Bangladesh,"4,510",14.7,0%,33 : 67,34.605,15.2,11.5,74.8,19.4,47.6,2026,2593.41611680774,1.5,Jashore University of Science and Technology,100.0,907.0,27996.0
1062.0,BRAC University,Bangladesh,"17,235",21.2,1%,45 : 55,34.411500000000004,13.6,13.4,74.9,19.9,43.3,2026,2593.41611680774,1.5,BRAC University,100.0,8564.0,164952.0
1098.0,Khulna University of Engineering and Technology (KUET),Bangladesh,"7,985",17.8,0%,32 : 68,33.758,13.8,8.7,78.6,22.1,36.0,2026,2593.41611680774,1.5,Khulna University of Engineering and Technology,95.0,7999.0,208040.0
1112.0,Bangladesh Agricultural University (BAU),Bangladesh,"7,855",13.3,1%,45 : 55,33.49,21.2,10.3,65.2,24.6,49.4,2026,2593.41611680774,1.5,Bangladesh Agricultural University,94.0,16467.0,457402.0
1268.0,Chittagong University of Engineering & Technology,Bangladesh,"5,758",17.4,0%,23 : 77,30.918499999999995,13.7,11.7,67.2,23.1,32.0,2026,2593.41611680774,1.5,Chittagong University of Engineering & Technology,100.0,6084.0,132303.0
1307.0,Mawlana Bhashani Science and Technology University,Bangladesh,"4,644",17.1,0%,41 : 59,30.328,13.8,8.7,64.8,19.6,46.8,2026,2593.41611680774,1.5,Mawlana Bhashani Science and Technology University,100.0,4274.0,137457.0
1322.0,Noakhali Science and Technology University (NSTU),Bangladesh,"9,184",22.2,0%,44 : 56,29.997,11.3,9.4,65.5,17.0,48.1,2026,2593.41611680774,1.5,Noakhali Science and Technology University,94.0,5597.0,134358.0
1355.0,University of Chittagong,Bangladesh,"26,397",24.0,0%,41 : 59,29.4095,11.5,9.5,60.7,22.8,55.2,2026,2593.41611680774,1.5,University of Chittagong,100.0,9806.0,236470.0
1465.0,American International University – Bangladesh,Bangladesh,"13,515",21.8,2%,26 : 74,27.875,11.9,9.2,59.1,25.1,39.5,2026,2593.41611680774,1.5,American International University-Bangladesh,100.0,5410.0,87252.0
1493.0,Khulna University,Bangladesh,"8,131",13.9,0%,45 : 55,27.3225,17.3,9.9,50.7,18.7,45.2,2026,2593.41611680774,1.5,Khulna University,100.0,9415.0,224287.0
1606.0,Military Institute of Science and Technology (MIST),Bangladesh,"3,001",18.2,0%,27 : 73,25.53,14.1,8.6,53.8,19.1,26.3,2026,2593.41611680774,1.5,Military Institute of Science and Technology,95.0,0.0,0.0
1818.0,East West University,Bangladesh,"12,156",26.8,0%,51 : 49,21.7655,11.2,9.3,41.7,17.8,33.9,2026,2593.41611680774,1.5,East West University,100.0,3573.0,66570.0
890.0,University of Medicine and Pharmacy Carol Davila,Romania,"12,809",9.2,17%,68 : 32,37.32749999999999,26.1,12.5,73.4,30.2,37.0,2026,20080.2096215595,0.51656,Carol Davila University of Medicine and Pharmacy,100.0,24759.0,905441.0
921.0,Bucharest University of Economic Studies,Romania,"21,819",15.8,4%,60 : 40,36.874,19.2,11.9,81.5,23.1,31.8,2026,20080.2096215595,0.51656,Bucharest University of Economic Studies,100.0,15135.0,221053.0
1066.0,University of Bucharest,Romania,"31,127",32.1,2%,70 : 30,34.2785,21.6,24.1,58.4,27.0,30.9,2026,20080.2096215595,0.51656,University of Bucharest,100.0,37813.0,916590.0
1192.0,University of Medicine and Pharmacy of Craiova,Romania,"4,578",9.3,14%,70 : 30,32.2155,26.1,10.4,59.4,23.0,36.8,2026,20080.2096215595,0.51656,University of Medicine and Pharmacy of Craiova,100.0,7083.0,232331.0
1227.0,Iuliu Haţieganu University of Medicine and Pharmacy Cluj-Napoca,Romania,"8,247",8.7,37%,68 : 32,31.7015,26.2,12.4,51.3,31.1,49.9,2026,20080.2096215595,0.51656,Iuliu Hațieganu University of Medicine and Pharmacy,88.0,14699.0,742834.0
1313.0,Babeş-Bolyai University,Romania,"40,388",18.8,5%,64 : 36,30.194,20.7,18.6,48.1,32.9,39.3,2026,20080.2096215595,0.51656,Babeș-Bolyai University,96.0,34319.0,837213.0
1446.0,USAMV Cluj-Napoca,Romania,"5,453",16.7,6%,54 : 46,28.094,19.7,10.0,52.3,22.0,37.5,2026,20080.2096215595,0.51656,,,,
1518.0,Transilvania University of Brașov,Romania,"20,101",22.5,2%,53 : 47,27.0355,14.8,13.4,47.7,35.9,40.5,2026,20080.2096215595,0.51656,Transylvania University of Brașov,97.0,15767.0,324064.0
1519.0,West University of Timişoara,Romania,"14,808",19.6,6%,66 : 34,27.034,22.7,13.3,43.7,19.2,34.7,2026,20080.2096215595,0.51656,West University of Timişoara,100.0,12144.0,294951.0
1552.0,Lucian Blaga University of Sibiu,Romania,"13,293",16.3,4%,50 : 50,26.2915,19.0,16.0,42.0,22.6,33.9,2026,20080.2096215595,0.51656,Lucian Blaga University of Sibiu,100.0,8857.0,112048.0
1625.0,Ştefan cel Mare University of Suceava,Romania,"9,043",22.0,15%,60 : 40,25.3025,17.4,15.8,39.7,22.0,37.3,2026,20080.2096215595,0.51656,Ştefan cel Mare University of Suceava,100.0,8689.0,135251.0
1697.0,"George Emil Palade University of Medicine, Pharmacy, Science, and Technology of Targu Mures",Romania,"9,743",17.7,14%,63 : 37,24.11,17.9,12.8,38.5,23.0,35.3,2026,20080.2096215595,0.51656,,,,
1710.0,Technical University of Cluj-Napoca,Romania,"18,486",20.3,3%,38 : 62,23.9175,17.8,13.9,36.4,41.7,27.3,2026,20080.2096215595,0.51656,Technical University of Cluj-Napoca,100.0,20012.0,373844.0
1736.0,Alexandru Ioan Cuza University,Romania,"24,352",16.9,9%,61 : 39,23.526999999999997,22.5,12.2,29.2,41.1,39.3,2026,20080.2096215595,0.51656,Alexandru Ioan Cuza University,100.0,21946.0,410000.0
1774.0,Dunarea de Jos University of Galati,Romania,"12,770",15.9,23%,58 : 42,22.773,20.0,10.2,32.3,19.0,46.2,2026,20080.2096215595,0.51656,"""Dunarea de Jos"" University of Galati",100.0,12402.0,214631.0
1810.0,University of Oradea,Romania,"18,847",19.0,5%,60 : 40,21.87,16.5,13.3,31.7,18.7,38.5,2026,20080.2096215595,0.51656,University of Oradea,100.0,9898.0,201583.0
1828.0,Polytechnic University of Timişoara,Romania,"12,676",18.1,4%,38 : 62,21.4955,18.0,9.8,33.6,36.4,24.1,2026,20080.2096215595,0.51656,Polytechnic University of Timişoara,100.0,13827.0,312062.0
1867.0,Polytechnic University of Bucharest,Romania,"37,048",22.3,1%,41 : 59,20.742500000000003,18.7,9.7,30.5,39.2,22.6,2026,20080.2096215595,0.51656,,,,
1875.0,Grigore T. Popa University of Medicine and Pharmacy,Romania,"10,110",10.5,28%,68 : 32,20.6125,23.8,10.7,21.5,23.9,41.1,2026,20080.2096215595,0.51656,Grigore T. Popa University of Medicine and Pharmacy,100.0,14808.0,426248.0
1937.0,University of Craiova,Romania,"16,584",17.0,4%,52 : 48,18.997,16.2,11.5,26.6,24.2,25.8,2026,20080.2096215595,0.51656,University of Craiova,100.0,13776.0,161291.0
1958.0,Gheorghe Asachi Technical University of Iaşi,Romania,"13,126",22.4,13%,30 : 70,18.653,18.2,10.2,21.5,33.9,33.6,2026,20080.2096215595,0.51656,Gheorghe Asachi Technical University of Iași,98.0,15294.0,321469.0
2085.0,Ovidius University of Constanța,Romania,"16,291",12.6,7%,57 : 43,15.8325,20.1,9.9,14.2,18.3,27.2,2026,20080.2096215595,0.51656,,,,
905.0,Azerbaijan State University of Economics,Azerbaijan,"13,473",9.2,7%,44 : 56,37.151,23.4,9.3,74.5,19.4,59.0,2026,7283.8499076179,0.20778,Azerbaijan State University of Economics,100.0,4389.0,45454.0
1791.0,Baku State University,Azerbaijan,"19,165",12.1,5%,60 : 40,22.413500000000003,30.1,10.1,21.2,21.0,45.4,2026,7283.8499076179,0.20778,Baku State University,100.0,7305.0,86584.0
1962.0,Azerbaijan State Oil and Industry University,Azerbaijan,"12,831",10.3,6%,38 : 62,18.5745,25.0,8.1,15.7,19.7,44.7,2026,7283.8499076179,0.20778,Azerbaijan State Oil and Industry University,100.0,4612.0,29212.0
2097.0,Azerbaijan Technical University (AzTU),Azerbaijan,"9,118",6.9,8%,47 : 53,15.5225,26.2,7.5,5.7,30.4,35.9,2026,7283.8499076179,0.20778,Azerbaijan Technical University,93.0,2467.0,13505.0
914.0,An-Najah National University,Palestine,"25,887",27.0,12%,63 : 37,36.959,24.7,13.0,66.9,26.0,63.9,2026,,1.5,An-Najah National University,100.0,8551.0,268574.0
1802.0,Al-Quds University,Palestine,"10,065",10.9,33%,77 : 23,22.2195,22.9,11.0,17.8,21.1,81.2,2026,,1.5,Al-Quds University,100.0,4862.0,126846.0
923.0,Makerere University,Uganda,"25,506",19.3,4%,43 : 57,36.856,21.5,26.6,54.2,32.8,69.7,2026,1077.91278452817,0.4383,Makerere University,100.0,42584.0,1751954.0
926.0,University of Malta,Malta,"9,650",11.8,18%,61 : 39,36.7905,24.9,18.2,61.6,36.8,56.2,2026,43898.5781808597,0.64792,University of Malta,100.0,30139.0,547435.0
942.0,University of Ibadan,Nigeria,"36,851",17.6,0%,50 : 50,36.475,29.6,15.6,63.5,22.1,43.8,2026,1084.16041805436,0.28444,University of Ibadan,100.0,50476.0,1371310.0
973.0,University of Lagos,Nigeria,"36,484",22.4,0%,51 : 49,35.991,18.4,20.1,66.7,32.6,45.6,2026,1084.16041805436,0.28444,University of Lagos,100.0,27043.0,485609.0
1028.0,Covenant University,Nigeria,"9,690",22.2,0%,39 : 61,34.9875,21.6,27.5,50.8,55.7,42.3,2026,1084.16041805436,0.28444,Covenant University,100.0,12973.0,354128.0
1107.0,Landmark University,Nigeria,"3,426",13.0,1%,33 : 67,33.539,20.2,18.4,61.9,22.1,37.2,2026,1084.16041805436,0.28444,Landmark University,100.0,4888.0,130877.0
1178.0,Bayero University,Nigeria,"29,362",16.9,0%,44 : 56,32.4775,22.5,11.0,60.7,18.0,49.6,2026,1084.16041805436,0.28444,Baze University,88.0,1700.0,12515.0
1216.0,Ahmadu Bello University,Nigeria,"46,669",16.5,0%,37 : 63,31.8775,24.3,10.0,58.9,20.6,44.2,2026,1084.16041805436,0.28444,Ahmadu Bello University,100.0,23659.0,497623.0
1232.0,University of Ilorin,Nigeria,"48,498",34.3,0%,50 : 50,31.6695,15.5,12.6,64.8,20.2,42.6,2026,1084.16041805436,0.28444,University of Ilorin,100.0,21370.0,372430.0
1397.0,"Federal University of Technology, Minna",Nigeria,"26,887",23.7,0%,22 : 78,28.6405,22.3,8.5,51.8,17.8,44.6,2026,1084.16041805436,0.28444,Federal University of Technology Minna,100.0,7707.0,154133.0
1398.0,University of Nigeria Nsukka,Nigeria,"45,307",11.1,1%,46 : 54,28.637,32.0,11.0,40.3,20.3,41.4,2026,1084.16041805436,0.28444,University of Nigeria,86.0,36728.0,720335.0
1455.0,University of Jos,Nigeria,"37,605",23.6,0%,47 : 53,27.9935,15.3,8.6,55.9,18.4,46.4,2026,1084.16041805436,0.28444,University of Jos,100.0,9251.0,124103.0
1509.0,Federal University of Technology Akure,Nigeria,"18,945",20.5,0%,26 : 74,27.187,24.4,12.2,40.0,23.9,46.6,2026,1084.16041805436,0.28444,"Federal University of Technology, Babura",94.0,0.0,0.0
1535.0,Babcock University,Nigeria,"13,134",28.1,0%,51 : 49,26.7055,27.6,9.9,41.8,16.0,33.5,2026,1084.16041805436,0.28444,Babcock University,100.0,7344.0,65276.0
1571.0,Obafemi Awolowo University,Nigeria,"32,746",26.3,0%,46 : 54,25.931,21.5,13.4,36.0,45.5,41.1,2026,1084.16041805436,0.28444,Obafemi Awolowo University,100.0,26991.0,569952.0
1582.0,University of Benin,Nigeria,"43,884",25.6,0%,50 : 50,25.7945,15.6,9.2,50.5,17.8,35.5,2026,1084.16041805436,0.28444,University of Benin,100.0,14644.0,227329.0
1682.0,University of Calabar,Nigeria,"24,000",15.7,0%,88 : 12,24.317,20.4,9.6,39.7,17.0,39.0,2026,1084.16041805436,0.28444,University of Calabar,100.0,17603.0,287591.0
1724.0,Nnamdi Azikiwe University,Nigeria,"43,059",16.2,0%,59 : 41,23.6955,23.3,8.6,36.2,19.2,36.0,2026,1084.16041805436,0.28444,Nnamdi Azikiwe University,100.0,20587.0,245102.0
1749.0,Ladoke Akintola University of Technology,Nigeria,"40,337",50.1,0%,49 : 51,23.257,14.0,10.7,40.7,25.6,37.2,2026,1084.16041805436,0.28444,Ladoke Akintola University of Technology,100.0,11958.0,224212.0
1833.0,Lagos State University,Nigeria,"50,785",46.0,0%,51 : 49,21.368,17.1,10.5,30.1,20.9,45.5,2026,1084.16041805436,0.28444,Lagos State University,100.0,9934.0,126015.0
1856.0,"Federal University of Technology, Owerri",Nigeria,"24,469",18.5,0%,32 : 68,21.0645,25.2,8.3,23.7,26.9,40.5,2026,1084.16041805436,0.28444,Federal University of Technology Owerri,100.0,9915.0,128898.0
1963.0,"Federal University of Agriculture, Abeokuta",Nigeria,"21,219",37.0,0%,39 : 61,18.5175,17.7,8.8,24.3,21.1,34.8,2026,1084.16041805436,0.28444,Federal University of Agriculture,88.0,13033.0,264531.0
1979.0,Ekiti State University,Nigeria,"13,983",25.6,,63 : 37,18.284,24.2,10.1,17.3,16.4,31.6,2026,1084.16041805436,0.28444,Ekiti State University,100.0,12680.0,109978.0
1984.0,University of Port Harcourt,Nigeria,"42,613",30.1,0%,56 : 44,18.147,20.6,8.8,19.5,21.2,37.6,2026,1084.16041805436,0.28444,University of Port Harcourt,100.0,20205.0,226896.0
2146.0,Federal University Oye-Ekiti,Nigeria,"44,401",45.8,0%,49 : 51,14.301,10.3,9.2,16.5,16.3,39.9,2026,1084.16041805436,0.28444,Federal University Oye Ekiti,100.0,5803.0,45792.0
2160.0,"Delta State University, Abraka",Nigeria,"40,979",38.3,0%,58 : 42,13.690499999999998,13.5,9.4,15.1,16.3,24.0,2026,1084.16041805436,0.28444,Delta State University,86.0,9988.0,103510.0
1002.0,University of Cape Coast,Ghana,"36,491",40.0,0%,40 : 60,35.467499999999994,18.2,22.1,63.3,33.3,44.9,2026,2390.77237652715,0.37655,University of Cape Coast,100.0,16630.0,329405.0
1043.0,University of Ghana,Ghana,"72,334",46.5,1%,49 : 51,34.7575,17.0,32.2,49.2,46.8,50.3,2026,2390.77237652715,0.37655,University of Ghana,100.0,38688.0,1106301.0
1286.0,Kwame Nkrumah University of Science and Technology,Ghana,"76,838",46.8,1%,39 : 61,30.581,17.7,16.6,53.3,26.7,46.5,2026,2390.77237652715,0.37655,Kwame Nkrumah University of Science and Technology,100.0,29535.0,977729.0
1627.0,University for Development Studies,Ghana,"28,162",35.9,0%,28 : 72,25.287,24.4,10.7,35.2,18.4,49.2,2026,2390.77237652715,0.37655,University for Development Studies,100.0,10525.0,169594.0
1008.0,University of Colombo,Sri Lanka,"35,859",32.1,1%,61 : 39,35.3415,26.0,11.7,67.1,27.4,40.7,2026,4515.56787322732,0.10506,University of Colombo,100.0,15412.0,409850.0
1420.0,University of Peradeniya,Sri Lanka,"20,419",26.2,0%,60 : 40,28.4395,12.8,12.4,56.4,30.0,39.3,2026,4515.56787322732,0.10506,University of Peradeniya,100.0,16249.0,654132.0
1740.0,University of Moratuwa,Sri Lanka,"11,079",22.1,0%,40 : 60,23.483500000000003,12.9,14.5,40.2,36.2,26.2,2026,4515.56787322732,0.10506,University of Moratuwa,100.0,9056.0,181112.0
1848.0,University of Sri Jayewardenepura,Sri Lanka,"20,006",25.3,0%,63 : 37,21.2175,12.6,9.5,37.4,18.2,37.3,2026,4515.56787322732,0.10506,University of Sri Jayewardenepura,100.0,10856.0,214067.0
2006.0,University of Kelaniya,Sri Lanka,"19,766",17.2,3%,66 : 34,17.6965,17.0,8.4,23.2,19.7,33.3,2026,4515.56787322732,0.10506,University of Kelaniya,100.0,8194.0,205105.0
2102.0,Sri Lanka Institute of Information Technology,Sri Lanka,"15,304",30.5,0%,41 : 59,15.393999999999998,11.1,10.0,20.0,45.8,18.5,2026,4515.56787322732,0.10506,Sri Lanka Institute of Information Technology,100.0,4285.0,65137.0
1011.0,Tishk International University,Iraq,"4,665",16.1,1%,50 : 50,35.245,15.4,13.3,69.8,19.0,68.6,2026,6073.61032342708,0.0407,Tishk International University,100.0,3763.0,61671.0
1067.0,"University of Technology, Iraq",Iraq,"12,215",6.9,0%,47 : 53,34.254000000000005,26.1,10.3,68.7,25.0,26.1,2026,6073.61032342708,0.0407,University of Technology - Iraq,100.0,19287.0,389353.0
1153.0,University of Sulaimani,Iraq,"24,212",11.6,0%,61 : 39,32.862,23.8,8.6,66.9,17.8,34.2,2026,6073.61032342708,0.0407,University of Sulaimani,100.0,9949.0,175354.0
1263.0,University of Duhok,Iraq,"20,093",10.0,1%,53 : 47,31.0135,24.2,8.1,61.3,19.7,31.3,2026,6073.61032342708,0.0407,University of Duhok,100.0,6785.0,68912.0
1298.0,University of Anbar,Iraq,"27,797",11.1,1%,57 : 43,30.418,25.0,11.1,53.2,36.6,32.0,2026,6073.61032342708,0.0407,University of Anbar,100.0,11882.0,122672.0
1309.0,Salahaddin University–Erbil,Iraq,"26,525",10.5,1%,54 : 46,30.2475,23.4,8.3,60.1,17.0,29.7,2026,6073.61032342708,0.0407,Salahaddin University-Erbil,100.0,9573.0,93848.0
1560.0,Al-Qasim Green University,Iraq,"3,914",7.0,0%,32 : 68,26.2275,22.5,7.9,49.2,16.6,25.0,2026,6073.61032342708,0.0407,Al-Qasim Green University,100.0,0.0,0.0
1720.0,University of Baghdad,Iraq,"75,593",11.2,0%,60 : 40,23.7725,28.3,14.8,28.2,29.3,20.0,2026,6073.61032342708,0.0407,University of Baghdad,100.0,51189.0,477526.0
1725.0,University of Al-Qadisiyah,Iraq,"27,865",14.0,0%,54 : 46,23.6825,21.5,7.9,40.5,16.6,29.8,2026,6073.61032342708,0.0407,University of Al-Qadisiyah,100.0,9201.0,91932.0
1733.0,University of Babylon,Iraq,"29,695",12.9,1%,55 : 45,23.5415,28.4,9.0,33.4,21.9,22.1,2026,6073.61032342708,0.0407,University of Babylon,100.0,16542.0,224729.0
1739.0,University of Kufa,Iraq,"35,860",11.8,0%,59 : 41,23.5005,23.6,9.0,38.1,16.9,24.3,2026,6073.61032342708,0.0407,University of Kufa,100.0,13189.0,97029.0
1758.0,Wasit University,Iraq,"17,316",9.1,0%,53 : 47,23.027,22.9,8.6,36.9,16.5,27.3,2026,6073.61032342708,0.0407,University of Wasit,91.0,5312.0,55869.0
1782.0,Al-Nahrain University,Iraq,"8,087",4.7,0%,57 : 43,22.637500000000003,29.7,8.9,28.8,21.0,24.2,2026,6073.61032342708,0.0407,Nahrain University,92.0,10327.0,111123.0
1827.0,Al-Muthanna University,Iraq,"10,814",11.8,0%,63 : 37,21.5035,20.2,8.5,32.2,16.3,36.9,2026,6073.61032342708,0.0407,Al-Muthanna University,100.0,3281.0,30194.0
1864.0,University of Diyala,Iraq,"26,009",13.8,0%,56 : 44,20.898,18.9,8.4,33.9,17.1,27.1,2026,6073.61032342708,0.0407,University of Diyala,100.0,7352.0,87023.0
1892.0,Mustansiriyah University,Iraq,"32,844",8.5,1%,55 : 45,20.2465,26.8,9.8,19.8,23.9,34.7,2026,6073.61032342708,0.0407,Mustansiriyah University,100.0,20086.0,191885.0
1956.0,Tikrit University,Iraq,"33,551",11.0,0%,41 : 59,18.6805,30.4,9.4,15.6,16.6,21.9,2026,6073.61032342708,0.0407,University of Tikrit,92.0,12758.0,79473.0
1978.0,University of Thi-Qar,Iraq,"19,964",12.5,0%,63 : 37,18.288,20.0,8.9,23.3,16.8,28.6,2026,6073.61032342708,0.0407,Thi Qar University,92.0,10933.0,100175.0
2049.0,University of Kerbala,Iraq,"25,226",12.4,0%,55 : 45,16.715999999999998,22.3,8.1,16.9,16.4,27.5,2026,6073.61032342708,0.0407,University of Kerbala,100.0,12345.0,124365.0
2057.0,Middle Technical University,Iraq,"36,230",20.3,0%,48 : 52,16.515,12.3,8.3,26.1,18.8,25.3,2026,6073.61032342708,0.0407,Middle Technical University,100.0,7097.0,76628.0
2063.0,University of Mosul,Iraq,"57,684",13.7,0%,56 : 44,16.444499999999998,19.3,10.5,16.9,29.9,19.2,2026,6073.61032342708,0.0407,University of Mosul,100.0,22234.0,153813.0
2120.0,Northern Technical University,Iraq,"23,224",24.6,0%,43 : 57,14.839,10.8,8.5,21.1,18.2,28.4,2026,6073.61032342708,0.0407,Northern Technical University,100.0,4874.0,43682.0
2121.0,Al-Furat Al-Awsat Technical University,Iraq,"26,536",27.5,0%,50 : 50,14.823,11.5,8.6,21.1,19.6,24.3,2026,6073.61032342708,0.0407,Al-Furat Al-Awsat Technical University,100.0,4685.0,44155.0
2152.0,University of Kirkuk,Iraq,"23,071",13.9,0%,57 : 43,14.0995,16.1,8.1,14.3,16.4,27.4,2026,6073.61032342708,0.0407,University of Kirkuk,100.0,6303.0,37637.0
2161.0,University of Basrah,Iraq,"88,218",22.8,0%,64 : 36,13.682,15.2,8.1,14.5,17.1,24.2,2026,6073.61032342708,0.0407,University of Basrah,100.0,15416.0,195610.0
1030.0,"University of the Andes, Colombia",Colombia,"15,735",14.1,2%,46 : 54,34.934,25.4,22.2,49.8,43.2,57.8,2026,7919.20886825345,0.2894,,,,
1090.0,University of la Costa,Colombia,"11,922",28.5,1%,45 : 55,33.9255,11.9,13.1,72.5,17.4,55.6,2026,7919.20886825345,0.2894,University of Caldas,86.0,12403.0,86883.0
1285.0,Icesi University,Colombia,"5,974",11.9,3%,52 : 48,30.5885,20.3,12.1,57.0,21.4,41.8,2026,7919.20886825345,0.2894,Icesi University,100.0,6517.0,86551.0
1412.0,University of Antioquia,Colombia,"37,677",18.4,0%,52 : 48,28.515,21.1,20.8,38.8,39.9,40.3,2026,7919.20886825345,0.2894,,,,
1501.0,University of La Sabana,Colombia,"10,316",13.2,2%,57 : 43,27.2605,20.9,11.2,46.2,21.3,41.8,2026,7919.20886825345,0.2894,,,,
1511.0,Universidad de Cartagena,Colombia,"24,568",22.6,1%,47 : 53,27.154,13.4,10.0,55.2,18.9,39.8,2026,7919.20886825345,0.2894,,,,
1588.0,National University of Colombia,Colombia,"55,643",21.0,1%,41 : 59,25.7275,21.9,15.4,34.3,35.9,41.0,2026,7919.20886825345,0.2894,,,,
1590.0,Del Rosario University,Colombia,"10,119",12.4,4%,59 : 41,25.6855,21.5,16.2,32.3,30.5,49.8,2026,7919.20886825345,0.2894,Universidad del Rosario,89.0,17845.0,318879.0
1716.0,"University of the North, Colombia",Colombia,"11,592",16.9,2%,49 : 51,23.832,19.8,14.4,30.1,24.0,51.0,2026,7919.20886825345,0.2894,,,,
1722.0,Pontificia Universidad Javeriana,Colombia,"29,088",14.2,1%,56 : 44,23.7355,21.1,13.0,31.8,24.4,43.0,2026,7919.20886825345,0.2894,Pontificia Universidad Javeriana,100.0,35081.0,535843.0
1823.0,El Bosque University,Colombia,"15,881",7.6,2%,60 : 40,21.5975,23.6,9.0,27.1,17.7,42.5,2026,7919.20886825345,0.2894,Universidad El Bosque,88.0,8509.0,158278.0
1857.0,Antonio Nariño University,Colombia,"13,578",12.7,2%,58 : 42,21.0515,18.4,8.3,28.9,17.1,51.5,2026,7919.20886825345,0.2894,Universidad Antonio Nariño,90.0,4613.0,321351.0
1889.0,University of Medellín,Colombia,"7,158",16.8,2%,53 : 47,20.3135,18.0,11.4,24.8,23.0,44.5,2026,7919.20886825345,0.2894,,,,
1953.0,Universidad Pontificia Bolivariana (UPB),Colombia,"9,763",11.0,3%,57 : 43,18.7465,25.5,12.0,12.3,36.1,34.8,2026,7919.20886825345,0.2894,Universidad Pontificia Bolivariana,94.0,14164.0,159335.0
1982.0,EAFIT University,Colombia,"12,722",19.0,2%,43 : 57,18.2115,17.4,11.1,18.4,21.3,46.5,2026,7919.20886825345,0.2894,EIA University,87.0,2072.0,23540.0
1992.0,Universidad del Valle,Colombia,"33,529",8.1,1%,50 : 50,17.973000000000003,24.9,9.4,13.5,21.1,40.1,2026,7919.20886825345,0.2894,Universidad del Valle,100.0,31592.0,498737.0
2068.0,Universidad Industrial de Santander (UIS),Colombia,"21,778",25.4,1%,46 : 54,16.305500000000002,16.2,11.4,14.4,24.2,39.1,2026,7919.20886825345,0.2894,,,,
2086.0,CES University,Colombia,"7,673",10.5,2%,70 : 30,15.794999999999998,21.7,9.5,10.4,16.9,37.9,2026,7919.20886825345,0.2894,Icesi University,93.0,6517.0,86551.0
2125.0,University of Cauca,Colombia,"16,898",12.6,0%,49 : 51,14.765,19.2,8.7,8.1,34.7,36.8,2026,7919.20886825345,0.2894,University of Cauca,100.0,9037.0,85347.0
2135.0,Universidad Distrital Francisco José de Caldas,Colombia,"28,761",14.5,0%,36 : 64,14.4835,17.5,9.1,12.0,19.3,30.8,2026,7919.20886825345,0.2894,Universidad Distrital Francisco José de Caldas,100.0,13836.0,77672.0
2162.0,Nueva Granada Military University,Colombia,"18,768",9.9,0%,47 : 53,13.6785,21.8,8.2,6.9,17.3,28.1,2026,7919.20886825345,0.2894,Military University Nueva Granada,100.0,9234.0,61003.0
2166.0,Technological University of Pereira,Colombia,"16,544",17.0,0%,43 : 57,13.552,16.7,7.7,10.0,20.5,34.3,2026,7919.20886825345,0.2894,Technological University of Pereira,100.0,7877.0,134342.0
2187.0,Instituto Tecnológico Metropolitano,Colombia,"25,069",19.7,0%,43 : 57,11.862,12.9,7.9,9.0,18.7,30.9,2026,7919.20886825345,0.2894,Instituto Tecnológico Metropolitano,100.0,4127.0,50153.0
2188.0,Universidad Pedagogica y Tecnologica de Colombia - UPTC,Colombia,"36,136",18.7,0%,55 : 45,11.434000000000005,13.9,8.0,6.0,16.4,34.1,2026,7919.20886825345,0.2894,,,,
1069.0,University of Belgrade,Serbia,"91,512",18.1,5%,61 : 39,34.25,22.6,27.3,50.9,31.9,41.6,2026,13679.2065983557,0.93978,University of Belgrade,100.0,110830.0,5750232.0
1679.0,University of Novi Sad,Serbia,"49,296",14.0,7%,58 : 42,24.3395,19.9,11.5,32.8,59.6,38.8,2026,13679.2065983557,0.93978,University of Novi Sad,100.0,51701.0,1389927.0
1070.0,Ateneo de Manila University,Philippines,"14,540",10.1,1%,56 : 44,34.245,27.0,11.2,64.7,23.8,35.6,2026,3984.8315387656,0.27625,Ateneo de Manila University,100.0,5898.0,100501.0
1376.0,University of the Philippines,Philippines,"54,405",10.7,0%,57 : 43,29.024999999999995,27.4,17.9,39.0,28.9,38.6,2026,3984.8315387656,0.27625,University of the Philippines Cebu,92.0,913.0,10491.0
1657.0,University of Santo Tomas,Philippines,"42,253",15.1,6%,58 : 42,24.6795,23.0,10.2,32.1,21.1,59.5,2026,3984.8315387656,0.27625,University of Santo Tomas,100.0,6331.0,130859.0
1822.0,De La Salle University,Philippines,"22,790",18.5,2%,51 : 49,21.619,18.3,12.6,31.4,24.1,29.1,2026,3984.8315387656,0.27625,De La Salle University,100.0,11211.0,233488.0
1896.0,Mapúa University,Philippines,"9,032",24.1,2%,33 : 67,20.1595,13.7,14.8,30.5,23.4,23.2,2026,3984.8315387656,0.27625,,,,
1965.0,Mindanao State University – Iligan Institute of Technology,Philippines,"12,388",18.0,0%,59 : 41,18.5135,18.4,9.1,22.7,17.6,39.1,2026,3984.8315387656,0.27625,Mindanao State University – Iligan Institute of Technology,100.0,5543.0,34665.0
1079.0,Universidad Peruana Cayetano Heredia,Peru,"8,598",15.1,1%,67 : 33,34.0635,20.2,16.1,61.2,33.7,49.7,2026,8452.37167056621,0.17611,Universidad Peruana Cayetano Heredia,100.0,21796.0,910230.0
1687.0,Pontifical Catholic University of Peru,Peru,"26,939",6.4,1%,47 : 53,24.268,26.1,10.8,30.9,24.1,42.7,2026,8452.37167056621,0.17611,,,,
1927.0,University of San Martín de Porres,Peru,"38,029",17.2,1%,65 : 35,19.2435,15.7,8.9,28.5,18.4,36.6,2026,8452.37167056621,0.17611,,,,
1935.0,Universidad San Ignacio de Loyola,Peru,"24,365",29.6,1%,48 : 52,19.0245,12.0,10.1,29.4,16.7,40.9,2026,8452.37167056621,0.17611,Universidad San Ignacio de Loyola,100.0,5488.0,58519.0
2032.0,Universidad Científica del Sur,Peru,"20,474",10.0,1%,66 : 34,17.058,21.4,9.2,14.4,16.3,41.4,2026,8452.37167056621,0.17611,Universidad Científica del Sur,100.0,8402.0,75648.0
2047.0,Universidad Nacional Agraria La Molina,Peru,"7,819",9.2,1%,49 : 51,16.7325,23.9,8.0,11.1,16.8,44.8,2026,8452.37167056621,0.17611,Universidad Nacional Agraria La Molina,100.0,6795.0,112345.0
2058.0,Universidad Nacional Mayor de San Marcos,Peru,"42,959",13.3,1%,44 : 56,16.505000000000003,20.6,10.6,13.8,16.6,34.0,2026,8452.37167056621,0.17611,Universidad Nacional de San Martín,85.0,5657.0,33117.0
2171.0,Universidad Peruana de Ciencias Aplicadas (UPC),Peru,"81,453",29.7,2%,49 : 51,13.3725,12.0,8.8,13.6,17.2,33.5,2026,8452.37167056621,0.17611,,,,
1097.0,Taiz University,Yemen,"32,637",15.0,1%,36 : 64,33.781,17.1,8.4,70.8,17.2,58.3,2026,,1.5,Taiz University,100.0,3555.0,56579.0
1100.0,University of Latvia,Latvia,"11,634",30.9,9%,67 : 33,33.709,20.5,31.3,42.3,52.3,50.7,2026,23409.0845154775,0.8236,University of Latvia,100.0,23859.0,571816.0
1174.0,Riga Technical University,Latvia,"10,472",31.7,33%,35 : 65,32.5725,27.1,25.3,33.6,56.4,65.4,2026,23409.0845154775,0.8236,Riga Technical University,100.0,15454.0,311644.0
1460.0,Riga Stradiņš University,Latvia,"8,229",24.6,35%,75 : 25,27.9335,18.5,16.9,39.1,25.0,64.6,2026,23409.0845154775,0.8236,Riga Stradiņš University,100.0,8295.0,153193.0
1919.0,Latvia University of Life Sciences and Technologies,Latvia,"3,998",14.1,8%,49 : 51,19.4345,21.7,15.8,17.9,24.9,27.8,2026,23409.0845154775,0.8236,Latvia University of Life Sciences and Technologies,100.0,4851.0,59314.0
1116.0,University of the South Pacific,Fiji,"10,583",32.6,19%,59 : 41,33.412,16.1,17.2,56.8,28.8,73.1,2026,6425.74151715712,1.5,University of the South Pacific,100.0,6024.0,197817.0
1188.0,Sumy State University,Ukraine,"7,608",13.1,7%,39 : 61,32.25449999999999,20.6,16.4,56.1,21.6,49.7,2026,5389.47314453125,0.36988,Sumy State University,100.0,10860.0,182015.0
1230.0,I. Horbachevsky Ternopil National Medical University,Ukraine,"5,206",8.0,18%,71 : 29,31.6825,24.9,9.8,60.0,16.5,37.8,2026,5389.47314453125,0.36988,I.Horbachevsky Ternopil National Medical University,100.0,4621.0,38937.0
1641.0,Kyiv National University of Construction and Architecture,Ukraine,"6,697",7.1,3%,42 : 58,25.063,22.6,9.1,41.4,19.3,34.2,2026,5389.47314453125,0.36988,Kyiv National University of Construction and Architecture,100.0,4847.0,32349.0
1764.0,Dnipro University of Technology,Ukraine,"13,079",20.8,0%,27 : 73,22.9055,13.0,7.6,47.1,17.6,27.1,2026,5389.47314453125,0.36988,Dnipro University of Technology,100.0,4055.0,28697.0
1803.0,Taras Shevchenko National University of Kyiv,Ukraine,"25,696",11.2,5%,56 : 44,22.199,25.7,15.4,22.4,28.6,30.5,2026,5389.47314453125,0.36988,Taras Shevchenko National University of Kyiv,100.0,39476.0,560234.0
1804.0,"State University ""Kyiv Aviation Institute""",Ukraine,"15,407",10.5,4%,40 : 60,22.154,22.3,9.0,34.8,17.2,24.5,2026,5389.47314453125,0.36988,"State University ""Kyiv Aviation Institute""",100.0,12607.0,68150.0
1849.0,Lviv Polytechnic National University,Ukraine,"25,087",12.8,1%,45 : 55,21.216,20.2,12.0,29.3,23.3,27.4,2026,5389.47314453125,0.36988,Lviv Polytechnic National University,100.0,23818.0,239312.0
1871.0,Kharkiv National University of Radio Electronics,Ukraine,"7,129",11.6,6%,30 : 70,20.7025,20.8,9.0,30.0,18.6,29.5,2026,5389.47314453125,0.36988,Kharkiv National University of Radio Electronics,100.0,6157.0,52334.0
1908.0,V.N. Karazin Kharkiv National University,Ukraine,"17,491",8.3,27%,51 : 49,19.6645,26.8,11.2,12.1,35.2,46.3,2026,5389.47314453125,0.36988,V. N. Karazin Kharkiv National University,100.0,22770.0,205122.0
2000.0,National Technical University Kharkiv Polytechnic Institute,Ukraine,"11,572",8.5,13%,28 : 72,17.848000000000003,24.5,9.2,15.7,19.0,33.1,2026,5389.47314453125,0.36988,"National Technical University ""Kharkiv Polytechnic Institute""",100.0,10748.0,93600.0
2002.0,Kharkiv Aviation Institute,Ukraine,"4,827",12.6,12%,14 : 86,17.7735,21.3,10.7,17.4,18.8,32.2,2026,5389.47314453125,0.36988,,,,
2025.0,Vasyl Stefanyk Carpathian National University,Ukraine,"14,265",17.3,0%,67 : 33,17.3045,16.2,10.1,24.0,16.6,23.1,2026,5389.47314453125,0.36988,Vasyl Stefanyk Carpathian National University,100.0,7018.0,85184.0
2029.0,National Technical University of Ukraine – Igor Sikorsky Kyiv Polytechnic Institute,Ukraine,"23,940",11.1,2%,22 : 78,17.1035,21.6,10.6,16.7,24.0,22.5,2026,5389.47314453125,0.36988,National Technical University of Ukraine “Igor Sikorsky Kyiv Polytechnic Institute”,100.0,21487.0,174008.0
2052.0,"National Pirogov Memorial Medical University, Vinnytsya",Ukraine,"5,026",5.2,17%,60 : 40,16.6435,29.9,9.0,4.6,18.2,41.4,2026,5389.47314453125,0.36988,"National Pirogov Memorial Medical University, Vinnytsya",100.0,4079.0,20933.0
2053.0,National University of Life and Environmental Sciences of Ukraine,Ukraine,"19,154",14.5,1%,35 : 65,16.612,16.7,9.2,20.5,23.5,25.7,2026,5389.47314453125,0.36988,National University of Life and Environmental Sciences of Ukraine,100.0,10934.0,83743.0
2092.0,Ivan Franko National University of Lviv,Ukraine,"21,946",13.2,1%,66 : 34,15.696,20.5,11.1,11.5,18.8,29.7,2026,5389.47314453125,0.36988,,,,
2095.0,Bogomolets National Medical University,Ukraine,"10,627",7.9,8%,,15.567,24.0,9.9,9.8,17.4,26.4,2026,5389.47314453125,0.36988,Bogomolets National Medical University,100.0,9189.0,60783.0
2109.0,Odesa I.I. Mechnikov National University,Ukraine,"5,839",7.8,3%,65 : 35,15.1165,24.7,9.1,8.5,16.9,26.2,2026,5389.47314453125,0.36988,Odesa I. I. Mechnikov National University,100.0,7339.0,90566.0
2129.0,Ukrainian State University of Science and Technologies,Ukraine,"15,419",13.0,0%,34 : 66,14.6955,19.8,8.9,12.0,20.9,24.5,2026,5389.47314453125,0.36988,Ukrainian State University of Science and Technologies,100.0,1771.0,2540.0
2154.0,Yuriy Fedkovych Chernivtsi National University,Ukraine,"13,628",13.9,0%,47 : 53,14.070499999999996,17.9,10.0,10.1,17.5,28.8,2026,5389.47314453125,0.36988,Yuriy Fedkovych Chernivtsi National University,100.0,9664.0,92913.0
2169.0,Oles Honchar Dnipro National University,Ukraine,"8,236",11.9,1%,54 : 46,13.4545,19.2,9.5,9.1,17.7,21.3,2026,5389.47314453125,0.36988,Oles Honchar Dnipro National University,100.0,9215.0,61022.0
2174.0,Uzhhorod National University,Ukraine,"17,132",13.9,6%,56 : 44,13.19,17.6,9.2,6.9,17.0,34.4,2026,5389.47314453125,0.36988,Uzhhorod National University,100.0,8209.0,66670.0
1197.0,University of Botswana,Botswana,"18,913",25.1,5%,61 : 39,32.157,14.5,13.2,62.9,19.1,58.9,2026,7695.75319445165,0.561,University of Botswana,100.0,15549.0,316428.0
1498.0,Botswana International University of Science and Technology (BIUST),Botswana,"2,491",12.2,10%,37 : 63,27.2845,23.7,14.1,33.1,19.6,73.2,2026,7695.75319445165,0.561,Botswana International University of Science and Technology,95.0,4118.0,87501.0
1254.0,University of Tripoli,Libya,"71,060",18.9,2%,63 : 37,31.1755,14.6,10.7,66.1,17.2,43.3,2026,6569.16408678648,1.5,University of Tripoli,100.0,7194.0,149179.0
1269.0,University of Zagreb,Croatia,"62,046",15.8,4%,61 : 39,30.8685,27.6,19.1,41.8,57.5,31.3,2026,24050.4397933135,1.38621,University of Zagreb,100.0,108696.0,3286379.0
1487.0,University of Split,Croatia,"18,811",15.0,3%,59 : 41,27.4225,22.2,15.3,42.3,28.6,34.7,2026,24050.4397933135,1.38621,University of Split,100.0,25297.0,1659435.0
1655.0,University of Rijeka,Croatia,"12,749",15.6,5%,59 : 41,24.6965,20.1,19.4,31.3,36.4,30.6,2026,24050.4397933135,1.38621,University of Rijeka,100.0,23230.0,631077.0
1311.0,Austral University,Argentina,"6,488",10.8,8%,55 : 45,30.2045,23.0,11.8,50.6,22.0,52.5,2026,13969.7836603737,0.60111,Austral University,100.0,5051.0,120089.0
1759.0,National University of San Martín,Argentina,"16,968",16.5,5%,60 : 40,23.022,22.0,11.2,29.3,27.6,45.2,2026,13969.7836603737,0.60111,National University of San Juan,92.0,6290.0,145714.0
1776.0,National University of La Plata,Argentina,"48,850",13.1,25%,60 : 40,22.7335,23.5,12.4,21.5,26.5,62.6,2026,13969.7836603737,0.60111,National University of Mar del Plata,93.0,19886.0,669460.0
1940.0,Pontifical Catholic University of Argentina,Argentina,"18,296",4.2,10%,55 : 45,18.9435,24.5,8.2,17.2,16.7,46.8,2026,13969.7836603737,0.60111,,,,
1957.0,National University of Córdoba,Argentina,"168,371",15.8,1%,65 : 35,18.6535,18.9,10.4,21.2,21.3,38.0,2026,13969.7836603737,0.60111,National University of Comahue,88.0,11984.0,337424.0
2003.0,National University of Cuyo,Argentina,"37,486",17.2,3%,62 : 38,17.7545,17.0,10.3,19.3,23.5,40.3,2026,13969.7836603737,0.60111,National University of Jujuy,91.0,3247.0,48897.0
2106.0,Universidad Nacional del Litoral,Argentina,"50,839",34.9,1%,63 : 37,15.342,13.5,9.6,16.9,25.2,33.3,2026,13969.7836603737,0.60111,Universidad Nacional del Litoral,100.0,14343.0,500012.0
2159.0,National University of Rosario (UNR),Argentina,"90,716",19.0,7%,66 : 34,13.701999999999998,15.0,8.7,9.4,21.1,41.2,2026,13969.7836603737,0.60111,National University of Rosario,94.0,23929.0,656053.0
2178.0,National University of Quilmes,Argentina,"48,698",36.3,2%,54 : 46,13.013999999999998,12.7,9.2,10.8,22.3,32.9,2026,13969.7836603737,0.60111,National University of Quilmes,100.0,7857.0,171729.0
1326.0,Comenius University Bratislava,Slovakia,"22,226",10.4,17%,65 : 35,29.9305,29.4,17.0,37.2,30.0,52.9,2026,,1.5,Comenius University Bratislava,100.0,45024.0,2612156.0
1336.0,University of Žilina,Slovakia,"7,418",15.1,7%,33 : 67,29.7455,26.2,19.6,39.9,45.5,33.9,2026,,1.5,University of Žilina,100.0,14797.0,263219.0
1411.0,Slovak University of Agriculture in Nitra,Slovakia,"4,478",12.5,5%,54 : 46,28.5155,27.5,19.3,34.0,22.9,49.2,2026,,1.5,Slovak University of Agriculture in Nitra,100.0,7794.0,244197.0
1429.0,Pavol Jozef Šafárik University in Košice,Slovakia,"6,854",9.1,25%,67 : 33,28.335,41.7,11.2,24.5,24.7,59.3,2026,,1.5,University of Pavol Jozef Šafárik,87.0,13964.0,535785.0
1552.0,Technical University of Košice,Slovakia,"11,397",16.8,41%,25 : 75,26.2915,26.8,16.8,26.4,42.9,51.7,2026,,1.5,Technical University of Košice,100.0,19161.0,426158.0
1631.0,Slovak University of Technology in Bratislava,Slovakia,"10,809",12.9,19%,33 : 67,25.2725,28.7,14.5,24.7,45.4,45.0,2026,,1.5,Slovak University of Technology in Bratislava,100.0,27565.0,786971.0
1925.0,Matej Bel University,Slovakia,"6,194",14.8,12%,65 : 35,19.29,18.9,14.2,18.0,21.1,44.7,2026,,1.5,Matej Bel University,100.0,4516.0,46933.0
1344.0,University of Mauritius,Mauritius,"9,108",26.0,7%,58 : 42,29.558,27.5,14.9,42.2,41.3,37.5,2026,11990.7798944837,0.26181,University of Mauritius,100.0,6710.0,217882.0
1393.0,Universidade Eduardo Mondlane,Mozambique,"41,967",24.9,1%,44 : 56,28.713,11.3,8.7,60.3,21.1,52.3,2026,656.776824637306,0.30814,Eduardo Mondlane University,89.0,7396.0,269507.0
1422.0,The University of the West Indies,Jamaica,"22,060",15.6,1%,71 : 29,28.416,21.0,12.0,45.4,29.4,52.6,2026,7753.8006955432,0.06096,University of the West Indies,94.0,5313.0,349291.0
1428.0,University of El Oued,Algeria,"22,276",19.9,0%,62 : 38,28.337,19.8,8.9,53.0,17.5,44.2,2026,5752.99076651465,0.44395,,,,
1472.0,Université Djillali Liabès de Sidi Bel-Abbès,Algeria,"29,211",17.9,1%,55 : 45,27.689499999999995,25.5,9.7,46.3,17.6,36.8,2026,5752.99076651465,0.44395,Université Djilali de Sidi Bel Abbès,91.0,9022.0,229025.0
1558.0,Hassiba Benbouali University of Chlef,Algeria,"30,568",20.5,1%,66 : 34,26.228,16.2,12.0,45.2,31.1,42.2,2026,5752.99076651465,0.44395,Hassiba Benbouali University of Chlef,100.0,4207.0,66653.0
1671.0,Université de Skikda,Algeria,"28,640",23.6,0%,69 : 31,24.489,13.0,7.7,48.6,16.9,42.2,2026,5752.99076651465,0.44395,University of Skikda,87.0,4509.0,76761.0
1701.0,University of Oum El Bouaghi,Algeria,"12,471",11.0,0%,63 : 37,24.07,23.8,14.5,30.8,30.1,32.0,2026,5752.99076651465,0.44395,,,,
1762.0,Badji Mokhtar University – Annaba,Algeria,"30,510",9.0,2%,75 : 25,22.922,39.9,8.8,17.0,21.3,35.3,2026,5752.99076651465,0.44395,Badji Mokhtar-Annaba University,100.0,13771.0,257899.0
1826.0,Ferhat Abbas Sétif University 1,Algeria,"40,578",25.2,0%,63 : 37,21.5395,15.3,8.5,36.0,20.9,39.0,2026,5752.99076651465,0.44395,University Ferhat Abbas of Setif,90.0,11095.0,273055.0
1869.0,Université Kasdi Merbah Ouargla,Algeria,"27,341",20.0,0%,60 : 40,20.714,28.2,10.2,21.0,17.3,32.6,2026,5752.99076651465,0.44395,,,,
1874.0,Université 8 Mai 1945 Guelma,Algeria,"16,676",16.1,1%,70 : 30,20.640500000000003,18.7,8.6,30.6,19.5,35.6,2026,5752.99076651465,0.44395,,,,
1884.0,University of Science and Technology of Oran Mohamed-Boudiaf,Algeria,"19,249",10.3,1%,52 : 48,20.4415,38.6,8.4,11.1,22.4,31.9,2026,5752.99076651465,0.44395,,,,
1936.0,University of Mascara,Algeria,"22,010",22.2,0%,63 : 37,19.0015,15.7,8.0,27.1,17.0,43.2,2026,5752.99076651465,0.44395,,,,
1970.0,University of Biskra,Algeria,"28,193",17.5,0%,63 : 37,18.4915,18.2,8.3,23.6,18.7,38.5,2026,5752.99076651465,0.44395,University of Biskra,100.0,7975.0,142797.0
1990.0,University of Abou Bekr Belkaïd Tlemcen,Algeria,"40,061",15.7,1%,60 : 40,17.993,27.3,8.2,13.7,20.1,35.3,2026,5752.99076651465,0.44395,University of Abou Bekr Belkaïd,88.0,11111.0,195607.0
2014.0,Larbi Tebessi University,Algeria,"14,303",15.4,0%,65 : 35,17.506499999999996,18.6,9.1,21.3,17.2,30.7,2026,5752.99076651465,0.44395,Université Larbi Tébessi,96.0,3854.0,55865.0
2018.0,University of Béjaïa,Algeria,"40,158",22.0,1%,60 : 40,17.421,17.4,8.7,19.0,19.5,43.8,2026,5752.99076651465,0.44395,University of Béjaïa,100.0,9045.0,233055.0
2019.0,University of Laghouat,Algeria,"25,934",22.6,0%,48 : 52,17.412499999999998,17.4,8.2,20.5,17.1,40.9,2026,5752.99076651465,0.44395,University of Laghouat,100.0,4549.0,90605.0
2023.0,Oran 1 University,Algeria,"23,895",18.8,1%,66 : 34,17.3265,26.2,8.8,11.5,19.2,37.7,2026,5752.99076651465,0.44395,Université d'Oran 2,86.0,6217.0,12723.0
2046.0,M’Hamed Bougara University of Boumerdès,Algeria,"32,622",21.3,1%,59 : 41,16.7365,15.7,8.6,20.9,22.4,32.6,2026,5752.99076651465,0.44395,,,,
2054.0,Université Frères Mentouri Constantine 1,Algeria,"29,573",15.3,1%,68 : 32,16.598999999999997,20.2,8.8,15.2,19.2,36.8,2026,5752.99076651465,0.44395,University Frères Mentouri Constantine 1,99.0,13778.0,240361.0
2064.0,University Mohamed Boudiaf of M’Sila,Algeria,"32,500",17.5,1%,55 : 45,16.419999999999998,18.5,9.8,15.7,18.7,35.5,2026,5752.99076651465,0.44395,University Mohamed Boudiaf of M'sila,100.0,5656.0,90206.0
2078.0,University of Sciences and Technology Houari Boumediene,Algeria,"36,291",13.7,1%,59 : 41,15.994999999999996,19.7,8.3,14.5,25.1,32.3,2026,5752.99076651465,0.44395,University of Sciences and Technology Houari Boumediene,100.0,18624.0,430355.0
2084.0,Blida 1 University,Algeria,"31,068",22.5,2%,65 : 35,15.8545,18.3,8.2,15.7,18.2,35.2,2026,5752.99076651465,0.44395,University of Blida,86.0,8670.0,150600.0
2096.0,Ibn Khaldoun University,Algeria,"28,529",25.2,0%,63 : 37,15.5645,13.7,8.5,19.2,17.2,34.8,2026,5752.99076651465,0.44395,Université IBN Khaldoun Tiaret,85.0,3294.0,48490.0
2105.0,University Abdelhamid Ibn Badis Mostaganem,Algeria,"24,978",18.9,1%,68 : 32,15.346999999999998,22.1,7.9,10.7,16.6,35.5,2026,5752.99076651465,0.44395,,,,
2110.0,University of Jijel,Algeria,"22,568",21.1,0%,70 : 30,15.098,15.9,8.7,15.5,17.3,33.9,2026,5752.99076651465,0.44395,University of Jijel,100.0,4302.0,86980.0
2153.0,University of Batna 2,Algeria,"25,264",13.1,1%,56 : 44,14.0895,20.2,7.6,10.3,17.1,28.7,2026,5752.99076651465,0.44395,University of Batna 1,95.0,9116.0,129780.0
2158.0,Ziane Achour University of Djelfa,Algeria,"24,721",16.0,0%,47 : 53,13.782,17.7,8.4,10.2,16.8,31.9,2026,5752.99076651465,0.44395,Ziane Achour University of Djelfa,100.0,3248.0,37618.0
2170.0,Université Mouloud Mammeri de Tizi-Ouzou,Algeria,"39,859",16.3,1%,63 : 37,13.4355,18.2,8.0,6.6,17.1,41.1,2026,5752.99076651465,0.44395,Mouloud Mammeri University of Tizi-Ouzou,91.0,6740.0,96314.0
1491.0,Ilia State University,Georgia,"16,579",12.2,5%,61 : 39,27.343499999999995,18.9,9.7,47.6,17.5,53.0,2026,9241.49122313713,0.26435,Ilia State University,100.0,14234.0,173892.0
1924.0,Georgian Technical University,Georgia,"17,297",13.8,3%,24 : 76,19.3635,29.8,9.0,14.5,17.0,39.1,2026,9241.49122313713,0.26435,Georgian Technical University,100.0,5494.0,91897.0
2048.0,Ivane Javakhishvili Tbilisi State University,Georgia,"24,977",32.5,5%,59 : 41,16.7215,15.0,12.2,15.9,18.9,43.1,2026,9241.49122313713,0.26435,,,,
1534.0,Medical University of Sofia,Bulgaria,"10,870",5.2,29%,55 : 45,26.718499999999995,26.4,7.3,37.8,45.9,48.5,2026,17596.0173663521,0.79224,Medical University of Sofia,100.0,11689.0,459175.0
1819.0,Sofia University,Bulgaria,"21,579",7.4,8%,65 : 35,21.7595,27.1,12.3,21.7,24.7,36.0,2026,17596.0173663521,0.79224,,,,
1899.0,Technical University of Sofia,Bulgaria,"10,396",10.5,8%,29 : 71,20.081,22.9,11.5,22.1,37.7,24.7,2026,17596.0173663521,0.79224,Technical University of Sofia,100.0,12087.0,105917.0
2137.0,Trakia University,Bulgaria,"7,188",11.7,9%,67 : 33,14.436,20.9,10.3,8.3,19.4,26.9,2026,17596.0173663521,0.79224,Trakia University,100.0,5465.0,85862.0
2140.0,Paisii Hilendarski University of Plovdiv,Bulgaria,"21,840",35.1,2%,67 : 33,14.355499999999996,13.6,12.5,13.7,21.9,23.1,2026,17596.0173663521,0.79224,,,,
1561.0,University of Havana,Cuba,"16,451",11.1,3%,62 : 38,26.193,30.8,23.0,14.4,55.8,51.8,2026,9605.27914559614,0.43839,University of Havana,100.0,23871.0,347799.0
1578.0,University of Nairobi,Kenya,"52,216",23.3,2%,45 : 55,25.8745,15.9,16.1,39.7,22.5,49.4,2026,2132.43452097647,0.81069,University of Nairobi,100.0,32713.0,896383.0
1809.0,Kenyatta University,Kenya,"55,018",27.6,5%,58 : 42,21.9085,14.3,9.1,34.2,17.4,54.6,2026,2132.43452097647,0.81069,Kenyatta University,100.0,13618.0,179948.0
1637.0,University of Zimbabwe,Zimbabwe,"24,488",19.1,1%,58 : 42,25.0865,14.2,10.6,43.8,20.9,51.3,2026,2497.20332208763,1.5,University of Zimbabwe,100.0,17143.0,551686.0
1645.0,Muhimbili University of Health and Allied Sciences,Tanzania,"5,254",11.8,6%,32 : 68,24.978,21.6,14.9,30.3,27.5,54.6,2026,1186.71691894531,0.51456,Muhimbili University of Health and Allied Sciences,100.0,10315.0,389271.0
1902.0,University of Dar es Salaam,Tanzania,"38,201",20.9,0%,48 : 52,19.8625,14.5,11.1,26.5,21.9,47.2,2026,1186.71691894531,0.51456,University of Dar es Salaam,100.0,15025.0,289864.0
1673.0,Tribhuvan University,Nepal,"499,671",19.6,0%,52 : 48,24.4355,13.6,7.8,46.7,18.1,45.7,2026,1447.31004458428,0.30221,Tribhuvan University,100.0,30814.0,501189.0
1728.0,University of Costa Rica,Costa Rica,"30,813",14.6,2%,52 : 48,23.6415,20.9,10.2,33.9,23.2,45.6,2026,18587.1532203482,0.33738,Latin University of Costa Rica,89.0,653.0,13737.0
2061.0,Tecnológico de Costa Rica,Costa Rica,"10,169",12.8,2%,38 : 62,16.478,20.1,8.6,14.7,17.8,39.1,2026,18587.1532203482,0.33738,,,,
2071.0,National University of Costa Rica,Costa Rica,"19,328",10.4,3%,56 : 44,16.156499999999998,21.6,9.2,10.1,17.6,45.1,2026,18587.1532203482,0.33738,Latin University of Costa Rica,92.0,653.0,13737.0
1781.0,University of Zambia,Zambia,"29,300",31.2,5%,62 : 38,22.652,16.4,11.1,31.1,24.0,57.4,2026,1187.10943350064,0.27819,University of Zambia,100.0,18422.0,420957.0
1837.0,University of Rwanda,Rwanda,"30,597",22.5,3%,38 : 62,21.317,14.1,14.9,25.6,21.1,57.5,2026,999.65456165547,0.78149,University of Rwanda,100.0,12159.0,200724.0
1847.0,Universidad Nacional de Asunción,Paraguay,"52,870",8.9,1%,56 : 44,21.218,22.4,9.6,24.9,20.4,47.2,2026,6416.09708970845,0.14117,Universidad Nacional de Asunción,100.0,9305.0,156766.0
1860.0,Saints Cyril and Methodius University in Skopje,North Macedonia,"26,028",12.2,0%,57 : 43,21.0005,21.3,10.2,23.9,32.6,43.8,2026,9291.85661671864,0.37363,Ss. Cyril and Methodius University in Skopje,89.0,17319.0,363689.0
1880.0,Belarusian State University,Belarus,"23,445",8.3,22%,58 : 42,20.5105,24.7,11.1,10.9,45.0,65.8,2026,8317.63399913792,0.5872,Belarusian State University,100.0,19654.0,474179.0
1891.0,University of Namibia,Namibia,"25,403",18.7,3%,63 : 37,20.2855,14.5,9.0,27.2,17.7,60.4,2026,4413.12752211572,0.64636,University of Namibia,100.0,7496.0,156164.0
1897.0,University of Sarajevo,Bosnia and Herzegovina,"21,375",13.0,3%,,20.1415,21.2,11.5,23.4,33.0,29.5,2026,9358.78768951134,0.21437,University of Sarajevo,100.0,17718.0,309463.0
1910.0,University of Montenegro,Montenegro,"15,557",21.1,2%,61 : 39,19.6475,14.0,12.1,24.3,27.4,48.3,2026,13263.3281277699,0.36328,University of Montenegro,100.0,13800.0,241290.0
1977.0,Central University of Venezuela,Venezuela,"27,604",7.8,1%,54 : 46,18.2915,24.2,8.6,14.1,19.4,48.7,2026,,1.5,Central University of Venezuela,100.0,24910.0,597596.0
2104.0,"University of the Andes, Venezuela",Venezuela,"24,855",14.5,1%,60 : 40,15.354500000000002,17.3,8.6,10.0,24.8,50.2,2026,,1.5,,,,
1989.0,Université Cheikh Anta Diop de Dakar (UCAD),Senegal,"92,109",62.2,5%,45 : 55,18.0325,16.3,10.7,17.5,23.9,52.2,2026,1773.21829923448,0.5772,,,,
1999.0,Yerevan State University,Armenia,"14,333",7.2,3%,53 : 47,17.864,25.4,9.1,12.4,22.3,41.6,2026,8556.21406956719,0.2861,Yerevan State University,100.0,10587.0,152396.0
2017.0,University of Prishtina,Kosovo,"25,093",27.0,2%,68 : 32,17.4715,13.5,12.6,20.0,20.5,40.2,2026,7023.06598512878,1.5,,,,
2036.0,National University of Mongolia,Mongolia,"15,781",18.4,7%,62 : 38,17.000999999999994,15.6,9.4,15.5,21.7,55.4,2026,6750.6301157724,0.08365,National University of Mongolia,100.0,7462.0,97558.0
2156.0,Damascus University,Syria,"163,499",56.8,7%,69 : 31,13.883499999999998,12.5,8.3,12.1,18.1,45.8,2026,,1.5,Damascus University,100.0,8192.0,131011.0
